cluster_id,repair_count,avg_lat,avg_lon,nearest_d_final,nearest_pipe,nearest_type,nearest_dist,max_d_final,max_d_pipe,avg_d_final,pipe_count,d_final_quartile
0,1,35.8932559,128.6040557,0.0070897867039425,211474,SPLY_LS,4.621350598258002,0.0073472497503581,38040,0.0070859727610253515,4,Q2
1,1,35.8948401,128.6108953,0.006869603374655,107356,SPLY_LS,6.737224928042945,0.0082792024396184,107353,0.007544977963402752,2,Q2
2,1,35.890437,128.6039201,0.0069635016621713,38892,SPLY_LS,4.883450653252777,0.0212820934514557,73313,0.009238179735879343,5,Q3
3,2,35.89857815,128.6041736,0.0068635454206217,143359,SPLY_LS,9.015220127333155,0.0068635454206217,143359,0.0068635454206217,1,Q1
4,1,35.8954174,128.6096018,0.0067649871684644,177229,SPLY_LS,8.558543630763705,0.0067649871684644,177229,0.0067649871684644,1,Q1
6,1,35.8979493,128.6042737,0.0072396045671509,106802,SPLY_LS,8.812847515462582,0.0072396045671509,106802,0.007235393876249936,2,Q2
9,5,35.893722159999996,128.59912624,0.0072293526449407,142115,SPLY_LS,6.912443816067607,0.0072293526449407,142115,0.0072293526449407,1,Q2
10,1,35.8966024,128.6001585,0.0077979053089096,244078,SPLY_LS,9.64138466572891,0.0077979053089096,244078,0.0077979053089096,1,Q3
11,2,35.89445215,128.60188240000002,0.006920396989242,211522,SPLY_LS,7.992494885631149,0.0069844715030558,106656,0.006940525076916843,3,Q1
12,1,35.8971662,128.6015565,0.0068586524577486,38056,SPLY_LS,3.9781801986054095,0.0069753845720058,3969,0.006883437875692971,3,Q1
14,1,35.8895649,128.6026112,0.0070287411671454,107443,SPLY_LS,8.893791381073694,0.0084115623745407,144002,0.007689111318565271,2,Q3
15,1,35.8936997,128.5981166,0.025675660663207,244038,PIPE_LM,7.263759318248757,0.025675660663207,244038,0.017315244204628127,2,Q4
16,3,35.892494166666665,128.5967628,0.0094393525258494,105133,SPLY_LS,4.762925088329334,0.0094393525258494,105133,0.0094393525258494,2,Q3
17,1,35.8927783,128.5970696,0.0075607809801206,142086,SPLY_LS,4.745546376651379,0.0160172524574484,243988,0.010841889284516237,4,Q4
18,1,35.8935219,128.6098311,0.0072615064009636,212288,SPLY_LS,7.1786927002714,0.0226167708260941,418135,0.011234572930153973,4,Q4
20,1,35.8952791,128.6085304,0.0069003591412856,143067,SPLY_LS,6.407128733255246,0.0287036873425774,37990,0.013568602578021815,3,Q4
21,1,35.8955801,128.6084953,0.0079568063267966,37926,SPLY_LS,4.927084806530631,0.0464824560737003,143127,0.01856014739627228,4,Q4
22,1,35.8962089,128.5996874,0.0065422408586243,244045,SPLY_LS,2.762706080118107,0.0070569339532234,210466,0.006653884779444088,3,Q1
23,1,35.8981373,128.6052037,0.0068861462491306,106788,SPLY_LS,8.000108643089112,0.0432973627238964,211681,0.018212906603163007,3,Q4
24,1,35.8983117,128.6039873,0.0070042763527801,4145,SPLY_LS,7.9499858225108415,0.0070988736349925,4144,0.007051143423946779,2,Q2
25,1,35.8977199,128.6035563,0.0174687512227239,143369,PIPE_LM,7.330268152550381,0.0174687512227239,143369,0.010412712931600909,3,Q4
26,1,35.8902294,128.6026617,0.0076319780555378,37842,SPLY_LS,6.676451898200213,0.0076319780555378,37842,0.0076319780555378,1,Q2
27,2,35.8915451,128.5961415,0.0089980305745229,2812,SPLY_LS,7.789519719468544,0.0215768368900334,463668,0.014891922675401861,2,Q4
28,2,35.8898263,128.6010129,0.0316953962852238,47811,PIPE_LM,7.6536700432939,0.0316953962852238,47811,0.0316953962852238,1,Q4
29,1,35.8910713,128.6032933,0.0070490120133337,143987,SPLY_LS,7.611230693162219,0.0070490120133337,143987,0.006910138737765799,2,Q1
30,5,35.89588604000001,128.60974242000003,0.0070299061583056,3801,SPLY_LS,5.680350560471637,0.0182935788516018,245327,0.01066455420346752,3,Q4
31,2,35.89277855,128.5978581,0.0088477933144969,36445,SPLY_LS,8.575769226431696,0.0088477933144969,36445,0.0088477933144969,1,Q3
32,1,35.898353,128.604123,0.0072510214805213,4143,SPLY_LS,8.858141751117563,0.0074211101899181,245670,0.007335731233445517,2,Q2
33,3,35.8962819,128.61074166666666,0.0071601521700217,72325,SPLY_LS,7.275870478236643,0.0071601521700217,72325,0.0071601521700217,1,Q2
35,1,35.8971656,128.6002114,0.0073938493967682,210471,SPLY_LS,8.353872122716698,0.0073938493967682,210471,0.007393849396768199,1,Q2
36,1,35.8955649,128.6090574,0.0071410463149936,72373,SPLY_LS,4.514895086383716,0.0124682733736618,72436,0.008139743772253027,4,Q3
38,1,35.897813,128.6048295,0.0073924514073759,38227,SPLY_LS,6.485340331841592,0.0073924514073759,38227,0.007091082769911289,3,Q2
40,2,35.89770705,128.60484,0.0073924514073759,38227,SPLY_LS,5.343417434158583,0.0073924514073759,38227,0.007130264065930515,3,Q2
43,1,35.8922299,128.6075294,0.0072994851127878,107386,SPLY_LS,8.489991730514662,0.0072994851127878,107386,0.0072994851127878,1,Q2
45,1,35.8945985,128.6014333,0.006920396989242,177433,SPLY_LS,6.752859782670978,0.006920396989242,177433,0.0069203969892420005,2,Q1
46,1,35.8918995,128.6034968,0.0073153289925672,73348,SPLY_LS,5.189532014331414,0.0131904558592006,106338,0.00835199795215128,5,Q3
47,1,35.8981031,128.6047695,0.0074241391669347,143355,SPLY_LS,7.3852396890737175,0.016012490452254,434486,0.00986598478699293,3,Q4
48,2,35.8924787,128.605816,0.006990296458857,205355,SPLY_LS,6.153777543990094,0.006990296458857,205355,0.006768200491961886,2,Q1
49,1,35.8964922,128.6065103,0.0070674188736657,37978,SPLY_LS,6.256293910710781,0.0070907186968707,3885,0.0070778371135161834,2,Q2
50,1,35.8945889,128.5984789,0.0932408960502303,299653,PIPE_LM,5.502989195814382,0.0932408960502303,299653,0.05255175186475405,2,Q4
51,3,35.89056696666667,128.60295126666668,0.0072510214805213,212347,SPLY_LS,7.634605157556201,0.0072510214805213,212347,0.0072510214805213,1,Q2
52,1,35.8973396,128.5996707,0.0151313769086036,308961,PIPE_LM,7.9646694687027555,0.0151313769086036,308961,0.01124968269519044,2,Q4
54,1,35.8899291,128.6016472,0.0073351338422915,246339,SPLY_LS,6.182372180883197,0.0073351338422915,246339,0.0073351338422915,1,Q2
55,1,35.8906833,128.6034433,0.0071254354334462,178220,SPLY_LS,6.287972594862327,0.0071310273910154,177194,0.007127623202313352,3,Q2
57,2,35.895324,128.6036788,0.0068675063905665,143155,SPLY_LS,7.906338767249576,0.0068675063905665,143155,0.006815581144372862,2,Q1
58,1,35.8887528,128.6024193,0.0072691953426213,178238,SPLY_LS,9.695228425407741,0.0072691953426213,178238,0.0072691953426213,1,Q2
59,1,35.8934943,128.6071291,0.0123209634288065,212291,PIPE_LM,8.520617949643464,0.0123209634288065,212291,0.008335742980092096,3,Q3
60,1,35.8973255,128.598688,0.03750403827788,308932,PIPE_LM,6.6926804314269654,0.03750403827788,308932,0.03188527058220608,2,Q4
61,1,35.896862,128.6102019,0.0071457062796346,72321,SPLY_LS,9.201659810930845,0.0164284324186314,37892,0.011668612910259555,2,Q4
62,1,35.8972847,128.6067763,0.0083320363325835,245409,SPLY_LS,8.336304367115167,0.0083320363325835,245409,0.0083320363325835,1,Q3
63,2,35.8933459,128.6080879,0.0072778162772071,107329,SPLY_LS,8.048803202343422,0.0078965428455231,4705,0.007566985294878699,2,Q2
64,3,35.8948698,128.6010136,0.0071452402831705,107614,SPLY_LS,9.721408102192813,0.0071452402831705,107614,0.007145240283170499,1,Q2
65,1,35.8952936,128.6095987,0.0060826931311393,177228,SPLY_LS,7.664555978494862,0.012615583318517,211249,0.00784836939871128,5,Q3
66,1,35.8933378,128.6098866,0.0128402832045764,143920,SPLY_LS,5.780904819271921,0.0226364347334925,418134,0.016663998365847234,2,Q4
67,1,35.8974779,128.6038346,0.0069744525790776,4146,SPLY_LS,6.601492939036523,0.0070494780097978,143364,0.00699793279916641,3,Q1
68,3,35.8951696,128.6090785,0.0076717303470403,3841,SPLY_LS,6.532143975649282,0.0172752730079525,110993,0.009402241907385965,5,Q3
69,1,35.8937156,128.6060161,0.0063842807773331,246324,SPLY_LS,7.670225134383818,0.0063842807773331,246324,0.0063842807773331,1,Q1
70,1,35.8946232,128.6089947,0.0092277085817665,215085,SPLY_LS,8.689152450464588,0.0092277085817665,215085,0.008764196499987862,2,Q3
71,1,35.8946812,128.60549,0.0071636471435025,143970,SPLY_LS,3.3961801468403148,0.0149619280483941,73276,0.008702838557917921,5,Q3
72,2,35.8958128,128.6122184,0.0071468712707948,143003,SPLY_LS,5.8612702130287495,0.0071468712707948,143003,0.007146871270794801,1,Q2
73,2,35.8941917,128.6098301,0.0070667198789695,178144,SPLY_LS,4.7323804751743825,0.0070667198789695,178144,0.006328742265586394,3,Q1
74,1,35.8958898,128.6102138,0.0058264702897658,106452,SPLY_LS,8.969727894881665,0.0058264702897658,106452,0.0058264702897658,1,Q1
75,3,35.8974475,128.6082208,0.0065855785297857,177244,SPLY_LS,8.133403815071064,0.0072612734027315,211362,0.006915131609187786,2,Q1
76,2,35.8976809,128.6005573,0.0280477722627098,210516,PIPE_LM,4.944639563561652,0.0280477722627098,210516,0.016251471019628233,3,Q4
77,3,35.8970081,128.6100978,0.0069199309927779,72322,SPLY_LS,8.926291457542606,0.0164284324186314,37892,0.0115395630564374,2,Q4
78,2,35.8945281,128.6102834,0.0070653218895772,107355,SPLY_LS,4.256010817464279,0.0287036873425774,177112,0.01230366146654199,3,Q4
79,1,35.8954018,128.6109694,0.0066237902398419,245334,SPLY_LS,6.205340360812504,0.0066237902398419,245334,0.0066237902398419,1,Q1
80,2,35.897172,128.6035242,0.0533045613371663,143187,PIPE_LM,9.061385970021849,0.0533045613371663,143187,0.023005949637691443,3,Q4
81,1,35.8958181,128.5988243,0.0068302266734385,142153,SPLY_LS,6.141061440203729,0.0069749185755417,71463,0.006890424044386265,2,Q1
82,1,35.8963146,128.608057,0.007295757141075,3823,SPLY_LS,6.716936443517385,0.007295757141075,3823,0.007295757141074999,2,Q2
83,2,35.8898124,128.6029721,0.0192476446952389,4789,PIPE_LM,5.617155530065516,0.0192476446952389,4789,0.012136403468316265,3,Q4
84,2,35.88985515,128.6014137,0.0070478470221735,245194,SPLY_LS,6.203849249389336,0.0070478470221735,245194,0.006891327233116794,2,Q1
86,1,35.896079,128.6124025,0.0079995042193581,106431,SPLY_LS,6.954533393362059,0.0079995042193581,106431,0.0079995042193581,1,Q3
87,1,35.8953808,128.6108597,0.0072943591516827,106460,SPLY_LS,5.240738920364394,0.0072943591516827,106460,0.0069131408583511045,3,Q1
88,1,35.8950228,128.6085868,0.0069756175702379,72378,SPLY_LS,4.110540632102869,0.096712976983588,3773,0.030090268208480358,4,Q4
89,1,35.8947785,128.6051035,0.0068686713817268,3935,SPLY_LS,3.55847185082414,0.0072475265070406,72470,0.007014306377571679,2,Q1
90,3,35.8976226,128.6048668,0.0068635454206217,38228,SPLY_LS,6.664178444348936,0.0068635454206217,38228,0.0068635454206217,1,Q1
91,2,35.8929263,128.6060014,0.0064210333937151,421834,SPLY_LS,7.347278538444051,0.0064210333937151,421834,0.0064210333937151,1,Q1
92,2,35.8961776,128.6111316,0.0074332260979847,143021,SPLY_LS,6.474758348069341,0.0074332260979847,143021,0.0074332260979847,1,Q2
93,2,35.89331525,128.6063746,0.0069665306391879,38857,SPLY_LS,7.890934012273522,0.0072973881286993,73295,0.007128223520085342,2,Q2
94,1,35.8968082,128.5991048,0.0082795675980129,105169,SPLY_LS,6.826391415269603,0.0082795675980129,105169,0.006522241329544823,2,Q1
95,1,35.8915979,128.5958797,0.0153199687198807,105130,SPLY_LS,9.970507087771368,0.0153199687198807,105130,0.015319968719880698,1,Q4
97,2,35.8980429,128.6054633,0.0074122562571001,177579,SPLY_LS,5.844528496747425,0.0074122562571001,177579,0.007239008377929259,2,Q2
100,1,35.8963925,128.6093905,0.0124682733736618,211441,PIPE_LM,8.32036984817156,0.0124682733736618,211441,0.008515326854286178,3,Q3
101,1,35.8948143,128.610655,0.0064589234348181,178152,SPLY_LS,9.445346679536843,0.0064589234348181,178152,0.0064589234348181,1,Q1
102,2,35.8951751,128.6108261,0.0214767589913084,211327,PIPE_LM,5.161181191635645,0.0214767589913084,211327,0.01211156985454187,3,Q4
103,3,35.896388566666666,128.59876443333334,0.0070243142007364,142147,SPLY_LS,6.050487648244403,0.0073863934533426,244064,0.0071735824358890084,4,Q2
104,3,35.8967871,128.6097942,0.0176827320666301,211326,PIPE_LM,3.7890456531726846,0.0176827320666301,211326,0.010686610763045681,4,Q4
105,1,35.894826,128.6093499,0.0087857037936415,143903,SPLY_LS,9.061325589192798,0.0087857037936415,143903,0.0087857037936415,1,Q3
106,2,35.8958578,128.6049185,0.0069635016621713,38020,SPLY_LS,8.559068871379221,0.0069635016621713,38020,0.0069635016621713,1,Q1
108,1,35.8899151,128.601287,0.0074211101899181,106318,SPLY_LS,6.336623017450321,0.0221838477670655,177107,0.011220906240801918,3,Q4
109,1,35.8950204,128.6087327,0.0069756175702379,72378,SPLY_LS,9.609121282521311,0.0069756175702379,72378,0.0069756175702379,1,Q1
110,1,35.8953002,128.6077841,0.0070236152060402,106502,SPLY_LS,6.915946044661139,0.0072412355547752,106503,0.007117548724748061,2,Q2
111,1,35.8964062,128.6085155,0.0127628932633723,245224,PIPE_LM,8.169453087619683,0.0164284324186314,255745,0.011196184546642413,4,Q4
112,2,35.8940844,128.6087432,0.0073664147943011,107342,SPLY_LS,6.748684496346703,0.0073664147943011,107342,0.006723898723155512,2,Q1
113,2,35.8976136,128.6049804,0.0072156057492497,106799,SPLY_LS,4.612098897983755,0.0072156057492497,106799,0.007215605749249701,1,Q2
114,1,35.8912066,128.6040328,0.0063394209661609,73352,SPLY_LS,3.636674101997017,0.0125810591760285,107418,0.00836795609507259,3,Q3
115,1,35.895108,128.6111366,0.008899460672454,177234,SPLY_LS,4.473815883248754,0.008899460672454,177234,0.00883044518146471,2,Q3
116,1,35.8955536,128.6113662,0.0084571368287297,3784,SPLY_LS,6.500342329858956,0.0084571368287297,3784,0.0084571368287297,1,Q3
118,2,35.8951425,128.6102863,0.0057270575196779,143028,SPLY_LS,5.630520135534468,0.0072943591516827,143029,0.006558893244647663,3,Q1
119,1,35.8929568,128.5974565,0.0113190897101259,175879,SPLY_LS,9.527260192158991,0.0113190897101259,175879,0.0113190897101259,1,Q4
120,1,35.8948223,128.6031508,0.0061953831387225,430987,SPLY_LS,8.756428279979028,0.0061953831387225,430987,0.006195383138722499,1,Q1
122,1,35.8966487,128.6079187,0.0073120670173185,37913,SPLY_LS,5.099784624513448,0.0073183579695839,177260,0.0073143181505693705,2,Q2
124,1,35.8921902,128.5974082,0.0094269337200811,175904,SPLY_LS,3.6498719348578623,0.0094269337200811,142105,0.008356685763315623,3,Q3
125,1,35.8954748,128.604678,0.0079351657482354,72458,SPLY_LS,7.993040433212565,0.0079351657482354,72458,0.0079351657482354,1,Q3
126,1,35.8935192,128.5982447,0.0068591184542127,36423,SPLY_LS,6.555873246450146,0.0068591184542127,36423,0.0068591184542127,1,Q1
127,1,35.8971881,128.5999924,0.0072666323620687,36474,SPLY_LS,6.418041838593027,0.0160397039126991,36931,0.010462831343679925,3,Q4
128,2,35.8926483,128.6068128,0.0249711413695159,99395,PIPE_LM,8.483864268728974,0.0249711413695159,99395,0.016477297064758364,2,Q4
129,4,35.89237925,128.598050425,0.0089077670594266,142102,SPLY_LS,8.875481394884464,0.0089077670594266,142102,0.0089077670594266,1,Q3
130,1,35.893374,128.5992472,0.0069770155596302,142063,SPLY_LS,7.605189740107397,0.0069770155596302,142063,0.0069770155596302,1,Q1
131,1,35.8963622,128.6108785,0.0071375513415128,37874,SPLY_LS,6.411250990056992,0.0071375513415128,37874,0.0070813277763469,2,Q2
132,1,35.897053,128.6060654,0.006953016741729,3867,SPLY_LS,7.991618437899772,0.006953016741729,3867,0.0069530167417290005,1,Q1
133,3,35.895344,128.6100321,0.0072880681994173,106458,SPLY_LS,7.632236919367613,0.0127628932633723,72224,0.008352269738077506,4,Q3
135,1,35.8929585,128.6094276,0.0104980605817356,212239,SPLY_LS,8.857296461988525,0.0104980605817356,212239,0.010498060581735602,1,Q4
136,1,35.8960729,128.6121391,0.0070170912555428,37859,SPLY_LS,5.752249145481764,0.0071468712707948,142999,0.007068912871321398,2,Q2
137,2,35.89471045,128.60908725000002,0.0068721663552075,143900,SPLY_LS,4.381943491383195,0.012615583318517,443322,0.008736220806825073,3,Q3
138,2,35.8975146,128.6045759,0.0070960776562079,143361,SPLY_LS,6.689120946529779,0.0070960776562079,38237,0.007023822768223645,3,Q1
139,3,35.8948747,128.6014267,0.006920396989242,38087,SPLY_LS,4.893178600382336,0.0072650013744444,177432,0.006982219810579165,4,Q1
140,3,35.8965185,128.6077883,0.0073120670173185,143051,SPLY_LS,7.448500422373984,0.0073120670173185,143051,0.0073120670173185,1,Q2
141,2,35.8938663,128.6102529,0.0075015674600096,143921,SPLY_LS,8.592600532798313,0.0075015674600096,143921,0.0075015674600096,1,Q2
142,1,35.8912764,128.5969392,0.0090673941482043,175895,SPLY_LS,6.083313220220448,0.0094466220706893,244020,0.009267852119966342,3,Q3
144,3,35.8968513,128.6079403,0.0073183579695839,245352,SPLY_LS,7.834342176831515,0.0073183579695839,245352,0.0073183579695839,1,Q2
145,1,35.8948146,128.609921,0.0055184466269953,73264,SPLY_LS,9.199269083748913,0.0162343340538362,3672,0.009097416417269409,3,Q3
146,2,35.895701200000005,128.60878885,0.006860283445373,72370,SPLY_LS,5.837301900564606,0.0121732498950612,3906,0.008540879003148694,3,Q3
147,1,35.890979,128.6032946,0.0070490120133337,143987,SPLY_LS,8.680370236980284,0.0070490120133337,143987,0.006995089791060591,2,Q1
148,2,35.8952327,128.6046783,0.0058670417497212,245452,SPLY_LS,9.418546372830946,0.0058670417497212,245452,0.0058670417497212,1,Q1
149,1,35.8943617,128.5993061,0.0070867577269259,243987,SPLY_LS,6.557049048836279,0.0777007467085252,210521,0.03326983721623323,3,Q4
150,1,35.8960952,128.6100066,0.0128859660722632,177221,PIPE_LM,7.021650116281242,0.0128859660722632,177221,0.008522309786204671,4,Q3
153,3,35.897518033333334,128.60666433333333,0.0067377263753145,245417,SPLY_LS,8.46468199155672,0.0067377263753145,245417,0.0067377263753145,1,Q1
154,2,35.89027725,128.60406135,0.0064455465923234,4800,SPLY_LS,4.864727823833232,0.0070441190504607,246364,0.00676257285058872,4,Q1
155,1,35.8975568,128.6076141,0.0071391823291372,177240,SPLY_LS,5.689780919994512,0.0073451527662697,177318,0.007174660778467732,3,Q2
156,1,35.8955517,128.6118181,0.0073358328369876,3775,SPLY_LS,6.330153698597641,0.0073358328369876,3775,0.0073358328369875995,1,Q2
157,1,35.8956685,128.6028173,0.0451096390958521,324843,PIPE_LM,9.857055860740036,0.0451096390958521,324843,0.04510963909585209,1,Q4
158,1,35.8941155,128.607839,0.0060932532654634,212263,SPLY_LS,6.842289068051871,0.0060932532654634,212263,0.0060932532654634,1,Q1
159,1,35.8963045,128.6079341,0.0071303283963193,106483,SPLY_LS,8.266018298618148,0.0071303283963193,106483,0.006032113767305818,2,Q1
160,1,35.8949517,128.5991657,0.0290311962401857,142070,PIPE_LM,8.835481297824526,0.0290311962401857,142070,0.0290311962401857,1,Q4
161,2,35.89690885,128.60017655000001,0.0069821415207353,71441,SPLY_LS,7.18014653641965,0.0069821415207353,71441,0.0069821415207353,1,Q1
162,1,35.8941678,128.6048861,0.0069010581359818,3933,SPLY_LS,7.0171013698777545,0.0069010581359818,3933,0.006708782517451557,2,Q1
163,2,35.897077,128.6077305,0.0073181249713518,3821,SPLY_LS,7.508188843289647,0.0539575075537303,3696,0.023653086642647828,3,Q4
164,3,35.8982751,128.60522816666665,0.0069385708513419,245658,SPLY_LS,7.964547948419918,0.0160397039126991,38252,0.009859640546108115,3,Q3
165,2,35.8930297,128.5985357,0.0073153289925672,210453,SPLY_LS,9.62434180910064,0.0073153289925672,210453,0.0073153289925672,1,Q2
166,3,35.892076833333334,128.6057973,0.0071354543574244,107376,SPLY_LS,6.976080519353077,0.0390515402931816,42328,0.023021045868175487,2,Q4
167,1,35.8930283,128.605446,0.0073763745293644,107397,SPLY_LS,6.2657220362744885,0.0154927281565411,177117,0.009151025879891549,7,Q3
169,1,35.8964225,128.6083507,0.0127628932633723,245224,PIPE_LM,6.814629555094971,0.0127628932633723,245224,0.00919368940349329,3,Q3
170,1,35.8943311,128.6089668,0.0089218285027308,73259,SPLY_LS,6.4428945066670895,0.0089218285027308,73259,0.008114438530257851,2,Q3
171,1,35.8958428,128.6037225,0.0071815880073703,38009,SPLY_LS,8.2023614391013,0.0129106067971176,37767,0.009029897818668437,3,Q3
172,1,35.8963248,128.6004439,0.0070450510433889,244082,SPLY_LS,8.184644773090296,0.0070450510433889,244082,0.0070450510433889,1,Q1
173,3,35.8938019,128.6078556,0.0071249694369821,212265,SPLY_LS,5.817449925914846,0.0129106067971176,38782,0.009581227272790186,2,Q3
174,3,35.8954002,128.6107026,0.0072943591516827,72341,SPLY_LS,7.313970986712995,0.0072943591516827,106460,0.006854037323147109,3,Q1
176,1,35.8917529,128.6062886,0.006735163394762,107379,SPLY_LS,6.762453282671117,0.0073227849359928,212301,0.006880596779580848,3,Q1
177,2,35.89648125,128.59851279999998,0.0070243142007364,244062,SPLY_LS,7.490306517124135,0.0070296731600735,105172,0.007025931844891369,3,Q1
178,1,35.8927563,128.6086165,0.006925289952115,178129,SPLY_LS,8.223560944481806,0.006925289952115,178129,0.006784628932059526,2,Q1
180,1,35.8948437,128.6038297,0.0074234401722386,3956,SPLY_LS,9.753343727204145,0.0074234401722386,3956,0.0074234401722386,1,Q2
181,1,35.8967631,128.6092371,0.0072510214805213,143046,SPLY_LS,7.715741530336739,0.0124682733736618,143126,0.00842209602520493,4,Q3
183,1,35.8961747,128.6118559,0.0067377263753145,3781,SPLY_LS,9.155753858832702,0.0067377263753145,3781,0.0067377263753145,1,Q1
185,1,35.8903724,128.6026803,0.0065802195704485,212350,SPLY_LS,5.084805279835573,0.0123209634288065,178216,0.008513696726055914,3,Q3
186,1,35.8984009,128.6055977,0.0074138872447245,245657,SPLY_LS,8.573749766593478,0.0074138872447245,245657,0.007412820936442176,3,Q2
187,1,35.8968395,128.6064995,0.0072396045671509,106537,SPLY_LS,8.332607240279042,0.0438277272643519,142921,0.019345214649703468,3,Q4
188,2,35.8956008,128.6100887,0.0099460602733954,106345,PIPE_LM,6.715133986183753,0.0099460602733954,106345,0.007832977078584377,4,Q3
189,2,35.89825955,128.6056315,0.0074122562571001,4123,SPLY_LS,6.678754745441977,0.0080513965613435,245237,0.007715524006150024,2,Q3
190,2,35.894937150000004,128.59817745,0.0283752811603181,105105,PIPE_LM,7.98373741901273,0.0283752811603181,105105,0.018736298142179208,2,Q4
192,1,35.8950317,128.6061481,0.0087191200408471,72392,SPLY_LS,6.932586115886097,0.0087191200408471,72392,0.00857061244800362,2,Q3
193,3,35.8952274,128.598819,0.0088619945567403,210524,SPLY_LS,3.0069319986840792,0.0088619945567403,210524,0.007762724504465305,2,Q3
194,2,35.895777949999996,128.61020805,0.0072636033850521,143022,SPLY_LS,5.980456883159832,0.0129632553818131,439879,0.00842480201566133,3,Q3
197,1,35.8938755,128.6048677,0.0055988610166736,177356,SPLY_LS,5.994290824668724,0.0055988610166736,177356,0.0055988610166736,1,Q1
198,1,35.8930714,128.6079041,0.0063886046145545,212258,SPLY_LS,8.319685955896999,0.0063886046145545,212258,0.0063886046145545,1,Q1
199,1,35.8923093,128.6083009,0.0084994478980842,4699,SPLY_LS,6.608979630247797,0.0084994478980842,4699,0.0084994478980842,1,Q3
200,1,35.8921406,128.6034955,0.008019190279409,38913,SPLY_LS,5.6124600453497395,0.008019190279409,38913,0.007644040706912086,3,Q3
203,2,35.8959027,128.6082557,0.0071543272142205,37933,SPLY_LS,7.538951437472747,0.0129737896179194,439876,0.009804492044329325,2,Q3
204,1,35.8970059,128.6089159,0.0073530747061594,106476,SPLY_LS,9.524198852899554,0.0073530747061594,106476,0.0073530747061594,1,Q2
205,1,35.8947789,128.6033482,0.0062026796140336,106603,SPLY_LS,8.534471653449199,0.0062026796140336,106603,0.0062026796140336,1,Q1
206,2,35.8924255,128.6048535,0.0129752900554134,4828,SPLY_LS,4.811261414374602,0.0129752900554134,4828,0.012044044693333172,2,Q4
207,1,35.8950531,128.6048475,0.1164735557738267,407187,PIPE_LM,8.683326002720962,0.1164735557738267,407187,0.1164735557738267,1,Q4
208,2,35.894484,128.6087472,0.0073714879735418,212274,SPLY_LS,8.674401200427003,0.0073714879735418,212274,0.0073714879735418,1,Q2
209,1,35.8917042,128.5975066,0.0093539353739797,142098,SPLY_LS,7.359632690007844,0.0093539353739797,142098,0.0093539353739797,1,Q3
210,1,35.895589,128.6002707,0.0070790687852682,105178,SPLY_LS,6.450407161489087,0.0290311962401857,243996,0.010926507306402494,5,Q4
212,1,35.8901454,128.6032536,0.0773712644328432,48168,PIPE_LM,8.113823174693827,0.0773712644328432,48168,0.0773712644328432,1,Q4
214,2,35.8971507,128.6089729,0.007147337267259,245342,SPLY_LS,6.843544766082053,0.0128859660722632,3694,0.008646516513246202,4,Q3
215,1,35.8929917,128.6067571,0.0056322033406331,38852,SPLY_LS,7.894814887827313,0.0464824560737003,215096,0.0236918482272319,5,Q4
216,3,35.8944692,128.5984373,0.0064683571192412,2950,SPLY_LS,9.643485888212927,0.0064683571192412,2950,0.005583901075290754,2,Q1
218,1,35.8951476,128.6104596,0.0072943591516827,143029,SPLY_LS,8.732620026154226,0.0080803059274333,143030,0.007666404692512833,2,Q3
219,1,35.8944829,128.6086036,0.0061923172965976,212275,SPLY_LS,8.064856382011786,0.0061923172965976,212275,0.0061923172965976,1,Q1
220,3,35.89503233333334,128.5979482,0.0072980871233955,176442,SPLY_LS,1.6020657831650116,0.0127628932633723,142071,0.00820992669970386,4,Q3
221,1,35.8919762,128.6057557,0.0216692294342273,42329,PIPE_LM,1.432714766786579,0.0390515402931816,42328,0.02190249410415278,3,Q4
222,2,35.8924384,128.6066901,0.0063796867002853,143925,SPLY_LS,8.136965323358567,0.0063796867002853,143925,0.0063796867002853,1,Q1
223,1,35.8926632,128.6087565,0.008717261198113,212253,SPLY_LS,3.585762671077106,0.008717261198113,212253,0.008717261198113,1,Q3
224,3,35.8968874,128.6031159,0.00707813679234,245479,SPLY_LS,8.048429811574191,0.00707813679234,245479,0.007075470631068677,2,Q2
226,1,35.8955456,128.6022247,0.0069110770599599,177419,SPLY_LS,6.022023082785662,0.0126577625347303,448649,0.008270093797900297,4,Q3
227,1,35.8905587,128.6027877,0.0068943011872523,212348,SPLY_LS,9.00141542489264,0.0639654736045996,38877,0.025845478890016323,3,Q4
228,1,35.8948435,128.6078796,0.0062899670779409,107333,SPLY_LS,6.716738123672888,0.0062899670779409,107333,0.0062899670779409,1,Q1
230,2,35.8902334,128.60391405000001,0.0064334306842568,38889,SPLY_LS,6.125458419849796,0.0070033443598519,4796,0.006665296671800919,2,Q1
231,3,35.8950004,128.6102705,0.0097459831450357,211358,SPLY_LS,5.596745107437098,0.0097459831450357,211358,0.0097459831450357,1,Q3
232,1,35.8918433,128.6064363,0.0073227849359928,212301,SPLY_LS,8.125999505379134,0.0073227849359928,212301,0.006359092430719209,2,Q1
233,3,35.89425706666666,128.60623416666667,0.0068700693711191,38865,SPLY_LS,8.737851875856595,0.0072086158022882,107402,0.0070366849827429075,2,Q1
234,1,35.8963222,128.6016409,0.0069012911342138,72517,SPLY_LS,8.682242170346564,0.0120259399502059,142932,0.008643005183445,3,Q3
236,1,35.8892791,128.6026847,0.0069481237788559,178202,SPLY_LS,4.464413448414848,0.0069481237788559,178202,0.0068162768062219325,3,Q1
237,1,35.8978484,128.6039147,0.0070042763527801,106804,SPLY_LS,7.956458402750436,0.0070042763527801,177607,0.007004276352780099,2,Q1
238,1,35.8959807,128.6123805,0.0709752717733486,37855,PIPE_LM,6.5810757701253975,0.0709752717733486,37855,0.030011974644965064,3,Q4
240,2,35.8947208,128.6107649,0.0073220859412967,73265,SPLY_LS,4.602987258486429,0.0124682733736618,72211,0.009689884907442261,2,Q3
241,2,35.89030775,128.60371045,0.0070292071636094,212354,SPLY_LS,6.850892073025038,0.0070292071636094,212354,0.0070292071636094,1,Q1
243,1,35.8944942,128.6004553,0.007407130295995,142171,SPLY_LS,6.387625692801477,0.007407130295995,142171,0.007181784362529403,4,Q2
244,1,35.8943564,128.6046949,0.0070452840416209,3941,SPLY_LS,6.370072580637698,0.0070452840416209,3941,0.0070452840416209,1,Q1
245,1,35.888788,128.6021374,0.0073302408794184,144001,SPLY_LS,4.811512820828187,0.0709752717733486,42425,0.023610623195267442,4,Q4
246,1,35.8921106,128.6071623,0.0062526739819062,244344,SPLY_LS,6.368981031822089,0.0062526739819062,244344,0.0062526739819062,1,Q1
250,1,35.8935898,128.6044517,0.005215781923562,3947,SPLY_LS,8.778476451185929,0.0073957133826246,72476,0.006299943398348115,2,Q1
251,3,35.89484863333333,128.60849043333334,0.0133431178619665,106330,PIPE_LM,6.707091705524145,0.0133431178619665,106330,0.009270848411271007,4,Q3
252,1,35.8899469,128.6035962,0.0059416279417907,246360,SPLY_LS,9.143159711587503,0.0059416279417907,246360,0.005941627941790701,1,Q1
253,1,35.892658,128.597828,0.0088477933144969,36445,SPLY_LS,5.463367075811456,0.0149547819794764,471694,0.010081266696289358,4,Q4
254,3,35.89413726666667,128.59786540000002,0.0072652343726764,142234,SPLY_LS,8.704036637846086,0.0072652343726764,142234,0.007265234372676399,1,Q2
255,1,35.8963482,128.6060171,0.0067449493205081,142922,SPLY_LS,6.266041461402327,0.0067449493205081,142922,0.0067449493205081,1,Q1
256,5,35.89055166,128.60331316000003,0.0073335028546671,3686,SPLY_LS,5.45575735384323,0.0073335028546671,3686,0.006923806542303181,2,Q1
257,1,35.8919494,128.6032447,0.0123209634288065,142915,PIPE_LM,6.978163143740451,0.0123209634288065,142915,0.01010073578913913,2,Q4
258,1,35.8939062,128.6061585,0.0068178777671398,73301,SPLY_LS,4.4450781211621,0.0074085282853873,107406,0.006446236050308049,3,Q1
259,1,35.8967216,128.6108766,0.0071249694369821,37870,SPLY_LS,8.471295020947135,0.0071249694369821,37870,0.0071249694369821,1,Q2
260,1,35.894585,128.6053741,0.006953016741729,212324,SPLY_LS,5.861715248041633,0.0149619280483941,73276,0.009358445414766036,3,Q3
263,1,35.8961785,128.600401,0.0071575891894692,175962,SPLY_LS,7.116554813112522,0.0071575891894692,175962,0.0071575891894692,1,Q2
264,2,35.8917379,128.6067056,0.0070555359638311,143938,SPLY_LS,8.17545384923788,0.0070555359638311,143938,0.007055535963831099,1,Q2
265,2,35.8980051,128.6067201,0.0067295714371928,245420,SPLY_LS,7.137503887419465,0.0067295714371928,245420,0.0067295714371928,1,Q1
266,1,35.8964534,128.607266,0.0071326583786398,72413,SPLY_LS,6.486592413723197,0.0072519534734495,143110,0.007184503948887526,2,Q2
267,3,35.88994066666667,128.60259390000002,0.0071492012531154,38901,SPLY_LS,7.552238159345834,0.0087906970977329,246379,0.0077785426608870285,5,Q3
268,2,35.894287,128.60983435,0.0070606619249362,143906,SPLY_LS,5.542938376232039,0.0070667198789695,178144,0.006977389351017937,3,Q1
269,2,35.8961893,128.6011194,0.0070007813792993,106633,SPLY_LS,5.072337916024094,0.0121732498950612,72237,0.0077684322775334515,5,Q3
270,1,35.894859,128.6107751,0.0082792024396184,107353,SPLY_LS,7.612742976842776,0.0082792024396184,107353,0.007407550984833319,2,Q2
271,1,35.8952507,128.598274,0.00726337038682,176443,SPLY_LS,9.166354504761111,0.00726337038682,176443,0.00726337038682,1,Q2
272,1,35.8944278,128.6099339,0.0070606619249362,143907,SPLY_LS,7.195332729227575,0.0162343340538362,73234,0.011399427462979353,2,Q4
273,1,35.8935602,128.5984186,0.0069770155596302,36450,SPLY_LS,5.871533685060096,0.0069770155596302,36450,0.006890727355346577,2,Q1
274,2,35.8940889,128.6099565,0.0060932532654634,73270,SPLY_LS,8.966260835083663,0.0079681563995028,212285,0.006993746612245824,2,Q1
275,2,35.89770685,128.6018282,0.0072102467899125,38053,SPLY_LS,8.589116626041443,0.0072102467899125,38053,0.007064413849848985,2,Q2
276,1,35.8950436,128.6055463,0.007411557262404,106515,SPLY_LS,7.493817422354003,0.0190147266574847,106356,0.01274626927689795,2,Q4
278,1,35.8965721,128.6112018,0.0073247988708425,37871,SPLY_LS,8.707332819287446,0.0073247988708425,37871,0.0073247988708425,1,Q2
281,3,35.89185536666667,128.60505253333332,0.0070490120133337,107415,SPLY_LS,5.942158336118091,0.0070490120133337,107415,0.007049012013333699,1,Q2
283,1,35.8970288,128.6009761,0.0070243142007364,177397,SPLY_LS,3.8277330131921468,0.0073178919731198,211499,0.007099274094349365,3,Q2
284,1,35.8947855,128.6115404,0.0113555882357891,4734,SPLY_LS,4.574133398232233,0.0113555882357891,4734,0.011355588235789098,1,Q4
285,1,35.8935864,128.6046368,0.0070650888913452,143172,SPLY_LS,7.765166252897871,0.0071408133167615,106592,0.0070005433886414,3,Q1
287,1,35.8968985,128.5996514,0.0072880681994173,36475,SPLY_LS,8.851762948074844,0.0340237672770658,176381,0.020133723122869443,2,Q4
288,1,35.8958679,128.6034297,0.0071729670727845,406871,SPLY_LS,7.870833890303466,0.0071729670727845,406871,0.0071729670727845,1,Q2
289,1,35.8968767,128.6080844,0.0073092710385339,106482,SPLY_LS,8.528246679362901,0.0073092710385339,106482,0.0073092710385339,1,Q2
291,1,35.8927626,128.6040563,0.0068239357211731,3954,SPLY_LS,5.470702718671084,0.0108101859742057,245467,0.008195890607866746,4,Q3
292,1,35.8919607,128.5968657,0.0092118763518987,175900,SPLY_LS,4.499547766254393,0.0158252248635795,142123,0.010574141541365765,4,Q4
293,1,35.8964988,128.6085216,0.0083062264222522,42492,SPLY_LS,8.415904722497455,0.0459506384797093,211434,0.026811677180192763,2,Q4
294,1,35.8957541,128.612599,0.0142610961155335,177205,SPLY_LS,6.629507506086181,0.0142610961155335,177205,0.009889979939538121,3,Q4
295,2,35.8959285,128.612761,0.0081173287836417,3779,SPLY_LS,6.398264136008693,0.0081173287836417,3779,0.0081173287836417,1,Q3
296,1,35.8945009,128.6106126,0.0061545769249454,212283,SPLY_LS,4.546524410560148,0.0123209634288065,450436,0.007823147244955421,3,Q3
297,1,35.8930396,128.6087085,0.0086194343809785,38791,SPLY_LS,5.300248903016066,0.0086194343809785,38791,0.008058726759496057,2,Q3
298,1,35.8959559,128.6044328,0.0070760398082516,245444,SPLY_LS,9.055791887844093,0.0070760398082516,245444,0.0070760398082516,1,Q2
299,2,35.8966439,128.6027469,0.007087456721622,245481,SPLY_LS,6.630073656677762,0.012615583318517,106362,0.008744235253702652,3,Q3
300,1,35.8940245,128.6093829,0.0061656567578252,4719,SPLY_LS,6.343196892866708,0.0074632828699192,178143,0.006458883595616912,4,Q1
301,1,35.89267,128.6042972,0.0107956468845258,211469,SPLY_LS,8.730095270128379,0.0107956468845258,211469,0.0107956468845258,1,Q4
302,2,35.8950104,128.610865,0.006628916200947,106463,SPLY_LS,7.90566818937998,0.006628916200947,106463,0.006628916200947,1,Q1
303,1,35.8974142,128.606475,0.0070366631070351,72420,SPLY_LS,7.271772027012159,0.0072477595052726,72421,0.007141095422021634,2,Q2
304,1,35.8952943,128.6093955,0.0065531917755307,3842,SPLY_LS,7.002256470665875,0.007443944016659,72379,0.007036009335038204,3,Q1
305,1,35.8942994,128.6059823,0.0078537834979163,38864,SPLY_LS,5.404800221158129,0.0078537834979163,38864,0.007561719344977177,2,Q2
307,1,35.8980531,128.6052826,0.0068861462491306,106789,SPLY_LS,8.351476943931752,0.0068861462491306,106789,0.0068861462491306,2,Q1
308,2,35.8980324,128.6046759,0.0071620161558781,177599,SPLY_LS,2.5349503967349722,0.016012490452254,434486,0.009760382835651909,4,Q3
310,1,35.8980786,128.6072778,0.0070366631070351,211430,SPLY_LS,7.133562405572021,0.007064389896649,106543,0.007049518927946119,2,Q2
311,1,35.8981994,128.60719,0.0072396045671509,245422,SPLY_LS,4.807481222219716,0.0072396045671509,245422,0.007239604567150901,1,Q2
312,3,35.8954183,128.6116362,0.0174250970661498,411762,PIPE_LM,7.48569029235383,0.0174250970661498,411762,0.010378388364527773,3,Q4
313,2,35.8965019,128.6100277,0.0070487790151017,211341,SPLY_LS,7.554813542231045,0.0070487790151017,211341,0.0070487790151017,1,Q2
314,1,35.8896873,128.6025124,0.0073360658352197,107442,SPLY_LS,7.019851200520803,0.0086727067930227,212366,0.007927670147092615,2,Q3
315,1,35.897229,128.6064352,0.0080084221336272,72402,SPLY_LS,6.897635401509447,0.0080084221336272,72402,0.0080084221336272,1,Q3
316,1,35.8966676,128.6094023,0.0070972426473681,3816,SPLY_LS,7.270566514339511,0.0124682733736618,143126,0.008753976910069376,3,Q3
317,1,35.8929835,128.5978688,0.0095895897858754,2823,SPLY_LS,7.547683706481327,0.0095895897858754,2823,0.00937941523250254,2,Q3
318,2,35.8896752,128.6029024,0.0069499877647123,107437,SPLY_LS,9.964890181737893,0.0069499877647123,107437,0.0069499877647123,1,Q1
319,1,35.8969769,128.6102656,0.0069199309927779,72322,SPLY_LS,8.383363740890415,0.0069199309927779,72322,0.0069199309927779,1,Q1
321,1,35.8924459,128.6078682,0.0067792000606195,246255,SPLY_LS,7.9987476944222475,0.0067792000606195,246255,0.0067792000606195,1,Q1
322,1,35.8931545,128.605574,0.006925056953883,4760,SPLY_LS,7.906025892370286,0.0073693845824029,143954,0.007128082568886147,2,Q2
323,1,35.8930412,128.6055699,0.0073693845824029,143954,SPLY_LS,6.243226726720229,0.0073693845824029,143954,0.007358450803103175,2,Q2
324,2,35.8966832,128.60572915,0.0069504537611764,106526,SPLY_LS,6.83581206487968,0.0071766950444973,3869,0.007051773088361184,3,Q2
325,1,35.8915586,128.6029318,0.0080936595867312,38908,SPLY_LS,5.521165285494758,0.0081859268866232,38907,0.007697908391776574,4,Q3
326,1,35.8902302,128.6035788,0.0065806855669126,246362,SPLY_LS,5.800493705058292,0.0069194649963138,107429,0.006283021721018737,3,Q1
327,1,35.8901375,128.6034434,0.0130382109657319,106340,PIPE_LM,2.0228840592384754,0.0130382109657319,106340,0.00940328057011397,4,Q3
328,1,35.8919728,128.6056276,0.0071913739331165,246299,SPLY_LS,8.399704185609096,0.0071913739331165,246299,0.0071913739331165,1,Q2
329,1,35.8967756,128.6080835,0.0073183579695839,245352,SPLY_LS,7.828557331669665,0.0131904558592006,211251,0.008570885616988301,4,Q3
330,1,35.8965674,128.6053964,0.0083469752646163,177304,SPLY_LS,7.394498491705265,0.0087082157235871,143098,0.008525697982866773,2,Q3
331,1,35.8979908,128.6069095,0.0071303283963193,245413,SPLY_LS,7.717000352134993,0.0071303283963193,245413,0.007081105812920845,2,Q2
332,1,35.8913697,128.6059763,0.0346707670947637,209453,PIPE_LM,4.449248348482165,0.0346707670947637,209453,0.018918568591613425,3,Q4
333,1,35.8957862,128.5993193,0.0071380173379769,105176,SPLY_LS,7.024423469007634,0.0148406614635289,210519,0.01080572098676109,2,Q4
334,1,35.8978547,128.6071543,0.0072202657138907,211428,SPLY_LS,6.1167587867725866,0.0072202657138907,211428,0.007220265713890701,1,Q2
335,2,35.8968908,128.6068308,0.0438277272643519,245425,PIPE_LM,7.373486298426729,0.0438277272643519,245425,0.02053655931038748,3,Q4
336,1,35.8968636,128.6085935,0.0071638801417345,106477,SPLY_LS,8.385151828152319,0.0438277272643519,177326,0.018998066428381352,3,Q4
337,1,35.8976449,128.6077196,0.007147337267259,211359,SPLY_LS,7.9067773649800674,0.0438277272643519,37985,0.019191293754459583,3,Q4
338,1,35.8972341,128.6058311,0.0072472935088085,211406,SPLY_LS,8.498583586509541,0.0072472935088085,211406,0.007224763152104511,2,Q2
339,3,35.892329,128.597797,0.0096313896687052,142104,SPLY_LS,9.220894354684454,0.0096313896687052,142104,0.0096313896687052,1,Q3
340,1,35.8969911,128.6067829,0.0069912284517853,245407,SPLY_LS,7.260846502526596,0.0069912284517853,245407,0.0069821778063915265,2,Q1
341,2,35.8980616,128.6070068,0.0070217512201838,211431,SPLY_LS,7.888586730003059,0.0072470605105765,245412,0.0071251702816018106,2,Q2
342,1,35.8985563,128.6045313,0.0070047423492442,245673,SPLY_LS,5.746874682655117,0.0461722419797946,308850,0.018188291942783232,4,Q4
343,1,35.8982902,128.6070869,0.007411557262404,245421,SPLY_LS,8.23471587583359,0.0998344763775657,439844,0.03768623714043004,3,Q4
344,1,35.8922944,128.6080842,0.0056578761241353,38788,SPLY_LS,4.87603808906759,0.0074315951103603,38787,0.006345510405450168,2,Q1
345,1,35.8960033,128.6113524,0.0099363400787085,211332,SPLY_LS,6.140604109334555,0.0099363400787085,211332,0.008831358132988777,2,Q3
346,1,35.8975337,128.6080701,0.0071515312354359,37897,SPLY_LS,7.393785636669957,0.0072612734027315,211362,0.007186186976541546,3,Q2
347,1,35.8943345,128.6096066,0.0074227411775424,178148,SPLY_LS,8.27208558134919,0.0438277272643519,143877,0.024671712557656673,2,Q4
348,1,35.8964762,128.606353,0.0070671858754337,245405,SPLY_LS,3.9620274914528437,0.0070907186968707,3885,0.007073038279985863,3,Q2
349,1,35.8962384,128.6117154,0.0073339688511312,37865,SPLY_LS,7.894402124102947,0.0073339688511312,37865,0.007333968851131201,1,Q2
350,1,35.8969784,128.6055193,0.0071531622230602,245397,SPLY_LS,7.017168664198891,0.0071531622230602,245397,0.0071531622230602,1,Q2
351,2,35.8966922,128.6062421,0.0070674188736657,3886,SPLY_LS,5.710390141792185,0.0438277272643519,3698,0.018060111566830957,3,Q4
352,1,35.8912052,128.6036036,0.0069635016621713,246392,SPLY_LS,8.733418192936012,0.0073798695028452,178250,0.007168528886659273,2,Q2
353,1,35.8974615,128.607512,0.0073451527662697,177318,SPLY_LS,6.5725276591922315,0.0073451527662697,177318,0.007159485855259737,3,Q2
354,1,35.8948172,128.6029839,0.0111059027736529,3957,SPLY_LS,9.147145302056298,0.0111059027736529,3957,0.0111059027736529,1,Q4
355,1,35.8901949,128.6037756,0.0124682733736618,177125,PIPE_LM,3.632185880366694,0.0124682733736618,177125,0.008491372560984119,5,Q3
356,1,35.89738,128.6030015,0.0395819048336371,142995,PIPE_LM,9.755268748043422,0.0395819048336371,142995,0.0395819048336371,1,Q4
357,2,35.8951727,128.60057295000001,0.0069923934429455,210503,SPLY_LS,8.442334697296694,0.0069923934429455,210503,0.0069923934429455,1,Q1
358,1,35.8981991,128.6053031,0.0069385708513419,177577,SPLY_LS,8.03501597192881,0.0069385708513419,245658,0.0069385708513419,2,Q1
360,1,35.8919042,128.6053562,0.008786503129556,143934,SPLY_LS,7.421986416193425,0.008786503129556,143934,0.007811317600769842,2,Q3
361,1,35.8985775,128.6043622,0.0074218091846142,211660,SPLY_LS,5.949783885337678,0.0216692294342273,308849,0.01154044523690239,3,Q4
362,2,35.8937944,128.5979538,0.0786643336463868,105242,PIPE_LM,4.735634324564292,0.0828468289495488,299675,0.031279307569742024,7,Q4
364,1,35.8935454,128.6092832,0.006113577327133,38790,SPLY_LS,6.115798963677459,0.006113577327133,38790,0.006113577327133,1,Q1
365,1,35.8935032,128.6074268,0.0130579167419729,211234,PIPE_LM,8.518612557491734,0.0130579167419729,211234,0.010755521137793229,2,Q4
366,1,35.8926596,128.6056473,0.0059310885885635,212316,SPLY_LS,9.618038181316614,0.0059310885885635,212316,0.0059310885885635,1,Q1
367,2,35.8959188,128.6064294,0.065534691196846,72429,PIPE_LM,9.372692466228454,0.065534691196846,72429,0.0371076304289156,2,Q4
368,4,35.892459099999996,128.606015325,0.0059289266699527,246310,SPLY_LS,8.04926981878624,0.0059289266699527,246310,0.0059289266699527,1,Q1
369,1,35.8937242,128.5986387,0.012615583318517,210461,PIPE_LM,8.1809641671206,0.012615583318517,210461,0.00916434559755223,3,Q3
370,2,35.8972472,128.6082531,0.0104043197901278,245223,PIPE_LM,7.282003488806618,0.0104043197901278,245223,0.009458786732243336,2,Q3
371,1,35.8961666,128.6033412,0.0070769718011798,143146,SPLY_LS,6.340190243209879,0.0123209634288065,211252,0.008255051373883507,4,Q3
372,3,35.89254056666667,128.5980703,0.0092027894208487,278246,SPLY_LS,5.231160567772753,0.0092027894208487,278246,0.009139049318418902,2,Q3
374,3,35.88932763333333,128.6025250666667,0.0069481237788559,246372,SPLY_LS,7.090213945880797,0.0121732498950612,37804,0.008693283368356113,3,Q3
375,1,35.8951438,128.6105719,0.0073602976513529,177233,SPLY_LS,7.070269936815413,0.0073602976513529,177233,0.0073602976513529,1,Q2
376,1,35.8947971,128.6062486,0.0068178777671398,107409,SPLY_LS,7.502699915469,0.0123209634288065,143927,0.00837952819329242,3,Q3
377,1,35.8922573,128.6037306,0.0068376826168641,73350,SPLY_LS,5.193307745125922,0.0070567009549914,107453,0.006934649668999749,2,Q1
378,1,35.8947494,128.6108966,0.0057240848815882,212280,SPLY_LS,3.7956909467275386,0.0124682733736618,72211,0.008129878878597521,5,Q3
379,1,35.897636,128.606506,0.0072435655370957,177324,SPLY_LS,7.61136297260801,0.0072435655370957,177324,0.0071447004066057486,2,Q2
380,1,35.8938858,128.6098006,0.096712976983588,107315,PIPE_LM,3.820600639281546,0.096712976983588,107315,0.039143952940284436,4,Q4
381,1,35.8973992,128.6061994,0.0073796365046131,72423,SPLY_LS,7.810098370902775,0.0077346166313777,37983,0.007544824080647017,2,Q2
382,2,35.8969841,128.60109,0.0069635016621713,177398,SPLY_LS,4.486046931081648,0.0070243142007364,177397,0.006975496047408929,5,Q1
383,2,35.8972954,128.6046739,0.0451096390958521,324770,PIPE_LM,7.365319010573097,0.0451096390958521,324770,0.02758843298459945,2,Q4
384,1,35.8912517,128.5982398,0.0095317363248573,36424,SPLY_LS,5.599310424384213,0.0095317363248573,36424,0.009342312682325136,2,Q3
385,1,35.8961586,128.6031679,0.0070769718011798,3921,SPLY_LS,7.266041546358409,0.0123209634288065,211252,0.008601948339422493,3,Q3
386,2,35.896678800000004,128.61059035,0.0069471917859277,72324,SPLY_LS,7.62099409420231,0.0071608511647179,211340,0.0070468817721448885,2,Q1
388,1,35.8945367,128.6084726,0.0059181170768992,38808,SPLY_LS,6.0201458710304525,0.008848484619122,443629,0.007061964006018984,2,Q2
389,1,35.8931563,128.6090031,0.006925056953883,4701,SPLY_LS,7.28731853944505,0.006925056953883,4701,0.0069229183029613055,2,Q1
391,4,35.895926675,128.5997454,0.0070301391565377,244046,SPLY_LS,3.724880615953077,0.0123209634288065,36409,0.008165719289353637,3,Q3
392,3,35.8913465,128.5973101,0.010664240541614,175893,SPLY_LS,2.9258692940300044,0.0108808729778451,105128,0.010727926618653787,2,Q4
393,3,35.89680346666666,128.5994598,0.0072887671941135,210475,SPLY_LS,6.960534706725389,0.0072887671941135,210475,0.0072887671941135,2,Q2
394,1,35.8964398,128.6101538,0.0074031693260502,72327,SPLY_LS,4.867590599380561,0.0133431178619665,106342,0.009460560712097008,3,Q3
395,2,35.895280299999996,128.60903935,0.0076717303470403,3841,SPLY_LS,7.777971338417902,0.0076717303470403,3841,0.007435244797616548,2,Q2
396,1,35.8937019,128.6078629,0.006869836372887,38795,SPLY_LS,5.459400452012742,0.0526516151206023,178122,0.014980852534821247,5,Q4
397,1,35.8977553,128.6038483,0.0070042763527801,177607,SPLY_LS,6.24503795342176,0.0074129552517963,38240,0.007190898206274313,2,Q2
398,1,35.8961129,128.6042063,0.0069844715030558,72446,SPLY_LS,5.954112610774563,0.0125810591760285,72231,0.008472219022463316,4,Q3
400,1,35.8939066,128.6059705,0.0064588274915503,143963,SPLY_LS,3.697143401568087,0.0118786300053506,3679,0.007861555749512784,4,Q3
401,1,35.8971208,128.5994089,0.0072887671941135,71443,SPLY_LS,5.910165382074971,0.0072887671941135,71443,0.007114184626743497,2,Q2
402,3,35.896921,128.60182953333333,0.0070301391565377,72507,SPLY_LS,7.201707186182488,0.0070744088206272,106624,0.0070499086197171774,2,Q2
403,1,35.8923369,128.5972486,0.082664898569442,71431,PIPE_LM,3.494846567324572,0.082664898569442,71431,0.04518946898227278,3,Q4
404,1,35.893004,128.6040576,0.007114950513004,38038,SPLY_LS,6.608741733086756,0.0073383958175402,3953,0.007143896119201262,3,Q2
405,1,35.8938931,128.6055682,0.0057455076040992,178194,SPLY_LS,9.663217233161388,0.0057455076040992,178194,0.0057455076040992,1,Q1
406,3,35.895897600000005,128.6120887666667,0.0072391385706868,211331,SPLY_LS,8.776648664184703,0.0072391385706868,211331,0.0072391385706868,1,Q2
407,2,35.892493,128.6053595,0.0073859274568785,4741,SPLY_LS,9.031601503740658,0.0083988860382027,4752,0.007887852546414732,2,Q3
408,1,35.8968703,128.6082485,0.007304844072125,37754,SPLY_LS,7.294301528114698,0.007304844072125,37754,0.007304844072125,1,Q2
410,1,35.8929457,128.6086222,0.0086194343809785,38791,SPLY_LS,9.649245975697095,0.0086194343809785,38791,0.0086194343809785,1,Q3
411,2,35.8938925,128.6104273,0.0075015674600096,143921,SPLY_LS,7.78900464242779,0.0100029812198836,107363,0.008627030914370486,2,Q3
412,1,35.8945878,128.6061176,0.0072083828040561,246321,SPLY_LS,3.343097859983472,0.0130382109657319,106337,0.008903524425899275,3,Q3
414,1,35.897163,128.6040123,0.0533045613371663,324769,PIPE_LM,8.443913728074907,0.0533045613371663,324769,0.023324903148928187,3,Q4
415,1,35.8929347,128.6089261,0.0074283331351116,143882,SPLY_LS,4.606205391071486,0.0074283331351116,143882,0.0074283331351116,1,Q2
417,1,35.8965494,128.6049679,0.0074292651280398,38000,SPLY_LS,6.479889932212219,0.0074292651280398,38000,0.006836274415799314,2,Q1
418,1,35.8925429,128.5976192,0.0091385751080956,142103,SPLY_LS,5.504287107308291,0.0094269337200811,105121,0.009266311325277174,2,Q3
419,1,35.8979762,128.603352,0.0068943011872523,72668,SPLY_LS,8.750850198110484,0.0178972991594237,72676,0.012386604454291492,2,Q4
420,1,35.8917564,128.6040532,0.0069553467240495,107456,SPLY_LS,7.7214814260351385,0.0438277272643519,246346,0.01705587420932865,4,Q4
421,2,35.89721955,128.5994722,0.0072887671941135,244052,SPLY_LS,8.990562088631782,0.0072887671941135,244052,0.007288767194113499,1,Q2
422,1,35.895795,128.6089641,0.0074166832235091,106490,SPLY_LS,7.892784953851822,0.0074166832235091,106490,0.0074166832235091,1,Q2
423,1,35.8964338,128.601439,0.0070301391565377,3986,SPLY_LS,6.067911262095002,0.0984836616587468,106660,0.044483538735737134,2,Q4
424,4,35.8944865,128.6061309,0.0067249114725518,246322,SPLY_LS,4.6380668257541355,0.0130382109657319,106337,0.008952735137121,6,Q3
426,1,35.893,128.6091518,0.0073957133826246,212286,SPLY_LS,9.283168629815044,0.0073957133826246,212286,0.0073957133826246,1,Q2
427,1,35.8964003,128.6048753,0.0348194348196393,106609,PIPE_LM,4.554055823241618,0.0348194348196393,106609,0.019092789607436104,3,Q4
428,2,35.8974151,128.6010253,0.0074145862394206,106361,SPLY_LS,8.42170641820509,0.0074145862394206,106361,0.007294748307051551,2,Q2
429,1,35.8964629,128.6030102,0.0451096390958521,324779,PIPE_LM,5.524996579416495,0.0451096390958521,324779,0.02753726339185172,2,Q4
432,2,35.8984207,128.6057237,0.0074122562571001,38214,SPLY_LS,6.389366256565004,0.0074138872447245,245657,0.007412754373179739,3,Q2
433,1,35.8957186,128.6026908,0.0115969367875757,87245,SPLY_LS,6.5982658834597,0.0115969367875757,87245,0.009122275348604544,2,Q3
434,1,35.8948091,128.6090867,0.0166225307834266,245203,PIPE_LM,5.249683720604823,0.0166225307834266,245203,0.010852659864899727,3,Q4
436,1,35.8968332,128.6027983,0.00707813679234,245288,SPLY_LS,6.487837476683312,0.0162343340538362,72532,0.008848418539235537,5,Q3
437,1,35.8940179,128.6089717,0.0147318832669093,177111,PIPE_LM,5.720640262586845,0.0147318832669093,177111,0.009578194105339752,4,Q3
438,1,35.891814,128.5974542,0.0108739776921638,244026,SPLY_LS,7.54596187886609,0.0108739776921638,244026,0.0108739776921638,1,Q4
439,1,35.8913034,128.6038482,0.0074281001368796,178251,SPLY_LS,6.115638576214354,0.0074281001368796,178251,0.007324331937536924,3,Q2
440,1,35.8946636,128.6006998,0.0119716624928565,2840,PIPE_LM,7.305897944754101,0.0119716624928565,2840,0.009399545881653114,2,Q3
441,2,35.895592449999995,128.6009682,0.0067563662338785,39069,SPLY_LS,6.666530508779903,0.0074052663101386,144191,0.006978965724738373,3,Q1
442,1,35.8943127,128.5986161,0.0084037336339438,71366,SPLY_LS,7.343881397323318,0.0087143668769132,105146,0.008087610043579697,3,Q3
443,1,35.8975656,128.6026257,0.0067687151401772,106620,SPLY_LS,6.176711483633658,0.0067694141348734,142931,0.006769016886292164,2,Q1
444,2,35.8941485,128.59769285,0.0069467257894636,176437,SPLY_LS,9.840416177675225,0.0069467257894636,176437,0.0069467257894636,1,Q1
445,1,35.8963696,128.6051019,0.0055301617144562,177339,SPLY_LS,5.263833761619292,0.0076143928524973,38001,0.006196504144357159,3,Q1
446,1,35.8953074,128.6074242,0.0072512544787534,3859,SPLY_LS,4.89958897935349,0.012615583318517,211403,0.00832917391501678,4,Q3
447,3,35.8961547,128.5988809,0.0068302266734385,175952,SPLY_LS,6.643717868696018,0.0070243142007364,105173,0.006913710204909583,2,Q1
448,1,35.89779,128.6006515,0.0070860587322297,105161,SPLY_LS,3.7200367616151024,0.007235643597206,210467,0.007160753360632428,3,Q2
449,1,35.8972359,128.5996551,0.0069590746957623,210477,SPLY_LS,5.952599860704446,0.0069590746957623,210477,0.006916884469971846,2,Q1
450,1,35.8932312,128.5987044,0.0073873254462708,71422,SPLY_LS,7.070285488576322,0.0073873254462708,71422,0.007192958752749234,2,Q2
452,1,35.8976764,128.6042341,0.007004043354548,72666,SPLY_LS,7.756877961415807,0.0074087612836194,38236,0.007194538187376622,2,Q2
453,1,35.8976775,128.6007088,0.0071293964033911,71436,SPLY_LS,5.66052851095582,0.0280477722627098,210516,0.015610084736140957,2,Q4
454,1,35.8945891,128.599929,0.0070494780097978,36929,SPLY_LS,6.684059350251906,0.0070494780097978,36929,0.0070494780097978,1,Q2
455,2,35.89733965,128.5991037,0.0249711413695159,308936,PIPE_LM,8.012014397869654,0.0249711413695159,308936,0.01614839455557741,2,Q4
456,1,35.8979954,128.6018406,0.0073286098917941,177133,SPLY_LS,7.430961247458804,0.0073286098917941,177133,0.0073286098917941,1,Q2
457,1,35.8975971,128.5998212,0.0072666323620687,142136,SPLY_LS,7.598759267791718,0.0340237672770658,210518,0.01912805154654175,2,Q4
458,1,35.8974838,128.601452,0.007749413404163,106623,SPLY_LS,9.781284418996,0.007749413404163,106623,0.007749413404163,1,Q3
459,1,35.8949693,128.6009156,0.0074411480378744,246548,SPLY_LS,7.868059395868834,0.0074411480378744,246548,0.0071654931540694675,3,Q2
460,1,35.8900323,128.6015069,0.0081025874922109,4784,SPLY_LS,5.821067494390727,0.0081025874922109,4784,0.0081025874922109,1,Q3
461,2,35.8978824,128.6045353,0.0070960776562079,38232,SPLY_LS,6.867110681544395,0.0070960776562079,38232,0.007023924650445829,3,Q1
462,1,35.8960685,128.6103505,0.0443595448583429,3777,PIPE_LM,6.692756342627544,0.0443595448583429,3777,0.027691340805832576,2,Q4
463,1,35.8920758,128.6077697,0.0071100575501309,178124,SPLY_LS,8.470304726960507,0.0071100575501309,178124,0.0071100575501308995,1,Q2
464,1,35.8954407,128.6032973,0.0070762728064836,245448,SPLY_LS,6.914306259268611,0.0070762728064836,245448,0.0070762728064836,1,Q2
465,2,35.8968842,128.5999283,0.0072412355547752,142130,SPLY_LS,6.663203602051948,0.0072412355547752,142130,0.0072412355547752,1,Q2
466,1,35.8957652,128.6007278,0.0068223047335488,105185,SPLY_LS,5.5839162461226355,0.0068751953322242,210508,0.006843247173746236,2,Q1
467,2,35.89546115,128.60031755,0.0070497110080299,142163,SPLY_LS,7.084533694863689,0.0070790687852682,105178,0.0070623242769163545,2,Q2
468,1,35.894752,128.6016487,0.006920396989242,38089,SPLY_LS,8.617224700017848,0.0126320121798038,4009,0.008831208440552088,3,Q3
470,2,35.8968068,128.6061739,0.0559181350971663,106545,PIPE_LM,8.500836102369249,0.0559181350971663,106545,0.03183719155101808,2,Q4
471,1,35.8977913,128.6005239,0.007235643597206,210467,SPLY_LS,4.549131480521356,0.007235643597206,210467,0.007235643597206,2,Q2
472,2,35.8946727,128.6005333,0.0119716624928565,2840,PIPE_LM,8.018402406839423,0.0219413295028088,2882,0.011703364587699112,6,Q4
473,1,35.89646,128.6070414,0.0069732875879174,143111,SPLY_LS,6.789222058037779,0.0069732875879174,143111,0.0069732875879174,1,Q1
474,1,35.8960789,128.5986907,0.0070243142007364,210488,SPLY_LS,9.236577604644525,0.0070243142007364,210488,0.007002520969431459,2,Q1
475,1,35.8901195,128.603841,0.0069194649963138,178224,SPLY_LS,6.8582220749543605,0.0070033443598519,4796,0.006702375819292706,4,Q1
476,2,35.8951971,128.6068576,0.007425537156327,143082,SPLY_LS,6.932807965048649,0.007425537156327,143082,0.007425537156327,1,Q2
477,1,35.8959048,128.6015921,0.0072999511092519,143219,SPLY_LS,6.547421116832323,0.0162343340538362,37773,0.00915372601244219,4,Q3
478,2,35.89641495,128.60241515,0.00707813679234,106639,SPLY_LS,6.203900197457864,0.00707813679234,106639,0.007078136792339999,1,Q2
479,1,35.8967037,128.6010457,0.0069646666533315,177132,SPLY_LS,9.171032058603327,0.0069646666533315,177132,0.0069646666533315,1,Q1
481,1,35.8973372,128.5989698,0.03750403827788,308927,PIPE_LM,7.034162330719435,0.03750403827788,308927,0.031522075350101715,2,Q4
483,2,35.896101,128.60819795,0.0071564241983089,106488,SPLY_LS,7.412386300122565,0.0124682733736618,106487,0.008481385461808846,4,Q3
484,2,35.897032249999995,128.6038321,0.0164284324186314,3699,PIPE_LM,6.678230964804447,0.0164284324186314,3699,0.010809585260442192,3,Q4
485,1,35.8941394,128.6100548,0.0062491608641638,73269,SPLY_LS,9.110210102994008,0.0062491608641638,73269,0.005821369594930171,2,Q1
486,2,35.8955524,128.6011078,0.0069192319980817,177404,SPLY_LS,5.727448838777244,0.0120259399502059,72240,0.008266679280865184,3,Q3
487,2,35.89592225,128.60743305,0.0074101592730117,37942,SPLY_LS,7.231024932944203,0.0074101592730117,37942,0.007167874658295333,2,Q2
488,2,35.8967442,128.6020986,0.0071326583786398,211493,SPLY_LS,4.382640314829462,0.0526516151206023,4007,0.017221127081196955,4,Q4
489,1,35.8968028,128.6106865,0.0074194792022937,72323,SPLY_LS,8.330118768336208,0.0074194792022937,72323,0.007419479202293699,1,Q2
490,1,35.8977587,128.5998382,0.0072666323620687,142135,SPLY_LS,5.480531260967604,0.0072666323620687,142135,0.0072666323620687,1,Q2
491,2,35.89685555,128.60293009999998,0.00707813679234,3961,SPLY_LS,5.57743638441426,0.00707813679234,3961,0.0070781367923400005,2,Q2
492,1,35.8916538,128.5978121,0.0106076875071299,244024,SPLY_LS,5.725540469617392,0.0160172524574484,36405,0.011328839643970565,4,Q4
493,1,35.894179,128.6107778,0.0106569663368094,4733,SPLY_LS,8.61330458406564,0.0106569663368094,4733,0.0106569663368094,1,Q4
494,1,35.8961235,128.6038212,0.0070445850469248,143144,SPLY_LS,8.994395539383708,0.0070445850469248,143144,0.0070445850469248,1,Q1
495,1,35.8974632,128.6090917,0.0083998192636453,177241,SPLY_LS,6.619967501017728,0.0146078998740734,72347,0.009214949125923614,4,Q3
496,1,35.8958464,128.6083828,0.0071543272142205,37931,SPLY_LS,6.888181774331669,0.0129737896179194,439877,0.008554426550739437,4,Q3
497,1,35.8941094,128.6089934,0.0147851561145678,37742,PIPE_LM,4.883330828231143,0.0147851561145678,37742,0.010477282944743026,3,Q4
498,1,35.8967557,128.6055623,0.0070671858754337,143096,SPLY_LS,7.646389990673735,0.0070671858754337,143096,0.0070671858754337,2,Q2
499,1,35.8964393,128.5999479,0.0055784256151918,105155,SPLY_LS,3.5241774386209377,0.0366409244777962,324799,0.01475591809030047,3,Q4
500,1,35.8954636,128.6044445,0.0764571397296536,245472,PIPE_LM,8.111907629599383,0.0764571397296536,245472,0.04314345182411266,2,Q4
501,1,35.8965219,128.6082196,0.007295757141075,37915,SPLY_LS,8.190462457587248,0.007295757141075,37915,0.007295757141075,1,Q2
502,1,35.8923365,128.6053714,0.0082804309695428,4742,SPLY_LS,5.971614863164262,0.008345577275224,143933,0.00830937783760924,2,Q3
504,2,35.8917425,128.5959329,0.0109481044765284,2815,SPLY_LS,9.5852369660315,0.0109481044765284,2815,0.0109481044765284,1,Q4
505,1,35.8918381,128.5971107,0.0088847468341,142097,SPLY_LS,1.9954474731148937,0.0250219381038106,244041,0.014249782637722508,3,Q4
506,1,35.893978,128.6084855,0.0071766950444973,246265,SPLY_LS,7.86961782329964,0.0071766950444973,107341,0.007176695044497301,2,Q2
507,3,35.8919995,128.597909,0.009614427397412,2817,SPLY_LS,8.156809996391994,0.0096238172261636,36439,0.00961894867541189,2,Q3
508,1,35.8911814,128.6047287,0.0056051793579993,212380,SPLY_LS,6.974502835161238,0.0056051793579993,212380,0.0056051793579993,1,Q1
512,1,35.8952046,128.6036947,0.0074875146860524,162065,SPLY_LS,8.8979773308827,0.0224555854777788,10937,0.014699658500448954,2,Q4
513,1,35.8969594,128.6005758,0.0073150959943352,36469,SPLY_LS,3.875394431298697,0.0073150959943352,36469,0.007214424223460763,2,Q2
514,2,35.89526155,128.60087735000002,0.0073358328369876,38065,SPLY_LS,8.036336036466292,0.0073358328369876,38065,0.007058026537394728,3,Q2
515,1,35.8897958,128.6022121,0.0070096353121172,212367,SPLY_LS,6.6343590651214575,0.0121732498950612,212338,0.008364116237107732,4,Q3
516,1,35.8955381,128.6017356,0.0067792000606195,245498,SPLY_LS,4.361150907129308,0.0283752811603181,211526,0.013194055602637388,4,Q4
517,1,35.8961698,128.6018101,0.0072188677244984,38070,SPLY_LS,7.6693808117835145,0.0139926611556315,470705,0.011068377456279921,5,Q4
518,1,35.8948004,128.6008315,0.0070101013085813,71257,SPLY_LS,5.799874498395053,0.0150429157723756,37774,0.008709762671820736,4,Q3
519,3,35.8950599,128.6068585,0.0073735785505798,245389,SPLY_LS,4.577644039177841,0.0154927281565411,3905,0.009857682018253721,3,Q3
520,1,35.8953951,128.6115114,0.0069756175702379,211335,SPLY_LS,7.636660823022771,0.0069756175702379,211335,0.0069756175702379,2,Q1
521,1,35.8939019,128.6063404,0.0074054993083707,143964,SPLY_LS,8.08623722927354,0.0074054993083707,143964,0.0074054993083707,1,Q2
522,1,35.8964574,128.6067985,0.007226090669692,106532,SPLY_LS,6.094958055070312,0.0539575075537303,37984,0.02163427010958116,3,Q4
524,1,35.8957823,128.5984428,0.0083724186715562,142152,SPLY_LS,8.485652752677666,0.0083724186715562,142152,0.0083724186715562,1,Q3
526,2,35.8937502,128.6103499,0.0123588987776722,212243,SPLY_LS,6.281655364078767,0.0123588987776722,212243,0.0123588987776722,1,Q4
527,1,35.8980362,128.6037608,0.0154574088183135,4156,PIPE_LM,6.6825630192529095,0.0154574088183135,4156,0.010081043880371872,3,Q4
528,1,35.8902971,128.6031375,0.009765394427732,212346,SPLY_LS,7.723004695673751,0.009765394427732,212346,0.009765394427732,1,Q3
529,1,35.8956519,128.6018395,0.0069110770599599,3996,SPLY_LS,6.3136171620608215,0.0069110770599599,3996,0.0069110770599599,1,Q1
530,2,35.89425665,128.61044405,0.0070578659461516,178153,SPLY_LS,7.493768798479616,0.0124682733736618,107319,0.008335995975381292,4,Q3
531,1,35.8951362,128.6118528,0.0111609881123806,245317,SPLY_LS,9.33541994113586,0.0111609881123806,245317,0.0111609881123806,1,Q4
532,1,35.8941277,128.5986262,0.0164284324186314,175859,PIPE_LM,7.85074326839763,0.0164284324186314,175859,0.011693521020876207,4,Q4
533,1,35.8945825,128.6015796,0.006920396989242,177435,SPLY_LS,7.818809785244313,0.006920396989242,177435,0.006920396989242,1,Q1
534,1,35.8912521,128.6046144,0.0086172724623678,4827,SPLY_LS,5.030469326197945,0.0086172724623678,4827,0.007003263340342742,2,Q1
535,1,35.8937074,128.6092431,0.0071326583786398,4717,SPLY_LS,8.31565393563868,0.0071326583786398,4717,0.0071326583786398,1,Q2
536,1,35.8926588,128.5981486,0.0089077670594266,71415,SPLY_LS,2.108648985369736,0.0089186713766866,71416,0.008910136689341234,3,Q3
537,1,35.893689,128.5984427,0.0069830735136635,244035,SPLY_LS,5.705469676923074,0.0454202739392538,71429,0.020477759651826334,3,Q4
539,1,35.8909603,128.6027368,0.0123209634288065,72215,PIPE_LM,4.72082171317444,0.0123209634288065,72215,0.008327912130748728,5,Q3
540,1,35.891356,128.6032407,0.0069194649963138,246387,SPLY_LS,5.161485954049429,0.0127337211787944,211241,0.008530673975359072,4,Q3
542,1,35.8978486,128.6067485,0.0067377263753145,177321,SPLY_LS,7.886354354456238,0.006869603374655,3900,0.0068002820868163305,2,Q1
543,1,35.8972211,128.6096754,0.0070168582573108,143043,SPLY_LS,7.363053895632645,0.0070168582573108,143043,0.006859420071967433,3,Q1
544,1,35.8963747,128.6116947,0.0080614667730812,143006,SPLY_LS,4.26734957894898,0.0080614667730812,143006,0.0080614667730812,1,Q3
545,1,35.896141,128.6122561,0.0079995042193581,211329,SPLY_LS,3.952036120847053,0.0079995042193581,211329,0.0079995042193581,1,Q3
546,1,35.8950417,128.611353,0.0084904089762665,143010,SPLY_LS,8.053548036009357,0.0084904089762665,143010,0.007908469262380577,2,Q3
547,1,35.8972868,128.6080448,0.0070161592626146,245348,SPLY_LS,8.590476154720616,0.0070161592626146,245348,0.0069688118727734335,2,Q1
548,1,35.8958057,128.6091948,0.0071468712707948,72375,SPLY_LS,5.166124299669432,0.0124682733736618,143131,0.008383412434120566,4,Q3
549,1,35.8967956,128.6094113,0.036581349282841,325181,PIPE_LM,5.693885614764233,0.036581349282841,325181,0.025228616146577048,2,Q4
550,2,35.8963254,128.6083443,0.0072424005459355,211375,SPLY_LS,6.6432022911918684,0.0073092710385339,245353,0.007273846850374736,2,Q2
551,2,35.896972399999996,128.60845705,0.0073432887804133,177254,SPLY_LS,7.323432227125921,0.0219413295028088,211436,0.011169475129912147,3,Q4
552,1,35.894353,128.6110253,0.0134681043691259,4689,SPLY_LS,5.159828050364522,0.0134681043691259,4689,0.013468104369125902,1,Q4
554,2,35.8916107,128.60670195,0.0070494780097978,38839,SPLY_LS,6.398106930429986,0.0124682733736618,245208,0.008770730198976473,3,Q3
555,2,35.891742050000005,128.60655585,0.0070490120133337,38841,SPLY_LS,6.193627567197869,0.0070555359638311,143938,0.007051757118796718,2,Q2
556,3,35.8916117,128.6065452,0.0124682733736618,245208,PIPE_LM,6.362990426055178,0.0709752717733486,110958,0.019308752063864114,6,Q4
557,1,35.8914202,128.6062172,0.0060910705657558,178172,SPLY_LS,8.745888219063934,0.006256457339475,73289,0.006168903615237183,2,Q1
558,1,35.8944754,128.6077617,0.0127337211787944,72209,PIPE_LM,6.064965021869137,0.0127337211787944,72209,0.008745284048626688,4,Q3
559,1,35.8945804,128.6077641,0.0151386999822204,245200,PIPE_LM,7.956797345102574,0.0151386999822204,245200,0.010290437330270918,3,Q4
560,3,35.8947414,128.6077693,0.0080543629041048,73245,SPLY_LS,8.320613350841558,0.008405690819093,212260,0.008226286120216943,2,Q3
561,2,35.89694275,128.60730075,0.0072987861180916,3893,SPLY_LS,7.871217156910616,0.1058149350026461,106346,0.032592141476440344,4,Q4
562,1,35.8944544,128.6081149,0.0073120670173185,212270,SPLY_LS,6.174712815010605,0.0073120670173185,212270,0.006864764752918845,3,Q1
564,2,35.8948454,128.60876145,0.0097832762410704,178141,SPLY_LS,7.110141071548397,0.0097832762410704,178141,0.0097832762410704,1,Q3
565,2,35.89443095,128.6104922,0.0069655986462597,38823,SPLY_LS,8.076884168094027,0.0069655986462597,38823,0.0069655986462597,1,Q1
566,1,35.8941673,128.6102928,0.0070499440062619,143916,SPLY_LS,8.020942339644215,0.0124682733736618,107319,0.009492377574839242,2,Q3
567,1,35.893442,128.6092004,0.0070883887145502,143881,SPLY_LS,3.3190139308610367,0.0070883887145502,143881,0.006807050386493962,3,Q1
569,1,35.8926556,128.6089682,0.0072053538270395,4729,SPLY_LS,6.201735586093327,0.0072053538270395,4729,0.0072053538270395,1,Q2
570,1,35.8954131,128.6085243,0.0067649871684644,72380,SPLY_LS,3.5254616463883224,0.0287036873425774,37990,0.012915964308298757,5,Q4
571,1,35.8954293,128.6069041,0.0130382109657319,245383,PIPE_LM,7.244306953466602,0.0130382109657319,245383,0.010014373787651335,4,Q4
572,1,35.8956913,128.6069351,0.0072552154486982,37949,SPLY_LS,6.168604694192213,0.0130382109657319,106507,0.008414482251195813,4,Q3
573,2,35.89559415,128.6061987,0.0077733134847128,177284,SPLY_LS,7.037232279791938,0.0077733134847128,177284,0.0077733134847128,1,Q3
574,1,35.8921316,128.6063854,0.0072983201216275,107385,SPLY_LS,7.030770187841236,0.0131904558592006,146526,0.009408362939850548,3,Q3
575,2,35.8916059,128.6059874,0.0063080491980253,93215,SPLY_LS,7.858086272711064,0.0069868014853763,42330,0.0066133745663889834,2,Q1
578,1,35.8914089,128.5976348,0.0083643685826389,244017,SPLY_LS,7.7387984680292,0.0160172524574484,142067,0.010950121604818038,3,Q4
581,1,35.8916066,128.5975266,0.0083649743780422,244023,SPLY_LS,7.745077037013567,0.0162087553857603,71373,0.011107356766828906,3,Q4
582,1,35.8917158,128.5970603,0.0122777141484946,36429,SPLY_LS,9.323836451252136,0.0122777141484946,36429,0.0122777141484946,1,Q4
584,1,35.8921997,128.5965135,0.0105816871496803,146567,SPLY_LS,8.10563122872362,0.0105816871496803,146567,0.0105816871496803,2,Q4
585,2,35.8921578,128.5971933,0.0106493379746921,2818,SPLY_LS,8.437125628601937,0.0106493379746921,2818,0.00968064626817686,3,Q3
587,1,35.8928402,128.5971616,0.010206259216696,2775,SPLY_LS,5.6337994693655284,0.010206259216696,2775,0.009594339339201579,2,Q3
589,1,35.892603,128.5979688,0.009598070921522,175864,SPLY_LS,6.667503048246156,0.009598070921522,175864,0.009598070921522,1,Q3
591,2,35.8934978,128.5981341,0.0071254354334462,71426,SPLY_LS,6.63852584827044,0.0071254354334462,71426,0.0071254354334462,2,Q2
592,1,35.8932436,128.5984591,0.0072109457846087,175915,SPLY_LS,9.584487493642195,0.0072109457846087,175915,0.007210945784608699,1,Q2
593,1,35.8935842,128.5987172,0.012615583318517,142120,PIPE_LM,8.642389983757035,0.012615583318517,142120,0.009972405841574645,2,Q4
594,2,35.8949938,128.6000525,0.0072444975300239,2876,SPLY_LS,9.45172158079181,0.0072444975300239,2876,0.007244497530023899,1,Q2
595,1,35.8943094,128.5979899,0.0072652343726764,71533,SPLY_LS,7.868913999903,0.0072652343726764,71533,0.006627234650944619,2,Q1
596,1,35.8946261,128.5980171,0.0073337358528992,244096,SPLY_LS,9.587013550772793,0.0073337358528992,244096,0.007333735852899199,1,Q2
597,1,35.8951113,128.5981282,0.0072978541251634,210576,SPLY_LS,7.728243810451222,0.0072978541251634,210576,0.0072978541251634,1,Q2
598,1,35.8946786,128.5982036,0.0069798115384148,2949,SPLY_LS,9.935255350050246,0.0069798115384148,2949,0.0069798115384148,1,Q1
599,3,35.894912,128.5983583,0.0069798115384148,176444,SPLY_LS,3.6914517081038105,0.0354465144716198,414353,0.01246996991672318,4,Q4
600,1,35.8962323,128.600836,0.0067659191613926,175754,SPLY_LS,1.3867520987715816,0.0117313200604953,456171,0.00806227377370838,4,Q3
601,2,35.89624,128.59858005,0.0069798115384148,244065,SPLY_LS,8.993388374796531,0.0086908806551226,142148,0.007808695756973957,2,Q3
602,1,35.8968155,128.5987169,0.0069837725083596,142146,SPLY_LS,4.585565544751374,0.0117243121686442,465916,0.008632709538891786,2,Q3
603,3,35.89691286666667,128.59875443333337,0.0069837725083596,105168,SPLY_LS,7.723374740142416,0.0069837725083596,105168,0.0069837725083596,2,Q1
605,1,35.8970363,128.5984409,0.0068521285072512,71452,SPLY_LS,7.342958541893218,0.0068521285072512,71452,0.006832444011285452,2,Q1
606,2,35.897481049999996,128.5989662,0.0070569339532234,244056,SPLY_LS,7.998310320171297,0.03750403827788,308927,0.016700792905739174,3,Q4
607,1,35.8977155,128.5989664,0.0069842385048237,175946,SPLY_LS,9.220424257630587,0.0069842385048237,175946,0.0069842385048237,1,Q1
608,2,35.8977425,128.5987645,0.0049093892484158,455268,SPLY_LS,6.539178095019707,0.0049093892484158,455268,0.0049093892484158,1,Q1
609,2,35.89680355,128.5993074,0.0065420078603923,36476,SPLY_LS,5.396032769166626,0.0069837725083596,210476,0.00672755002884949,2,Q1
610,1,35.8971737,128.5986068,0.0283752811603181,2880,PIPE_LM,7.190152104743692,0.0283752811603181,2880,0.018329850666825687,2,Q4
611,1,35.8970342,128.5985975,0.0068069268502335,142144,SPLY_LS,5.355808851768761,0.0283752811603181,2880,0.011578477533248714,4,Q4
613,1,35.8976595,128.601949,0.0068635454206217,3763,SPLY_LS,5.763288860984208,0.0068635454206217,3763,0.0068635454206217,1,Q1
614,1,35.8969686,128.6024191,0.006786190007581,3963,SPLY_LS,4.854531369662644,0.0118786300053506,143188,0.008261515267271027,3,Q3
617,1,35.8968503,128.6010226,0.0069646666533315,3757,SPLY_LS,6.670504103925563,0.0069646666533315,142978,0.0069646666533315,2,Q1
618,2,35.896116750000004,128.6025382,0.0070601959284721,3988,SPLY_LS,7.397980591577065,0.0070601959284721,245496,0.0070601959284721,2,Q2
619,1,35.8967492,128.6028856,0.00707813679234,38048,SPLY_LS,6.723658710513668,0.007087456721622,177186,0.007082360218931814,2,Q2
620,1,35.8975523,128.6040497,0.007230983632565,72301,SPLY_LS,2.0887564726122427,0.007230983632565,72301,0.007082154655233926,3,Q2
621,1,35.8971634,128.6038306,0.0074157512305809,72439,SPLY_LS,8.640711761581656,0.0074157512305809,72439,0.007252408123912187,2,Q2
622,1,35.898519,128.6055705,0.0074138872447245,245657,SPLY_LS,8.664761184265174,0.0074138872447245,245657,0.0074138872447245,1,Q2
623,1,35.8984275,128.6050715,0.0069385708513419,106786,SPLY_LS,9.08665000051515,0.0069385708513419,106787,0.0069385708513419,2,Q1
624,1,35.8965447,128.6043002,0.0070837287499092,177336,SPLY_LS,6.228570680073631,0.0074292651280398,211448,0.007291765761949867,3,Q2
625,1,35.8964067,128.6044953,0.0070299061583056,72445,SPLY_LS,4.136188895715504,0.0071759960498011,143136,0.007083457949268008,2,Q2
626,2,35.896826649999994,128.60513165,0.0082874209165043,143139,SPLY_LS,6.2691574996368065,0.0082874209165043,143139,0.0082874209165043,1,Q3
627,1,35.8972172,128.6062283,0.0070704478506824,106520,SPLY_LS,5.972009388386265,0.0162343340538362,177128,0.009991324697386951,3,Q4
628,1,35.897132,128.6059369,0.007226090669692,106521,SPLY_LS,6.152156135797343,0.007226090669692,106521,0.007101411629784224,3,Q2
629,1,35.8980463,128.6073842,0.0060845848099237,211429,SPLY_LS,7.984669722131844,0.0060845848099237,211429,0.0060845848099237,1,Q1
630,3,35.89692600000001,128.60746816666665,0.0072987861180916,72417,SPLY_LS,4.464490871276173,0.1058149350026461,106346,0.03765677438671339,3,Q4
631,1,35.8968784,128.6066871,0.0069732875879174,106538,SPLY_LS,7.147043058164895,0.0438277272643519,142921,0.01809789325446361,3,Q4
632,1,35.8963247,128.6066462,0.0071699380957678,3883,SPLY_LS,6.757333389297057,0.0081294895758269,211416,0.007405044189363746,3,Q2
633,1,35.896407,128.6087045,0.007161550159414,143052,SPLY_LS,7.762320423075444,0.0164284324186314,255745,0.010304757533629047,3,Q4
634,2,35.8968971,128.6089178,0.0073530747061594,106476,SPLY_LS,8.925469439897967,0.0073530747061594,106476,0.007314657592295055,2,Q2
635,1,35.8967539,128.6090943,0.0071540942159884,211370,SPLY_LS,7.341568306304347,0.0152627786771764,72430,0.008864465069442546,5,Q3
636,1,35.8971951,128.6088573,0.0070166252590787,143041,SPLY_LS,6.645009705459852,0.0114362965818948,72346,0.008374759808880586,3,Q3
637,2,35.8970928,128.6092451,0.0128859660722632,72225,PIPE_LM,7.551712591220798,0.0128859660722632,72225,0.010124439857795025,2,Q4
639,1,35.8966144,128.6107966,0.0073498127309107,143011,SPLY_LS,7.454474747341126,0.0073498127309107,143011,0.00724463632550264,2,Q2
641,1,35.8961338,128.6104798,0.0069823745189673,72270,SPLY_LS,5.91268892821074,0.0069823745189673,72270,0.0069823745189673,1,Q1
642,2,35.89579845,128.6104701,0.0074257701545591,211350,SPLY_LS,4.763000944599608,0.0074257701545591,211350,0.007279197969892035,2,Q2
643,1,35.8951477,128.6098643,0.0067393573629389,143032,SPLY_LS,8.422840705376883,0.0067393573629389,143032,0.0067393573629389,1,Q1
644,1,35.8950253,128.6107087,0.0128859660722632,3693,PIPE_LM,8.298066073466588,0.0128859660722632,3693,0.009145458007893539,3,Q3
645,1,35.8954119,128.6098672,0.0058681227090266,245332,SPLY_LS,7.316676710445437,0.0127628932633723,72224,0.008433870679568738,4,Q3
646,1,35.8950258,128.6105732,0.0096204837696841,211357,SPLY_LS,7.44943371567206,0.0096204837696841,211357,0.008298122527757901,3,Q3
647,1,35.8939763,128.6096061,0.0060278344463926,143909,SPLY_LS,7.86074190174736,0.007926710449501,143910,0.00690932422790361,2,Q1
648,1,35.8961794,128.6087292,0.0068707683658152,245360,SPLY_LS,9.109983347034225,0.0068707683658152,245360,0.0068707683658152,1,Q1
649,1,35.8955785,128.6080436,0.0067449493205081,245370,SPLY_LS,5.0854694419893836,0.0123209634288065,72228,0.009277077668970766,2,Q3
650,1,35.895638,128.6083125,0.0124682733736618,37760,PIPE_LM,8.85303881132099,0.0124682733736618,37760,0.0124682733736618,1,Q4
651,1,35.8956941,128.6084596,0.0071410463149936,143060,SPLY_LS,5.029139558881084,0.0124682733736618,37760,0.009118692159559181,2,Q3
652,1,35.8954103,128.6093837,0.007443944016659,72379,SPLY_LS,7.534450718637446,0.007443944016659,72379,0.007443944016659,1,Q2
653,2,35.89540925,128.60924185,0.0059870282326155,3843,SPLY_LS,7.340013521987728,0.0071424443043859,211393,0.006489465739944455,2,Q1
654,1,35.8954223,128.6087186,0.0125810591760285,143068,PIPE_LM,8.148970240844045,0.0125810591760285,143068,0.012581059176028498,1,Q4
655,1,35.895288,128.6092459,0.0071424443043859,211392,SPLY_LS,7.765147439504148,0.0071424443043859,211392,0.006594496823712791,2,Q1
656,1,35.8954175,128.6090856,0.0071424443043859,211393,SPLY_LS,6.543647003999913,0.0071457062796346,245371,0.007144035478723179,2,Q2
657,1,35.894499,128.6093913,0.0071426773026179,4720,SPLY_LS,8.112246183576607,0.0112889866370395,4695,0.008564740825097117,3,Q3
658,1,35.8937085,128.6093782,0.0068083248396258,246271,SPLY_LS,6.063549476353427,0.0209779907722291,107346,0.013028198155180857,2,Q4
659,1,35.894758,128.6085124,0.0072428665423996,73251,SPLY_LS,5.645200289031934,0.0072428665423996,73251,0.0072428665423996,1,Q2
662,1,35.8936404,128.6103236,0.0130693202834296,178157,SPLY_LS,6.706410197173192,0.0130693202834296,178157,0.012741998523384554,2,Q4
663,2,35.89485865,128.60813375,0.0070494780097978,73232,SPLY_LS,5.715128546949767,0.0070494780097978,73232,0.006942430836716827,2,Q1
664,1,35.8935752,128.6095498,0.0062853255826765,246286,SPLY_LS,6.7744658799940956,0.0128487940878825,48166,0.008434558641743441,3,Q3
665,1,35.8936902,128.6096401,0.0863320120859685,75978,PIPE_LM,4.782615535252862,0.0863320120859685,75978,0.0370998230305929,4,Q4
666,1,35.88871,128.6020298,0.0071834519932267,73333,SPLY_LS,4.865164479031554,0.0073302408794184,144001,0.007240616870847673,2,Q2
667,1,35.8891053,128.6025241,0.0176827320666301,215055,PIPE_LM,7.987305203517553,0.0176827320666301,215055,0.012064784307178398,2,Q4
668,1,35.8924506,128.6083,0.0080252675253743,246258,SPLY_LS,8.055884669783556,0.0080252675253743,246258,0.0080252675253743,1,Q3
669,2,35.892445,128.6080946,0.0074001122845394,38786,SPLY_LS,8.16807851613333,0.0074001122845394,38786,0.007400112284539401,1,Q2
670,1,35.8906662,128.6032595,0.0072291196467086,246354,SPLY_LS,5.524476101345855,0.0072566134380905,406716,0.007223835007654145,4,Q2
671,1,35.8905487,128.6031583,0.0070767388029477,246334,SPLY_LS,4.38538352579056,0.007226090669692,246355,0.007094976589680967,3,Q2
672,3,35.890905000000004,128.60299369999998,0.0070483130186376,246356,SPLY_LS,6.280762892909144,0.0082471371730005,461919,0.007395257080067867,3,Q2
673,1,35.8903619,128.6032938,0.0073220859412967,143983,SPLY_LS,2.891297367472808,0.0073852284621823,73325,0.007340489063390654,2,Q2
676,1,35.8913343,128.6028039,0.0070296731600735,212371,SPLY_LS,8.854177803858839,0.0070296731600735,212371,0.0068944062311467125,2,Q1
677,1,35.8959178,128.6070107,0.0068083248396258,72381,SPLY_LS,6.873623655475798,0.0123209634288065,245227,0.008404239350913528,3,Q3
678,1,35.8955879,128.6064074,0.0066801933871737,37954,SPLY_LS,7.931413420531401,0.0066801933871737,37954,0.0066801933871737,1,Q1
679,1,35.8953065,128.6067474,0.007189043950796,72387,SPLY_LS,9.004980886665441,0.007189043950796,72387,0.007189043950796,1,Q2
680,1,35.8950278,128.6062918,0.0087191200408471,72392,SPLY_LS,6.027853456498334,0.0087191200408471,72392,0.008226238660281243,4,Q3
681,1,35.8951585,128.6060191,0.0067393573629389,245392,SPLY_LS,6.616349741599784,0.0071109895430591,245393,0.006901032511482455,2,Q1
682,2,35.8959163,128.6058311,0.0071107565448271,37966,SPLY_LS,7.353246110860361,0.0075655106566888,72399,0.007308409664861311,2,Q2
683,1,35.8945458,128.6062248,0.0072083828040561,143962,SPLY_LS,4.9363596838562955,0.0072083828040561,143962,0.007208382804056099,1,Q2
684,1,35.8944989,128.6060147,0.0070301391565377,107401,SPLY_LS,5.85502503029266,0.0130382109657319,106337,0.00968637563726438,2,Q3
685,1,35.8937395,128.6055498,0.0070569077050895,178198,SPLY_LS,9.250764488221442,0.0070569077050895,178198,0.0070569077050895,1,Q2
686,1,35.8939504,128.6058123,0.0074096932765476,177119,SPLY_LS,6.189407419441545,0.0133431178619665,177120,0.009157799298269044,3,Q3
687,1,35.8931406,128.6061747,0.0062480799048585,4756,SPLY_LS,8.8968894485612,0.0062480799048585,4756,0.0062480799048585,1,Q1
688,1,35.8935497,128.6061279,0.0070511089974222,73298,SPLY_LS,4.9595371974848526,0.0124682733736618,178160,0.008795577452919043,3,Q3
689,1,35.8926412,128.6075201,0.007054836969135,73292,SPLY_LS,9.332701116551828,0.007054836969135,73292,0.00662612807041154,2,Q1
690,1,35.8932908,128.6053603,0.0083729778673131,37745,SPLY_LS,8.225717408328013,0.0154927281565411,245212,0.011261528655693681,4,Q4
691,2,35.89319595,128.6057878,0.0067920149633822,178186,SPLY_LS,4.498095823744023,0.0539575075537303,411542,0.01652358006695447,3,Q4
692,1,35.8935606,128.6053668,0.0064576625003901,212318,SPLY_LS,7.848779756384939,0.0576928965805996,170309,0.0310614699486425,2,Q4
693,1,35.8931473,128.6053519,0.0069255229503471,107396,SPLY_LS,6.125796590235226,0.0154927281565411,177117,0.012096845351962454,3,Q4
695,3,35.89246533333333,128.60753536666667,0.0070706808489144,143943,SPLY_LS,9.192073282191222,0.0070706808489144,143943,0.006842156868452523,2,Q1
696,1,35.892233,128.6062489,0.007411557262404,178176,SPLY_LS,7.252037122235644,0.007411557262404,178176,0.007411557262404,1,Q2
697,1,35.89152,128.6055689,0.0070170912555428,212297,SPLY_LS,6.2866221210870386,0.0070170912555428,212297,0.0070170912555428,1,Q1
698,2,35.89571085,128.60505675000002,0.0158456055479039,142929,PIPE_LM,8.305147521725344,0.0158456055479039,142929,0.009653659739956607,3,Q3
700,1,35.8940489,128.6048683,0.0069010581359818,72467,SPLY_LS,8.291545736921377,0.0069010581359818,3933,0.0069010581359817995,2,Q1
702,1,35.8919931,128.6048395,0.0069341438849329,73356,SPLY_LS,6.745466435556521,0.0124682733736618,143984,0.008622000514019268,3,Q3
703,1,35.8960865,128.6010963,0.0070853597375336,3984,SPLY_LS,7.619112683370366,0.0121732498950612,72237,0.008605149128015905,3,Q3
704,1,35.8953934,128.6011361,0.0069192319980817,245490,SPLY_LS,5.9374597670276845,0.0069192319980817,245490,0.006919231998081701,1,Q1
706,1,35.8957377,128.6011203,0.0069108440617279,106632,SPLY_LS,4.946959260143706,0.0069355418743252,211503,0.006921837765955186,2,Q1
707,1,35.8944666,128.6007764,0.0068628464259255,105186,SPLY_LS,8.047444718904469,0.0068628464259255,36494,0.006862846425925502,2,Q1
708,3,35.89528953333333,128.60121883333335,0.006990296458857,143209,SPLY_LS,8.623978361400964,0.0069905294570891,245489,0.006990369491109058,3,Q1
709,1,35.8949974,128.6011109,0.006990296458857,177424,SPLY_LS,5.073199663886806,0.0219413295028088,413291,0.011924167038335471,3,Q4
710,1,35.8944816,128.6011167,0.0068628464259255,143229,SPLY_LS,7.672739470004083,0.0068628464259255,143229,0.0068628464259255,1,Q1
711,1,35.8954243,128.6020765,0.0068635454206217,245499,SPLY_LS,5.4124297462932995,0.0068635454206217,245499,0.0068635454206217,1,Q1
712,1,35.8951768,128.6018861,0.0064464785852516,245503,SPLY_LS,7.539636707401108,0.0385371593416165,99466,0.020707937090717374,2,Q4
713,1,35.895618,128.6016666,0.0069110770599599,37828,SPLY_LS,3.5338214863299,0.0072596424151072,106646,0.007013513865682609,4,Q1
714,3,35.8956574,128.60234176666665,0.0069110770599599,245501,SPLY_LS,6.594126609488704,0.0126577625347303,448649,0.009348523641732708,2,Q3
715,1,35.8895971,128.601464,0.0072945921499147,238402,SPLY_LS,9.266577254493772,0.0158456055479039,245240,0.009332301224144201,4,Q3
716,1,35.8916045,128.603594,0.0069355418743252,107450,SPLY_LS,9.468733788978605,0.0069355418743252,107450,0.0069355418743252,1,Q1
721,1,35.8916774,128.6029474,0.0307680307287902,4814,SPLY_LS,7.559233641297846,0.0307680307287902,4814,0.01589773947791172,3,Q4
722,1,35.8896577,128.6031403,0.0070047423492442,107425,SPLY_LS,6.030706890237928,0.0071508322407397,38883,0.007031181497996726,3,Q1
723,1,35.8910342,128.604078,0.0071261344281424,73323,SPLY_LS,5.4975563146407245,0.0071261344281424,73323,0.007126134428142401,1,Q2
724,1,35.8908316,128.6034761,0.0068591184542127,143979,SPLY_LS,7.066366825591066,0.0532314538300115,4787,0.020964058580286014,3,Q4
725,1,35.8906845,128.6035591,0.0069383378531098,211239,SPLY_LS,5.595065033522564,0.0072470605105765,245214,0.007057970952941261,2,Q2
726,1,35.8897404,128.6027238,0.0083478140582517,246378,SPLY_LS,9.032024624525729,0.0083478140582517,246378,0.0083478140582517,1,Q3
727,2,35.8941229,128.5974802,0.0069467257894636,36991,SPLY_LS,5.576533121691185,0.0069467257894636,36991,0.0069467257894636,1,Q1
729,1,35.8913639,128.5966834,0.0094466220706893,244019,SPLY_LS,4.606076459581514,0.0223682272298727,463697,0.012458261896389754,4,Q4
730,1,35.8920735,128.6055943,0.0071697050975358,178162,SPLY_LS,7.02981567719812,0.0071697050975358,178162,0.006636856642057339,2,Q1
731,1,35.8946962,128.6053718,0.0071853159790832,143969,SPLY_LS,5.315650193368927,0.0149619280483941,73276,0.009331158295115582,3,Q3
732,1,35.8959196,128.6054125,0.0145453902724933,412753,PIPE_LM,9.556223098804427,0.0145453902724933,412753,0.0145453902724933,1,Q4
733,1,35.8962961,128.6053979,0.0080754857246313,143100,SPLY_LS,6.3891228851951745,0.0458583123564315,439842,0.017168058367365485,4,Q4
735,3,35.89502943333333,128.60703119999997,0.0087716844419976,245387,SPLY_LS,8.024461779328648,0.0153154719160468,245228,0.010089506078022033,3,Q4
736,2,35.8950275,128.6071764,0.0083457084608803,245386,SPLY_LS,7.757853845945533,0.0153154719160468,245228,0.009944575003649316,3,Q4
737,1,35.8951854,128.6092512,0.0074900776666049,211390,SPLY_LS,6.177236898693357,0.0172752730079525,110993,0.010537624449955325,3,Q4
738,1,35.8948463,128.6092167,0.0059208194751626,443630,SPLY_LS,5.555818140172992,0.0166225307834266,245203,0.009261881072006178,4,Q3
739,1,35.8950196,128.6097072,0.0147851561145678,72312,PIPE_LM,6.927816759744899,0.0147851561145678,72312,0.00921058088088357,4,Q3
740,1,35.8954473,128.6010038,0.0069192319980817,3982,SPLY_LS,5.092915822979515,0.0356140138977223,246553,0.013141840271523129,4,Q4
741,1,35.8954767,128.6006315,0.007170637090464,105183,SPLY_LS,3.917224973498906,0.0124682733736618,36486,0.008954839491166175,3,Q3
742,1,35.8957562,128.6004581,0.0068521285072512,175958,SPLY_LS,7.4619674343629745,0.0068521285072512,175958,0.0068521285072512,1,Q1
743,1,35.8962062,128.6043354,0.0069844715030558,177341,SPLY_LS,6.891402076148565,0.0069844715030558,177341,0.006984471503055801,2,Q1
744,1,35.8972922,128.6038361,0.0070867577269259,37992,SPLY_LS,9.018861324755681,0.0070867577269259,37992,0.0070867577269259,1,Q2
745,2,35.8970944,128.6024783,0.006786190007581,3962,SPLY_LS,6.4578521187495594,0.0118786300053506,143188,0.00864172760271513,3,Q3
746,2,35.8971252,128.6023369,0.0067694141348734,245482,SPLY_LS,3.8179617711774028,0.0067694141348734,245482,0.0067694141348734,1,Q1
747,1,35.8970346,128.6017844,0.0070091693156531,177386,SPLY_LS,5.4133191659164694,0.007304844072125,211492,0.007108376905861499,5,Q2
748,3,35.895782,128.6105861,0.0069003591412856,72332,SPLY_LS,4.574058244063539,0.0074257701545591,211350,0.007114743262019975,2,Q2
749,2,35.890868499999996,128.60322585,0.0072566134380905,406715,SPLY_LS,1.1552836078829234,0.0072566134380905,406714,0.007212744658048841,4,Q2
750,1,35.8937504,128.6065046,0.012615583318517,106335,PIPE_LM,9.106761334853791,0.012615583318517,106335,0.008922018174374992,3,Q3
751,1,35.8937026,128.608004,0.0070236152060402,38796,SPLY_LS,6.352800539259912,0.0129106067971176,38782,0.009503501793556609,2,Q3
752,1,35.8951417,128.602664,0.0069194649963138,261499,SPLY_LS,4.9344609247975,0.0069194649963138,261499,0.0069194649963138,1,Q1
754,1,35.8953107,128.6014414,0.006920396989242,177420,SPLY_LS,7.526755095317239,0.006920396989242,177420,0.0068685089912143855,3,Q1
757,1,35.8947912,128.6023991,0.0069355418743252,245509,SPLY_LS,8.32242006139244,0.0070939806721194,245508,0.006987255453128539,3,Q1
758,1,35.8947381,128.6019531,0.0125810591760285,177138,PIPE_LM,4.6443922953899355,0.0344210568161073,106661,0.011596683849246767,7,Q4
759,2,35.8956655,128.6021624,0.0069110770599599,177419,SPLY_LS,9.010909673630886,0.0149442770051371,316859,0.010847880824571096,2,Q4
760,2,35.89294015,128.5973276,0.00927942253937,105136,SPLY_LS,7.466479963081359,0.00927942253937,105136,0.00927942253937,1,Q3
762,1,35.8962166,128.6000401,0.0072211977068189,105158,SPLY_LS,6.425560925903495,0.0162343340538362,243994,0.010165579885958467,3,Q4
763,1,35.8963653,128.6000976,0.0070499440062619,36461,SPLY_LS,6.283852467625606,0.0070499440062619,36461,0.007049944006261899,2,Q2
764,1,35.896816,128.6006497,0.0069108440617279,36468,SPLY_LS,5.584064400770792,0.0069108440617279,36468,0.0069108440617279,1,Q1
766,1,35.897234,128.6011778,0.0984836616587468,324795,PIPE_LM,3.7255240915659535,0.0984836616587468,324795,0.0583139707691764,2,Q4
767,1,35.8945447,128.60202,0.0067414543470273,4001,SPLY_LS,7.488104177123399,0.006920396989242,211522,0.006827398278478198,2,Q1
768,1,35.8946495,128.6017077,0.006920396989242,38090,SPLY_LS,7.411810803014369,0.006920396989242,38090,0.0069203969892420005,2,Q1
769,1,35.8946636,128.602393,0.0069355418743252,143225,SPLY_LS,5.00994791751831,0.0175036538467823,408602,0.00883119127418552,6,Q3
770,3,35.8962741,128.598792,0.0149572818042988,243991,PIPE_LM,5.107029970856144,0.0149572818042988,243991,0.010032096680953343,4,Q4
772,3,35.8971117,128.5998117,0.0072666323620687,142132,SPLY_LS,8.393932700477446,0.0076820352423729,36477,0.007462194717553177,2,Q2
773,1,35.8969617,128.6013846,0.0074201781969899,37770,SPLY_LS,3.8746764578610207,0.1070396022978844,245517,0.02549004665758819,6,Q4
774,1,35.8971366,128.6013529,0.0073971113720169,38059,SPLY_LS,2.8153583924760692,0.0074218091846142,106625,0.007174842340703895,5,Q2
776,2,35.8968833,128.6021024,0.0070091693156531,245486,SPLY_LS,8.584386095431483,0.0526516151206023,4007,0.029771624160403447,2,Q4
778,1,35.8961417,128.602339,0.00707813679234,38072,SPLY_LS,6.338887519116571,0.0448899093987984,72531,0.015170920603681224,4,Q4
779,1,35.8965775,128.6025858,0.0070010143775314,72298,SPLY_LS,5.783877156018005,0.012615583318517,106362,0.008053481289541661,4,Q3
780,1,35.8960892,128.604461,0.0072442645317919,3917,SPLY_LS,4.31826483777686,0.0074285661333437,177342,0.007215800125389918,3,Q2
781,1,35.8957266,128.6037964,0.0076930522562903,3924,SPLY_LS,8.173337631189714,0.0076930522562903,3924,0.007525044786696945,2,Q2
782,1,35.8956114,128.6038041,0.0073288428900261,177347,SPLY_LS,5.72740045166302,0.0443595448583429,211479,0.015332842640357535,5,Q4
783,1,35.8973991,128.5999957,0.0069821415207353,105101,SPLY_LS,5.223399120699719,0.0069821415207353,105101,0.0069821415207353,1,Q1
784,1,35.8977546,128.6028124,0.0078669949021889,405349,SPLY_LS,9.50935565730683,0.0078669949021889,405349,0.0078669949021889,1,Q3
785,1,35.8976002,128.603555,0.0068940681890203,38241,SPLY_LS,9.596424502390775,0.0068940681890203,38241,0.006894068189020301,1,Q1
786,1,35.898456,128.6049009,0.0074089942818514,38216,SPLY_LS,7.940517695593499,0.0074215761863822,143348,0.007414884012219586,2,Q2
787,1,35.8983877,128.6047369,0.0080151781292857,4140,SPLY_LS,8.04327866928561,0.0080151781292857,4140,0.007660829506468268,2,Q3
788,1,35.898598,128.6061009,0.0070466820310132,72641,SPLY_LS,5.545823724119147,0.0366409244777962,324766,0.0196990060686817,2,Q4
790,1,35.8982006,128.6047688,0.0073416577927889,38231,SPLY_LS,7.700605330592152,0.0073416577927889,38231,0.0073416577927889,1,Q2
791,2,35.8976825,128.6045625,0.0070960776562079,143357,SPLY_LS,5.996033031232822,0.0178972991594237,177622,0.011998148121486633,2,Q4
792,1,35.897478,128.6044319,0.0070960776562079,38237,SPLY_LS,7.290993877339951,0.0072379735795265,245679,0.007074163616726676,3,Q2
793,2,35.8976416,128.6036774,0.0069744525790776,211666,SPLY_LS,7.572264211792159,0.0069744525790776,211666,0.0069744525790776,1,Q1
794,1,35.89345,128.5989036,0.0071142515183078,105145,SPLY_LS,5.233416519083013,0.0071142515183078,105145,0.007030869786603195,3,Q1
795,1,35.8934617,128.5984185,0.0069770155596302,36450,SPLY_LS,7.470025530906995,0.0071142515183078,71424,0.007019039209652838,3,Q1
796,1,35.8937043,128.5989861,0.0073302408794184,175922,SPLY_LS,7.638729334740281,0.0073302408794184,175922,0.0073302408794184,1,Q2
797,1,35.8899651,128.6009332,0.0069357748725573,178418,SPLY_LS,3.7785074974257977,0.1310330430280368,71258,0.03239237624863958,4,Q4
798,1,35.8911309,128.5975278,0.0092094531702853,36427,SPLY_LS,5.689556651043137,0.0231753725454059,2778,0.012691403962679478,3,Q4
799,1,35.8915342,128.5965834,0.0088477933144969,71406,SPLY_LS,6.088971372300232,0.0090673941482043,244022,0.008943401432973333,2,Q3
800,1,35.8918673,128.5973152,0.0289264325432401,71430,PIPE_LM,7.893198233848657,0.0289264325432401,71430,0.020649058488131353,2,Q4
801,1,35.8925856,128.5968797,0.0090686057390109,175901,SPLY_LS,8.436425625508633,0.070855627345236,302085,0.03803976600529681,2,Q4
802,1,35.8917733,128.5973032,0.0106460666795141,244025,SPLY_LS,2.385951421903017,0.0106460666795141,244025,0.0106460666795141,1,Q4
803,1,35.8891615,128.6026163,0.0064819112782524,212362,SPLY_LS,9.8422962224522,0.0176827320666301,215055,0.012053855799125351,2,Q4
804,1,35.8889189,128.6020764,0.0066747885906469,107439,SPLY_LS,8.358548617276583,0.0709752717733486,42425,0.029175479829333714,3,Q4
805,1,35.8906725,128.6043161,0.0067458813134363,246368,SPLY_LS,3.978042529616454,0.0067458813134363,246368,0.0067458813134363,1,Q1
807,1,35.8907876,128.6044362,0.0069635016621713,178227,SPLY_LS,6.573393653743591,0.0123209634288065,211243,0.00924011070444421,2,Q3
808,1,35.8898477,128.6024933,0.0071492012531154,38900,SPLY_LS,6.015297121566654,0.0083033579955765,107445,0.007542351712820761,3,Q2
809,1,35.8899212,128.6024098,0.0070096353121172,4783,SPLY_LS,3.8569710322235125,0.0197141189023577,212340,0.01002009986799533,4,Q4
810,1,35.8894594,128.6016559,0.0072945921499147,106412,SPLY_LS,7.196088487004441,0.0072945921499147,106412,0.0072827139359237115,2,Q2
811,1,35.8899459,128.6034124,0.0160397039126991,4788,PIPE_LM,1.8600392204169185,0.0160397039126991,4788,0.01199554752401693,3,Q4
812,3,35.89062653333333,128.60371696666667,0.0345933966229472,37748,SPLY_LS,6.589223019797234,0.0345933966229472,37748,0.017324538024742587,4,Q4
813,1,35.8893451,128.6020508,0.006594554386207,178236,SPLY_LS,7.685968872132745,0.0083478140582517,246376,0.007383366358199634,2,Q2
815,1,35.8945089,128.5990098,0.0083110907391263,176378,SPLY_LS,3.4587767028323366,0.0083110907391263,176378,0.007885577101580311,2,Q3
816,1,35.8945176,128.5979996,0.0058984667434693,2947,SPLY_LS,6.709161372102678,0.0172644449111626,414354,0.009050484519660939,4,Q3
817,1,35.8908545,128.6028273,0.0071673751152153,37747,SPLY_LS,4.568751573044465,0.0085234199331141,142914,0.00762789930379776,2,Q2
818,1,35.8908965,128.6026341,0.006897563162501,73309,SPLY_LS,1.6204150334266463,0.0072435655370957,245213,0.006960706334749505,3,Q1
819,1,35.8950289,128.6090777,0.0055962614437301,177271,SPLY_LS,7.050374597601119,0.0072351776007419,211391,0.006501011043463395,3,Q1
820,1,35.8968314,128.6046401,0.0078376655847038,211445,SPLY_LS,7.403561985700235,0.0080159888487647,3910,0.007596987600134103,3,Q2
821,1,35.8981896,128.6074701,0.0072963401912254,245197,SPLY_LS,9.042337618998273,0.0072963401912254,245197,0.0072963401912254,1,Q2
822,1,35.8958307,128.6044147,0.0065741268800749,143149,SPLY_LS,9.231819938915962,0.0065741268800749,143149,0.006574126880074899,1,Q1
823,1,35.8958978,128.608558,0.0055045315901674,143062,SPLY_LS,7.769436229865058,0.0129737896179194,439877,0.008573591926886283,3,Q3
824,1,35.8935601,128.6062494,0.006256457339475,178184,SPLY_LS,6.683334960964361,0.0124682733736618,178160,0.008334643609830756,4,Q3
826,1,35.895388,128.5999986,0.0070604289267042,2869,SPLY_LS,5.5059772920922905,0.0124682733736618,243997,0.008177866873073595,4,Q3
828,1,35.8937032,128.6074447,0.0086959122518323,107408,SPLY_LS,5.760697344549714,0.0086959122518323,107408,0.008426990837230156,2,Q3
829,1,35.8964057,128.6088621,0.007161550159414,72362,SPLY_LS,7.960092225841016,0.012941016438922,440580,0.009069159620502499,3,Q3
831,1,35.8975081,128.602293,0.0513439337937303,245521,PIPE_LM,4.813671669974477,0.0513439337937303,245521,0.026454493395511786,3,Q4
832,2,35.89491415,128.61135389999998,0.0071296294016231,72319,SPLY_LS,9.061181077271783,0.0071296294016231,72319,0.0071296294016231,1,Q2
833,1,35.8974173,128.6079726,0.0071540942159884,37907,SPLY_LS,7.5951669565904245,0.0071540942159884,37907,0.007152959280968283,2,Q2
835,1,35.8977752,128.6025297,0.0068181872749107,72234,SPLY_LS,9.341300475099928,0.0068181872749107,72234,0.0068181872749107,1,Q1
836,1,35.8931251,128.6073457,0.0054584391322975,73296,SPLY_LS,7.223637163464364,0.0082305727477701,107391,0.006733630809794356,2,Q1
837,1,35.8946784,128.6104871,0.0164284324186314,72210,PIPE_LM,4.483673110215563,0.0164284324186314,72210,0.013172991166772691,2,Q4
839,2,35.8961898,128.6085322,0.0069504537611764,37925,SPLY_LS,6.354235054849129,0.0071524632283641,143054,0.006981993968523029,3,Q1
841,2,35.8938377,128.5989477,0.0216692294342273,210459,PIPE_LM,7.829967108304462,0.0216692294342273,210459,0.016709396138030637,3,Q4
842,1,35.8922475,128.6063896,0.0072983201216275,246306,SPLY_LS,7.352266087387747,0.0072983201216275,246306,0.0072983201216275,1,Q2
843,1,35.8930049,128.5984109,0.0073153289925672,210453,SPLY_LS,6.678936142738604,0.0073153289925672,210453,0.0071003651130986025,2,Q2
844,2,35.89145155,128.59612399999997,0.0089980305745229,2812,SPLY_LS,6.492899793667302,0.0156170379561781,142096,0.011000008088558371,3,Q4
845,1,35.8946381,128.6083309,0.0062903459163001,143896,SPLY_LS,8.923843612250057,0.0062903459163001,143896,0.006290345916300099,1,Q1
846,2,35.8972017,128.6020827,0.0071906749384203,38055,SPLY_LS,8.716239369344775,0.0071906749384203,38055,0.0071906749384203,1,Q2
847,1,35.8970184,128.5987428,0.0069837725083596,142145,SPLY_LS,5.7701147452971036,0.0069837725083596,142145,0.0069837725083596,1,Q1
848,2,35.8980579,128.6015417,0.0863641399555962,308751,PIPE_LM,4.473416264526104,0.0984836616587468,72533,0.08063458030460124,3,Q4
852,1,35.8926771,128.606472,0.0169346479762551,420515,PIPE_LM,8.026452980978439,0.0169346479762551,420515,0.012251766842970987,2,Q4
853,1,35.8971064,128.6012248,0.0073952473861605,72511,SPLY_LS,3.713063579615095,0.0160397039126991,143236,0.0095298251810899,4,Q3
854,1,35.895689,128.6104822,0.0072943591516827,177226,SPLY_LS,6.483289377969825,0.0072943591516827,177226,0.0070066614693645845,2,Q1
855,1,35.8938686,128.6070015,0.0059237921132523,246288,SPLY_LS,8.453887924715223,0.0059237921132523,246288,0.0059237921132523,1,Q1
857,1,35.891192,128.6050644,0.0071999948677023,246400,SPLY_LS,7.4855885708661845,0.0124682733736618,246347,0.008507820112328531,4,Q3
858,1,35.8980021,128.6077981,0.0073999073508015,3813,SPLY_LS,7.760057227894738,0.0073999073508015,3813,0.0073999073508015,1,Q2
859,1,35.897901,128.6010927,0.0066536140135444,211496,SPLY_LS,5.75092561213944,0.0144311279402471,143189,0.010178493755196333,2,Q4
860,1,35.8913008,128.6053531,0.0073676830891113,107371,SPLY_LS,8.465804678832269,0.0073676830891113,107371,0.0073676830891113,1,Q2
862,1,35.8934052,128.6077535,0.0056376081371599,143889,SPLY_LS,6.115510890298909,0.0070035773580839,246263,0.006208733719288363,2,Q1
863,1,35.8913156,128.606595,0.0080306335649616,178170,SPLY_LS,6.9878260557847085,0.0080306335649616,178170,0.0080306335649616,1,Q3
864,1,35.8965918,128.6013299,0.0070625259107926,143204,SPLY_LS,7.9576129580532085,0.0984836616587468,38096,0.05136033971371584,2,Q4
865,1,35.8904244,128.6012719,0.1166082752880062,246554,PIPE_LM,3.877697415412045,0.1166082752880062,246554,0.04795412464713891,4,Q4
868,1,35.8911947,128.6034905,0.0073798695028452,178250,SPLY_LS,8.610754751726242,0.0073798695028452,178250,0.0073798695028452,1,Q2
869,1,35.8927036,128.6079642,0.006925289952115,211228,SPLY_LS,6.869274208065157,0.0079443350638446,177113,0.00735357910954974,2,Q2
870,1,35.8939851,128.6100777,0.0068700693711191,246251,SPLY_LS,5.088830668749968,0.0068700693711191,212284,0.006806099917075596,3,Q1
871,1,35.8913997,128.6043448,0.0067428890268842,107458,SPLY_LS,8.207830751147725,0.0067428890268842,107458,0.0067428890268842,1,Q1
872,1,35.8943401,128.5988184,0.0071373183432808,175924,SPLY_LS,9.276303816715929,0.0071373183432808,175924,0.0071373183432808,1,Q2
873,1,35.8957469,128.6019636,0.0069837725083596,245497,SPLY_LS,7.535271517001042,0.0069837725083596,245497,0.0069837725083596,1,Q1
875,1,35.8973096,128.6094513,0.005839044346349,106474,SPLY_LS,4.480311660417913,0.0062521335022536,37901,0.006022975683751307,3,Q1
877,1,35.8937318,128.6044382,0.0073957133826246,38031,SPLY_LS,5.951748877181423,0.0073957133826246,38031,0.007339304635130007,2,Q2
879,1,35.8948476,128.6077659,0.0674682454176989,316639,PIPE_LM,8.24018379391017,0.0674682454176989,316639,0.03919317172563272,2,Q4
880,1,35.8963146,128.6087015,0.007161550159414,177262,SPLY_LS,6.558335519752995,0.007161550159414,177262,0.007161550159414,3,Q2
881,1,35.8975072,128.6089707,0.0070024123669237,245340,SPLY_LS,6.984753281728488,0.0146078998740734,72347,0.010523490482919817,2,Q4
882,1,35.8961112,128.6001309,0.0068784573074729,105157,SPLY_LS,9.17572819474,0.0068784573074729,105157,0.0068784573074729,1,Q1
883,1,35.8978985,128.6080259,0.0068460705532179,245339,SPLY_LS,6.708283303139419,0.0068460705532179,245339,0.006731722243689234,2,Q1
884,1,35.8952784,128.6102857,0.0072943591516827,143027,SPLY_LS,6.602872289562621,0.0214767589913084,245307,0.010962990430346126,3,Q4
885,1,35.8964916,128.6090544,0.007161550159414,245355,SPLY_LS,8.11000250120607,0.007161550159414,245355,0.007161550159414,1,Q2
886,1,35.8889357,128.6022712,0.007508950523401,81505,SPLY_LS,5.843864880014704,0.0106654418019671,164023,0.008213850465303136,3,Q3
888,1,35.8947804,128.6002504,0.0072396045671509,176374,SPLY_LS,8.675095628922607,0.0072396045671509,176374,0.007237060840859827,2,Q2
889,1,35.8952121,128.6038735,0.0117313200604953,37769,PIPE_LM,5.513160905411297,0.0224555854777788,10937,0.01055673711941535,8,Q4
890,1,35.8934871,128.5985558,0.0071142515183078,244033,SPLY_LS,2.726155398265887,0.0216692294342273,2836,0.009511150758848303,5,Q3
891,1,35.8914337,128.5963278,0.0089980305745229,2813,SPLY_LS,9.149458122851762,0.0089980305745229,2813,0.0089980305745229,1,Q3
893,1,35.8973449,128.6011675,0.0071578221877012,245231,SPLY_LS,5.387578623060139,0.0074145862394206,106361,0.007308977239827512,3,Q2
894,1,35.898052,128.6017082,0.0073316388688107,177392,SPLY_LS,7.623460218047898,0.0127628932633723,310513,0.00976112178438114,2,Q3
