CLUSTER_ID,REPAIR_COUNT,MAX_CNT_JNT,MAX_CNT_PIPE_TYPE,MAX_CNT_DISTANCE,AVG_CNT_JNT,NEAREST_CNT_JNT,NEAREST_DISTANCE,NEARBY_PIPE_COUNT,HIGH_CNT_PIPE_COUNT,IS_FREQUENT
0.0,2.0,4,PIPE_LM,15.069827707735731,2.58974358974359,2,9.015219826350107,39,19,False
1.0,5.0,5,PIPE_LM,26.310582908197627,2.836734693877551,2,12.372644861970885,49,26,True
2.0,5.0,3,PIPE_LM,28.456260598187562,2.5,2,6.912443833429991,32,18,True
3.0,2.0,4,PIPE_LM,8.590772595296855,2.9642857142857144,3,3.6681720053372446,28,17,False
4.0,3.0,4,PIPE_LM,28.219213837532752,2.764705882352941,1,9.552491727780746,34,17,False
5.0,3.0,4,PIPE_LM,28.451728174128366,2.782608695652174,2,4.7629252280056615,23,14,False
6.0,3.0,5,PIPE_LM,18.521509210586675,2.8285714285714287,2,8.622521029746885,35,20,False
7.0,2.0,4,PIPE_LM,23.121677844359912,2.75,2,7.789520131763869,20,11,False
8.0,2.0,4,PIPE_LM,20.106139452800438,2.3773584905660377,2,5.822080513080545,53,20,False
9.0,5.0,4,PIPE_LM,17.675601274090944,2.5625,1,4.920251617978239,48,22,True
10.0,2.0,4,PIPE_LM,27.169751243765376,2.7058823529411766,2,8.575769266379154,51,27,False
11.0,3.0,4,PIPE_LM,24.515626231959587,2.5428571428571427,1,7.27587058039627,35,18,False
12.0,3.0,4,PIPE_LM,14.877508373453862,2.682926829268293,4,14.877508373453862,41,18,False
13.0,3.0,4,PIPE_LM,22.40267392728676,2.4583333333333335,2,12.136334673077716,24,10,False
14.0,2.0,4,PIPE_LM,24.418141083037575,2.9,2,5.0006807050714865,30,16,False
15.0,3.0,4,PIPE_LM,26.77910692050384,2.5952380952380953,2,10.52005479362363,42,17,False
16.0,2.0,4,PIPE_LM,9.899234290680573,2.5849056603773586,3,5.326841666613784,53,27,False
17.0,3.0,4,PIPE_LM,10.080311018255346,2.813953488372093,1,6.888884230087686,43,27,False
18.0,2.0,4,PIPE_LM,29.95272590698604,2.8947368421052633,2,7.906338783237903,38,24,False
19.0,2.0,4,PIPE_LM,9.321501187816194,2.727272727272727,2,8.048803186993121,22,12,False
20.0,3.0,4,PIPE_LM,18.438451992121525,2.6875,2,9.721408252250104,48,26,False
21.0,3.0,4,PIPE_LM,29.668985556345508,2.8666666666666667,2,6.532141719777262,45,29,False
22.0,2.0,4,PIPE_LM,10.351926270243645,2.772727272727273,2,5.8612701796106474,44,25,False
23.0,2.0,4,PIPE_LM,9.320050730696707,2.6724137931034484,1,4.963460386382178,58,34,False
24.0,3.0,4,PIPE_LM,12.505733012750904,2.763157894736842,3,6.305080582941665,38,25,False
25.0,2.0,4,PIPE_LM,19.913497560120472,2.7142857142857144,3,6.503925574263336,35,20,False
26.0,3.0,4,PIPE_LM,19.429750165642066,2.806451612903226,3,7.198357291313274,31,16,False
27.0,2.0,6,PIPE_LM,24.77894038385044,2.9272727272727272,2,4.256010754985106,55,36,False
28.0,2.0,4,PIPE_LM,29.44437456414275,2.7142857142857144,3,5.878551570385383,56,33,False
29.0,2.0,4,PIPE_LM,23.76817423844179,2.6363636363636362,3,5.567698872070991,44,24,False
30.0,2.0,4,PIPE_LM,22.035261419839745,2.8,1,6.203849249761718,35,20,False
31.0,3.0,4,PIPE_LM,14.83837895260334,2.7241379310344827,2,6.664178643076145,29,13,False
32.0,2.0,4,PIPE_LM,24.586663490325463,2.738095238095238,2,7.347278407942516,42,25,False
33.0,2.0,5,PIPE_LM,14.952283997731422,2.877551020408163,2,6.474758448805209,49,31,False
34.0,2.0,4,PIPE_LM,26.735589765760494,2.4782608695652173,2,7.890934098699868,23,11,False
35.0,2.0,4,PIPE_LM,23.24130815148895,2.806451612903226,2,5.844528309192045,31,17,False
36.0,2.0,30,PIPE_LM,23.291649209123403,3.5,5,4.25165451640859,68,47,False
37.0,2.0,3,PIPE_LM,22.256370340680473,2.066666666666667,2,6.331272830635856,15,3,False
38.0,2.0,4,PIPE_LM,28.408972362830944,2.6944444444444446,3,4.295685552022313,36,22,False
39.0,3.0,4,PIPE_LM,5.772284788207201,2.5813953488372094,4,5.1307137545763775,43,22,False
40.0,3.0,4,PIPE_LM,27.69864956742368,2.8181818181818183,4,3.7735903076367108,55,30,False
41.0,2.0,4,PIPE_LM,10.957168014754187,2.608695652173913,2,8.559068873256804,46,24,False
42.0,2.0,4,PIPE_LM,23.21410401859993,2.6346153846153846,2,6.748684471938312,52,26,False
43.0,2.0,4,PIPE_LM,20.93930564724606,2.7916666666666665,2,4.612098802916275,24,12,False
44.0,2.0,4,PIPE_LM,27.922620593450578,2.8378378378378377,2,5.6305202291747785,37,22,False
45.0,2.0,4,PIPE_LM,22.519660491198845,2.8214285714285716,4,8.843910505319728,28,15,False
46.0,4.0,4,PIPE_LM,25.21495516469783,2.7142857142857144,2,8.875481283186373,35,20,True
47.0,3.0,5,PIPE_LM,23.931237469803616,2.8157894736842106,2,7.632236936095994,38,19,False
48.0,2.0,4,PIPE_LM,22.205073122222554,2.7560975609756095,2,10.87960495395244,41,24,False
49.0,2.0,4,PIPE_LM,24.330978022965127,2.6808510638297873,1,4.381943563579271,47,27,False
50.0,2.0,4,PIPE_LM,26.794425476977587,2.6964285714285716,2,6.689120849444198,56,27,False
51.0,3.0,4,PIPE_LM,21.17020767011117,2.684931506849315,2,4.893178949121127,73,36,False
52.0,3.0,4,PIPE_LM,18.205270075877635,2.8958333333333335,3,5.938142905141889,48,33,False
53.0,2.0,4,PIPE_LM,15.320241915686749,2.4347826086956523,2,8.592600638761889,23,13,False
54.0,2.0,4,PIPE_LM,20.308704573064837,2.0,2,17.366264786341564,6,1,False
55.0,3.0,4,PIPE_LM,22.129219212727744,2.59375,1,7.834342179466967,32,20,False
56.0,2.0,4,PIPE_LM,29.700829704637925,2.823529411764706,2,5.837301904888152,34,19,False
57.0,2.0,4,PIPE_LM,27.13200044575781,2.888888888888889,2,9.418546499588805,36,21,False
58.0,2.0,4,PIPE_LM,23.82178307739305,2.7037037037037037,2,12.518904576159562,27,15,False
59.0,2.0,4,PIPE_LM,29.605366803679964,2.6857142857142855,1,8.127997724392715,35,18,False
60.0,3.0,4,PIPE_LM,18.93465588847306,2.7857142857142856,2,8.464682061627425,56,31,False
61.0,2.0,4,PIPE_LM,24.98691033578021,2.5757575757575757,2,4.86472793678283,33,17,False
62.0,2.0,4,PIPE_LM,21.664621028986577,2.782608695652174,2,7.180146652439736,46,27,False
63.0,2.0,4,PIPE_LM,24.12008188267903,2.5806451612903225,3,7.209522871107766,31,17,False
64.0,3.0,4,PIPE_LM,22.3566886224818,2.9696969696969697,2,7.964548266385644,33,17,False
65.0,2.0,4,PIPE_LM,22.650120622461305,2.4545454545454546,1,6.827367078923376,22,10,False
66.0,3.0,4,PIPE_LM,13.258476799898798,2.5,2,6.5295759920292,42,18,False
67.0,4.0,4,PIPE_LM,11.992293938595576,2.6551724137931036,2,10.039393964809637,29,17,True
68.0,3.0,4,PIPE_LM,19.49350341933865,2.8333333333333335,2,5.8174499963625905,48,30,False
69.0,3.0,4,PIPE_LM,7.965573486479698,2.84375,2,7.3139710674459,32,21,False
70.0,2.0,4,PIPE_LM,22.316343079968334,2.5517241379310347,3,5.127132620420241,29,15,False
71.0,2.0,4,PIPE_LM,17.96948099872845,2.618181818181818,2,9.598885149966641,55,30,False
73.0,2.0,5,PIPE_LM,14.132323196599963,2.8055555555555554,3,6.696042422999848,36,19,False
74.0,2.0,4,PIPE_LM,20.044745827578385,2.757575757575758,2,6.678755032597203,33,19,False
75.0,2.0,4,PIPE_LM,21.50239701945271,2.6615384615384614,4,5.9760680363302185,65,35,False
76.0,3.0,4,PIPE_LM,26.344780152309745,2.909090909090909,2,3.0069319213365624,44,25,False
77.0,2.0,5,PIPE_LM,29.694646119083025,2.793103448275862,1,5.435528063079175,29,15,False
78.0,3.0,4,PIPE_LM,21.280725737168655,2.6666666666666665,2,12.471362047850844,21,10,False
79.0,2.0,6,PIPE_LM,16.64096642616566,2.806451612903226,3,10.76349538673819,31,21,False
80.0,2.0,5,PIPE_LM,10.331952165184996,2.7027027027027026,2,7.538951424931833,37,20,False
81.0,2.0,4,PIPE_LM,12.30000843547767,2.566666666666667,2,4.8112614037343,30,13,False
82.0,2.0,4,PIPE_LM,15.503131937188964,2.509433962264151,3,8.084187722767695,53,28,False
83.0,3.0,3,PIPE_LM,22.370308699105248,2.5,2,9.288691247490208,10,5,False
84.0,2.0,4,PIPE_LM,26.06708124612761,2.6944444444444446,1,6.22752543596843,36,21,False
85.0,3.0,4,PIPE_LM,24.01782494416481,2.6206896551724137,3,6.514571846599083,58,32,False
86.0,3.0,4,PIPE_LM,10.950646778582144,2.625,2,1.6020658102812297,24,13,False
87.0,2.0,4,PIPE_LM,13.478840100020491,2.6842105263157894,2,8.136965311829712,19,10,False
88.0,3.0,4,PIPE_LM,22.51086043068675,2.8292682926829267,2,8.048429959038302,41,25,False
89.0,3.0,4,PIPE_LM,16.08938352806504,2.8048780487804876,2,6.07411470938897,41,25,False
90.0,2.0,4,PIPE_LM,29.69780419579384,2.6923076923076925,2,13.21160777958038,26,14,False
91.0,2.0,4,PIPE_LM,26.888592895577784,2.4827586206896552,1,6.125458382209455,29,14,False
92.0,3.0,4,PIPE_LM,20.66761829973768,2.772727272727273,2,5.596745110092009,44,24,False
93.0,3.0,4,PIPE_LM,28.81311204440984,2.4210526315789473,2,8.73785168202338,19,9,False
94.0,2.0,5,PIPE_LM,27.256695165502805,2.5925925925925926,3,9.472024148249066,54,25,False
95.0,2.0,4,PIPE_LM,28.679222144002654,2.702127659574468,2,4.602987268959729,47,28,False
96.0,2.0,30,PIPE_LM,23.150282000816215,3.811320754716981,2,6.8508920228742385,53,38,False
97.0,2.0,4,PIPE_LM,28.952167589501016,2.72972972972973,2,8.275565757357974,37,22,False
98.0,2.0,4,PIPE_LM,17.443528098694088,2.5526315789473686,2,11.126525362141903,38,21,False
99.0,3.0,4,PIPE_LM,11.39313670993758,2.8125,3,6.709584784231749,32,20,False
100.0,3.0,4,PIPE_LM,20.145739499548764,2.606060606060606,2,8.090238479778446,33,15,False
101.0,5.0,5,PIPE_LM,26.04558318816688,2.8524590163934427,2,5.4557574251431635,61,38,True
102.0,3.0,4,PIPE_LM,25.293956895361127,2.7346938775510203,2,10.329907833136367,49,28,False
103.0,3.0,4,PIPE_LM,11.245442851677069,2.8461538461538463,1,10.141827886840911,26,16,False
104.0,2.0,4,PIPE_LM,27.318716824895354,2.5813953488372094,1,8.175453930818607,43,25,False
105.0,2.0,4,PIPE_LM,8.50984227262244,2.96,2,7.137504011460859,25,14,False
106.0,3.0,4,PIPE_LM,23.942418845664832,2.8823529411764706,4,6.362873453004796,51,29,False
107.0,2.0,4,PIPE_LM,12.10024156035707,2.744186046511628,3,5.129856156095779,43,27,False
108.0,2.0,4,PIPE_LM,12.933074833578889,2.6451612903225805,2,5.072337920531989,31,14,False
109.0,2.0,4,PIPE_LM,13.795558466703891,2.7058823529411766,3,7.651397398533382,51,30,False
110.0,2.0,4,PIPE_LM,29.232981169023713,2.8461538461538463,2,8.589115545126836,39,23,False
111.0,2.0,4,PIPE_LM,26.220056925231265,2.6923076923076925,2,13.359347489603703,26,13,False
112.0,3.0,4,PIPE_LM,7.898483715832801,2.6052631578947367,2,5.942158345527978,38,21,False
113.0,2.0,4,PIPE_LM,22.34119923564854,2.774193548387097,2,11.227748875039087,31,16,False
114.0,3.0,4,PIPE_LM,19.876392585989734,2.764705882352941,1,9.556393529260594,34,19,False
115.0,2.0,4,PIPE_LM,17.367211782261474,2.4210526315789473,3,6.2192134187658885,38,13,False
116.0,2.0,4,PIPE_LM,26.801484924575522,2.80327868852459,2,6.6300738757237045,61,32,False
117.0,2.0,4,PIPE_LM,23.61156454697105,2.6052631578947367,3,7.147476561483139,38,22,False
118.0,2.0,4,PIPE_LM,25.679322114409537,2.911764705882353,2,2.534950034611794,34,17,False
119.0,3.0,4,PIPE_LM,14.958175531753962,2.5483870967741935,4,6.727800974583282,31,16,False
120.0,2.0,5,PIPE_LM,17.648572006189852,2.8421052631578947,3,7.011850279860282,38,21,False
121.0,2.0,4,PIPE_LM,22.90511890463034,2.6904761904761907,1,9.964890355243199,42,23,False
122.0,2.0,4,PIPE_LM,13.669994659739386,2.6875,2,11.54043037389343,32,18,False
123.0,2.0,4,PIPE_LM,26.72732352899825,2.8222222222222224,2,6.835812283093419,45,27,False
124.0,2.0,4,PIPE_LM,25.73806617727658,2.925,1,7.249292898718988,40,23,False
125.0,3.0,4,PIPE_LM,23.266183196748194,2.6444444444444444,1,9.22089431721172,45,24,False
126.0,2.0,4,PIPE_LM,21.987561305902627,2.9130434782608696,4,7.506273363632416,23,11,False
127.0,2.0,4,PIPE_LM,26.211845201735066,2.864864864864865,2,5.710390459727396,37,21,False
128.0,2.0,4,PIPE_LM,28.148667944434546,2.7333333333333334,4,7.763947033413341,45,24,False
129.0,2.0,4,PIPE_LM,18.251721492600115,2.591549295774648,4,3.2967534542455468,71,36,False
130.0,2.0,4,PIPE_LM,25.18960059078792,2.6944444444444446,4,8.783975381492196,36,18,False
131.0,4.0,4,PIPE_LM,14.305345864112507,2.610169491525424,2,8.049269817938805,59,33,True
132.0,2.0,5,PIPE_LM,24.575925830140743,2.8181818181818183,3,7.414988612452953,44,29,False
133.0,3.0,4,PIPE_LM,20.191892491883554,2.7857142857142856,2,5.231161534807587,42,24,False
134.0,3.0,4,PIPE_LM,24.67916499520284,2.5555555555555554,2,7.090213909261353,27,13,False
135.0,2.0,4,PIPE_LM,22.174965607667517,2.7454545454545456,2,4.486046916923699,55,29,False
136.0,2.0,4,PIPE_LM,13.657954254648034,2.5789473684210527,2,5.209349436096676,38,16,False
137.0,2.0,4,PIPE_LM,27.34732577714548,2.74468085106383,2,7.62099407880206,47,29,False
138.0,2.0,4,PIPE_LM,28.529324582826085,2.4324324324324325,1,11.98808022465768,37,17,False
139.0,4.0,4,PIPE_LM,26.748285543962933,2.511111111111111,2,3.7248807664985946,45,21,True
140.0,3.0,4,PIPE_LM,18.10556222532922,2.659090909090909,3,2.8977928331975016,44,26,False
141.0,3.0,4,PIPE_LM,10.230038460943158,2.5686274509803924,1,5.51786675291204,51,25,False
142.0,2.0,4,PIPE_LM,14.459897803684136,2.9130434782608696,2,7.7779730175648405,46,30,False
143.0,3.0,5,PIPE_LM,17.639809917728417,2.8333333333333335,2,7.20170717752503,30,16,False
144.0,3.0,4,PIPE_LM,23.10170157294494,2.7,2,8.776648624108939,50,27,False
145.0,2.0,4,PIPE_LM,22.20013434061072,2.58974358974359,2,5.837178658560439,39,21,False
146.0,2.0,4,PIPE_LM,12.200076103033975,2.4642857142857144,2,7.7890045891275825,28,12,False
147.0,3.0,4,PIPE_LM,23.964340096948003,2.6666666666666665,2,11.327747546733468,18,10,False
148.0,2.0,4,PIPE_LM,27.990872699065044,2.462962962962963,2,8.990562232367395,54,20,False
149.0,4.0,4,PIPE_LM,29.276673684906548,2.619047619047619,2,4.638066828102575,42,23,True
150.0,2.0,4,PIPE_LM,26.818882751061416,2.5737704918032787,1,7.276689887214294,61,29,False
151.0,2.0,4,PIPE_LM,22.58477230684944,2.727272727272727,2,10.614545935353503,22,12,False
152.0,2.0,2,SPLY_LS,20.098036525860593,1.5,1,15.246369160660603,2,0,False
153.0,2.0,4,PIPE_LM,21.125138835383755,2.6774193548387095,3,5.52927877479354,31,17,False
154.0,2.0,3,PIPE_LM,25.504099459427007,2.25,2,19.380417365671374,16,6,False
155.0,2.0,4,PIPE_LM,27.580943115404438,2.9705882352941178,4,5.3353013283348725,34,19,False
156.0,2.0,4,PIPE_LM,17.569869409614185,2.4242424242424243,2,6.630072016738646,33,14,False
157.0,3.0,5,PIPE_LM,9.438105251647018,2.717391304347826,2,6.643717891494081,46,22,False
158.0,2.0,4,PIPE_LM,18.928467435577627,2.603448275862069,1,7.915422569215086,58,27,False
159.0,2.0,4,PIPE_LM,27.937423660164868,2.857142857142857,4,6.327082557542708,42,23,False
160.0,2.0,4,PIPE_LM,28.871534300607212,2.760869565217391,2,6.663203591231944,46,30,False
161.0,2.0,4,PIPE_LM,23.770113336324656,3.0217391304347827,2,7.084533761008759,46,27,False
162.0,2.0,4,PIPE_LM,29.46549025126099,2.65,1,10.279749435351352,40,24,False
163.0,2.0,4,PIPE_LM,25.54003658940303,2.9210526315789473,3,5.51774229548533,38,24,False
164.0,2.0,4,PIPE_LM,26.978377376375196,2.6052631578947367,2,6.532826367560246,38,16,False
165.0,2.0,4,PIPE_LM,23.647222948452445,2.6153846153846154,1,6.932808026182026,52,28,False
166.0,2.0,4,PIPE_LM,27.29844857416844,2.948717948717949,3,5.72642095000166,39,22,False
167.0,2.0,4,PIPE_LM,26.39243522444352,2.6666666666666665,2,17.529608926333292,45,23,False
168.0,2.0,5,PIPE_LM,27.029808463584008,2.810810810810811,1,6.768476107955635,37,22,False
169.0,2.0,4,PIPE_LM,9.205184208072861,2.8444444444444446,2,7.654984637296462,45,27,False
170.0,2.0,4,PIPE_LM,21.98144940633252,2.9565217391304346,2,5.727448787604554,46,26,False
171.0,2.0,4,PIPE_LM,17.07646681084642,2.8043478260869565,2,7.231024935556253,46,28,False
172.0,2.0,4,PIPE_LM,23.494160251623658,2.8,2,4.3826403138399765,55,30,False
173.0,2.0,4,PIPE_LM,24.834968771176612,2.8444444444444446,2,5.577436251252771,45,26,False
174.0,2.0,4,PIPE_LM,26.708096881419152,2.5172413793103448,2,7.57725727195071,29,13,False
175.0,3.0,4,PIPE_LM,13.313838512776325,2.2,2,8.156810139203618,10,3,False
177.0,2.0,4,PIPE_LM,26.683814956377294,2.6315789473684212,1,7.118416747615147,57,27,False
178.0,3.0,4,PIPE_LM,9.612700355341785,2.6666666666666665,2,4.577643991172215,39,22,False
179.0,2.0,4,PIPE_LM,26.681570621052778,2.6538461538461537,2,12.529384708956002,26,12,False
180.0,2.0,4,PIPE_LM,19.80062529991742,2.411764705882353,2,6.281655388230902,34,14,False
181.0,2.0,6,PIPE_LM,8.788776958435571,2.9642857142857144,1,7.493768831269128,28,20,False
182.0,2.0,4,PIPE_LM,27.778507235792457,2.5294117647058822,1,5.692890777006618,34,15,False
183.0,2.0,5,PIPE_LM,12.907574066710378,2.9210526315789473,4,7.002148558219233,38,21,False
184.0,2.0,4,PIPE_LM,22.347111679228103,2.5833333333333335,2,6.3981069046973875,48,27,False
185.0,2.0,4,PIPE_LM,29.311235917624177,2.6744186046511627,2,6.193627546818328,43,25,False
186.0,3.0,4,PIPE_LM,16.78532147243288,2.658536585365854,3,6.586590161541537,41,24,False
187.0,3.0,4,PIPE_LM,28.170280606207356,2.5813953488372094,4,8.144078817823003,43,19,False
188.0,2.0,4,PIPE_LM,15.30840137304999,2.676470588235294,1,7.177281906042183,34,20,False
189.0,2.0,4,PIPE_LM,12.03657497429275,2.7857142857142856,3,7.010846816502354,42,25,False
190.0,2.0,6,PIPE_LM,15.058144976835159,2.857142857142857,3,8.076884254578186,42,27,False
191.0,2.0,4,PIPE_LM,15.831377961175077,3.0,2,7.037232285920311,39,27,False
192.0,2.0,4,PIPE_LM,19.333870109016285,2.690909090909091,3,7.315164322743953,55,30,False
193.0,2.0,4,PIPE_LM,8.250244189384745,2.7906976744186047,3,2.1639415115066645,43,26,False
194.0,2.0,4,PIPE_LM,27.963819081392284,2.5789473684210527,1,6.638525828295344,57,24,False
195.0,2.0,4,PIPE_LM,20.0049806763467,2.789473684210526,4,6.8872230846322084,38,22,False
196.0,3.0,4,PIPE_LM,28.879707349451813,2.6779661016949152,2,3.5013648064555642,59,30,False
197.0,2.0,5,PIPE_LM,28.772642079528207,2.5641025641025643,2,8.993388575497356,39,17,False
198.0,3.0,6,PIPE_LM,17.376466055272004,2.7333333333333334,2,7.723374903948213,45,23,False
199.0,2.0,4,PIPE_LM,20.91330649533166,2.566666666666667,2,7.998310098297824,60,31,False
200.0,2.0,4,PIPE_LM,12.64269682339546,2.5,1,4.470226458369422,22,13,False
201.0,2.0,4,PIPE_LM,13.918057769958095,2.618181818181818,2,5.39603273855621,55,29,False
202.0,2.0,4,PIPE_LM,10.060009078949845,2.375,4,10.060009078949845,24,11,False
203.0,2.0,4,PIPE_LM,27.411748897026268,2.6226415094339623,3,9.328383674639147,53,27,False
204.0,2.0,4,PIPE_LM,10.567647718042485,2.7209302325581395,2,7.397980471297024,43,23,False
205.0,2.0,4,PIPE_LM,26.03572690483359,2.566666666666667,2,6.269157416084799,30,14,False
206.0,3.0,4,PIPE_LM,9.844218193540206,2.7954545454545454,2,4.46449087327715,44,26,False
207.0,2.0,4,PIPE_LM,28.32807807700176,3.0,2,8.92546927536182,47,28,False
208.0,2.0,4,PIPE_LM,28.15850957035336,2.6774193548387095,2,6.711391484155691,31,17,False
209.0,2.0,4,PIPE_LM,29.969622013404162,2.6551724137931036,1,3.9000587907610194,29,16,False
210.0,2.0,4,PIPE_LM,8.749713851557447,2.8979591836734695,3,6.7568203869335175,49,32,False
211.0,2.0,4,PIPE_LM,20.774371079361597,2.918918918918919,4,8.288246187103912,37,22,False
212.0,2.0,4,PIPE_LM,14.39230129772127,3.0,2,5.715128627157089,38,23,False
213.0,2.0,4,PIPE_LM,27.055735642880723,2.682926829268293,3,7.852494450535953,41,20,False
214.0,3.0,4,PIPE_LM,25.237893589209158,2.6808510638297873,1,6.280763107402318,47,24,False
215.0,2.0,4,PIPE_LM,9.622913382324038,2.7857142857142856,3,8.993615340811864,14,8,False
216.0,2.0,4,PIPE_LM,13.784648036845331,2.9444444444444446,2,7.35324632405952,36,24,False
217.0,2.0,4,PIPE_LM,15.185305391576867,2.6,2,4.498090638973032,40,22,False
218.0,2.0,4,PIPE_LM,13.652004116524765,2.875,3,8.635256334882747,24,16,False
219.0,3.0,4,PIPE_LM,17.176196868288024,2.6744186046511627,2,7.33319839553846,43,25,False
220.0,2.0,4,PIPE_LM,18.689663086178136,2.878787878787879,3,7.013599829151322,33,22,False
221.0,3.0,4,PIPE_LM,24.485639665503676,2.7777777777777777,1,9.072870512712564,27,13,False
222.0,3.0,4,PIPE_LM,27.662004511514017,2.7162162162162162,3,6.891100052488522,74,41,False
223.0,3.0,4,PIPE_LM,22.267533752927694,2.75,2,6.594126610739173,32,14,False
224.0,2.0,4,PIPE_LM,19.756829846772906,2.4761904761904763,1,5.576533319620788,21,9,False
225.0,3.0,4,PIPE_LM,10.610767130710842,2.730769230769231,4,7.189815609091523,26,14,False
226.0,2.0,4,PIPE_LM,23.155654112461068,2.6538461538461537,4,5.934359465285816,26,13,False
227.0,2.0,4,PIPE_LM,10.215839401813394,2.739130434782609,3,6.186409011732843,46,28,False
228.0,2.0,4,PIPE_LM,18.08509662011416,2.7948717948717947,2,3.817961819982101,39,23,False
229.0,3.0,5,PIPE_LM,26.623430376802265,2.6333333333333333,1,4.5740582349508845,30,15,False
230.0,2.0,4,PIPE_LM,29.994251220247993,2.6774193548387095,3,0.4407468670077102,62,30,False
231.0,2.0,4,PIPE_LM,18.078116217448006,2.9375,2,9.010909672682297,32,20,False
232.0,2.0,4,PIPE_LM,28.288933925591998,2.375,1,6.940136456335102,32,12,False
233.0,3.0,5,PIPE_LM,21.866514243270995,2.7,2,8.132250128171398,50,25,False
234.0,3.0,4,PIPE_LM,10.668047300641414,2.6530612244897958,2,8.393932912652952,49,28,False
235.0,2.0,4,PIPE_LM,23.61133104721862,2.5277777777777777,3,8.359181409428372,36,16,False
236.0,2.0,4,PIPE_LM,28.024574514104064,2.702127659574468,2,8.584386101216808,47,24,False
237.0,2.0,4,PIPE_LM,28.979224380794918,2.789473684210526,2,10.002596645193343,38,20,False
238.0,2.0,4,PIPE_LM,26.377486427853636,2.7906976744186047,2,5.996033047064651,43,24,False
239.0,2.0,4,PIPE_LM,27.17867226861231,3.125,2,7.572264353368445,48,31,False
240.0,2.0,4,PIPE_LM,18.045199659054454,2.5517241379310347,2,11.699664158343023,29,14,False
241.0,3.0,4,PIPE_LM,7.89122772041735,2.7045454545454546,3,5.230550909528347,44,22,False
243.0,2.0,4,PIPE_LM,15.148876149588554,2.769230769230769,2,11.772007522626355,26,16,False
244.0,2.0,4,PIPE_LM,11.714052257402127,2.782608695652174,2,8.386066203481546,46,28,False
245.0,2.0,4,PIPE_LM,28.834530538310734,2.72972972972973,1,6.354235050229993,37,19,False
246.0,2.0,4,PIPE_LM,14.962249915144765,2.6511627906976742,2,10.21031758639386,43,27,False
247.0,2.0,4,PIPE_LM,22.896852452888947,2.58974358974359,2,7.887329763674499,39,21,False
248.0,2.0,4,PIPE_LM,12.600860836108266,2.772727272727273,2,6.492898943179268,22,12,False
249.0,2.0,5,PIPE_LM,26.91037597305277,2.9696969696969697,2,8.716239470515776,33,20,False
250.0,2.0,4,PIPE_LM,27.129718044380578,2.6984126984126986,3,4.883316583130245,63,37,False
