repair_id,복구타입,위도,경도,주소,작업일시,구군
0,지상누수,35.8932559,128.6040557,북구 대구체육관로9길 14 (산격동) / 1430-35번지,2021-01-15 09:40:00,북구
1,지상누수,35.8948401,128.6108953,북구 산격로10길 52 (산격동) / 1308-5번지,2021-01-18 15:40:00,북구
2,지상누수,35.890437,128.6039201,북구 연암로4길 52-4 (산격동) / 1498-136번지,2020-10-13 18:30:00,북구
3,지상누수,35.8986193,128.6041785,북구 연암공원로20길 30 (산격동) / 1197-86번지,2020-10-27 13:20:00,북구
4,지상누수,35.8954174,128.6096018,북구 대학로25길 25 (산격동) / 1307-4번지,2021-01-15 14:00:00,북구
5,지상누수,35.8960453,128.6009302,북구 산격로11길 40-1 (산격동) / 1161-55번지,2021-01-09 16:00:00,북구
6,지상누수,35.8979493,128.6042737,북구 연암공원로20길 30-17 (산격동) / 1197-81번지,2020-10-28 15:33:00,북구
7,지상누수,35.8952774,128.6101531,북구 대학로25길 17-6 (산격동) / 1307-59번지,2018-12-21 17:10:00,북구
8,지상누수,35.8938976,128.5983609,"북구 연암공원로 36 (산격동,키메라 pc(당구장)) / 1128-1번지",2018-11-27 11:50:00,북구
9,지상누수,35.8937372,128.5991425,북구 연암공원로8길 7-1 (산격동) / 1106-1번지,2019-01-10 13:00:00,북구
10,지상누수,35.8966024,128.6001585,"북구 연암공원로 70 (산격동,하나로마트) / 1163-4번지",2019-05-15 18:00:00,북구
11,지상누수,35.8944897,128.6018621,북구 연암공원로10길 31 (산격동) / 1438-7번지,2018-12-10 11:50:00,북구
12,지상누수,35.8971662,128.6015565,"북구 산격로13길 35-11 (산격동,로타리수퍼) / 1186-22번지",2018-07-11 16:00:00,북구
13,지상누수,35.8947001,128.6021672,북구 연암공원로10길 33-5 (산격동) / 1437-82번지,2019-01-29 17:00:00,북구
14,지상누수,35.8895649,128.6026112,북구 연암로4길 22-6 (산격동) / 1498-69번지,2018-07-08 14:30:00,북구
15,지상누수,35.8936997,128.5981166,"북구 연암공원로 32 (산격동,한려수도횟집) / 1102-4번지",2019-02-15 15:00:00,북구
16,지상누수,35.8925156,128.5967567,"북구 연암공원로 14-1 (산격동,삼성수퍼) / 1048-1번지",2019-02-08 13:00:00,북구
17,지상누수,35.8927783,128.5970696,"북구 연암공원로 18 (산격동,대경화장품) / 1065-5번지",2019-02-11 17:40:00,북구
18,지상누수,35.8935219,128.6098311,"북구 대학로 91-3 (산격동,뚝배기순대) / 1332-5번지",2020-04-28 15:32:00,북구
19,지상누수,35.8957906,128.6108018,북구 산격로14길 52-1 (산격동) / 1306-57번지,2020-08-11 12:41:00,북구
20,지상누수,35.8952791,128.6085304,북구 대학로25길 33-12 (산격동) / 1312-17번지,2020-03-11 16:41:00,북구
21,지상누수,35.8955801,128.6084953,북구 대학로25길 36-1 (산격동) / 1311-73번지,2019-12-24 17:23:00,북구
22,지상누수,35.8962089,128.5996874,"북구 연암공원로 64, 2016.12.06.급수중지 연장 (산격동) / 1164-9번지",2019-12-17 13:00:00,북구
23,지상누수,35.8981373,128.6052037,북구 연암공원로32길 56-6 (산격동) / 1222-38번지,2020-01-11 12:00:00,북구
24,지상누수,35.8983117,128.6039873,북구 연암공원로20길 26-3 (산격동) / 1190-4번지,2019-12-03 14:59:00,북구
25,지상누수,35.8977199,128.6035563,북구 연암공원로20길 20-7 (산격동) / 1188-50번지,2019-08-26 14:12:00,북구
26,지상누수,35.8902294,128.6026617,북구 대구체육관로4길 20 (산격동) / 1404-13번지,2019-07-17 13:00:00,북구
27,지상누수,35.8915451,128.5961415,북구 연암로 68-3 (산격동) / 980번지,2019-06-04 12:00:00,북구
28,지상누수,35.8898263,128.6010129,북구 연암로 18-9 (산격동) / 1441-51번지,2019-06-09 18:00:00,북구
29,지상누수,35.8910713,128.6032933,북구 산격로1길 31 (산격동) / 1404-148번지,2019-08-10 17:35:00,북구
30,지상누수,35.895853,128.6097435,북구 산격동 1306-40,2021-11-19 12:30:00,북구
31,지상누수,35.8927823,128.5978525,북구 연암공원로 22-13 (산격동) / 1099-51번지,2021-07-22 11:30:00,북구
32,지상누수,35.898353,128.604123,북구 연암공원로20길 30-8 (산격동) / 1197-89번지,2021-07-31 17:30:00,북구
33,지상누수,35.8962927,128.6107424,북구 산격동 1268-11,2022-02-22 18:00:00,북구
34,지상누수,35.8931139,128.6092693,"북구 대학로23길 33 (산격동,게임마트) / 1336-3번지",2021-02-02 16:25:00,북구
35,지상누수,35.8971656,128.6002114,북구 산격동 1183-16,2021-12-31 13:30:00,북구
36,지상누수,35.8955649,128.6090574,북구 산격동 1311-69,2022-05-16 18:00:00,북구
37,지상누수,35.8970424,128.6098923,북구 산격동 1266-1 (주)희성홀딩스,2022-05-23 13:00:00,북구
38,지상누수,35.897813,128.6048295,북구 연암공원로32길 62-10 (산격동) / 1197-32번지,2020-01-17 17:00:00,북구
39,지상누수,35.894522,128.5982219,북구 연암공원로7길 2-1 (산격동) / 1139-5번지,2020-05-22 18:11:00,북구
40,지상누수,35.8977169,128.6048553,북구 연암공원로32길 62-6 (산격동) / 1197-43번지,2021-07-26 17:30:00,북구
41,지상누수,35.893401,128.5981047,북구 산격동 1102-7,2021-11-04 13:00:00,북구
42,지상누수,35.8952087,128.601595,북구 산격로서9길 12 (산격동) / 1437-61번지,2019-12-30 16:00:00,북구
43,지상누수,35.8922299,128.6075294,"북구 대학로13길 5 (산격동,상따리) / 1414-58번지",2021-02-16 17:15:00,북구
44,지상누수,35.8926598,128.6054077,"북구 산격로 24, 수펴 (산격동) / 1413-15번지",2021-03-26 18:00:00,북구
45,지상누수,35.8970424,128.6098923,북구 산격동 1266-1 (주)희성홀딩스,2022-05-26 14:00:00,북구
46,지상누수,35.8945985,128.6014333,북구 산격동 1436-7,2022-02-28 15:30:00,북구
47,지상누수,35.8918995,128.6034968,북구 산격동 1497-6,2022-05-31 16:00:00,북구
48,지상누수,35.8981031,128.6047695,북구 산격동 1197-107,2022-02-24 18:30:00,북구
49,지상누수,35.8952774,128.6101531,북구 대학로25길 17-6 (산격동) / 1307-59번지,2021-07-03 14:25:00,북구
50,지상누수,35.8924787,128.605816,"북구 산격로6길 6-1 (산격동,성은청과) / 1418번지",2021-01-18 13:00:00,북구
51,지상누수,35.8964922,128.6065103,북구 대학로9길 74-22 (산격동) / 1244-7번지,2019-12-05 09:30:00,북구
52,지상누수,35.8945889,128.5984789,북구 연암공원로 43 (산격동) / 1141-1번지,2019-04-01 09:35:00,북구
53,지상누수,35.8905191,128.6029722,북구 연암로4길 41-11 (산격동) / 1401-76번지,2019-08-13 18:00:00,북구
54,지상누수,35.8973396,128.5996707,북구 연암공원로13길 6-12 (산격동) / 1180-20번지,2019-03-08 11:36:00,북구
55,지상누수,35.8956451,128.6015328,북구 산격로11길 35-3 (산격동) / 1437-42번지,2019-10-15 14:00:00,북구
56,지상누수,35.8899291,128.6016472,북구 대구체육관로2길 16 (산격동) / 1441-18번지,2019-09-26 14:55:00,북구
57,지상누수,35.8906833,128.6034433,"북구 산격로1길 31-13, 1498-216 (산격동) / 1498-189번지",2019-09-26 10:13:00,북구
58,지상누수,35.8934782,128.6041763,북구 대구체육관로9길 20-1 (산격동) / 1430-32번지,2019-10-21 16:18:00,북구
59,지상누수,35.8953651,128.6036803,북구 산격로9길 14-9 (산격동) / 1424-9번지,2019-05-07 18:00:00,북구
60,지상누수,35.8887528,128.6024193,북구 대학로 7 (산격동) / 1390-3번지,,북구
61,지상누수,35.8934943,128.6071291,북구 산격로8길 18 (산격동) / 1411-60번지,,북구
62,지상누수,35.8973255,128.598688,북구 연암공원로11길 15-7 (산격동) / 1180-16번지,,북구
63,지상누수,35.896862,128.6102019,북구 대동로 34-1 (산격동) / 1266-14번지,,북구
64,지상누수,35.8972847,128.6067763,북구 대학로9길 74-1 (산격동) / 1242-8번지,,북구
65,지상누수,35.8933568,128.6080768,북구 대학로15길 15 (산격동) / 1397-27번지,,북구
66,지상누수,35.8948698,128.6010136,북구 산격로서9길 17-5 (산격동) / 1435-21번지,,북구
67,지상누수,35.8952936,128.6095987,북구 대동로6길 23 (산격동) / 1307-42번지,,북구
68,지상누수,35.8933378,128.6098866,북구 대학로 91-1 (산격동) / 1332-7번지,,북구
69,지상누수,35.8974779,128.6038346,북구 연암공원로32길 64-48 (산격동) / 1193-13번지,,북구
70,지상누수,35.8951696,128.6090785,북구 산격로10길 35-3 (산격동) / 1312-69번지,,북구
71,지상누수,35.8937156,128.6060161,북구 산격로8길 7 (산격동) / 1409-30번지,,북구
72,지상누수,35.8946232,128.6089947,북구 산격동 1313-23,,북구
73,지상누수,35.8946812,128.60549,북구 산격동 1410-46,,북구
74,지상누수,35.8958128,128.6122184,북구 대학로 127-8 (산격동) / 1279-29번지,,북구
75,지상누수,35.8941917,128.6098301,북구 대학로23길 20 (산격동) / 1309-7번지,,북구
76,지상누수,35.8958898,128.6102138,북구 산격로14길 46-1 (산격동) / 1306-50번지,,북구
77,지상누수,35.8974475,128.6082208,북구 대동로4길 9 (산격동) / 1253-10번지,,북구
78,지상누수,35.8976809,128.6005573,북구 연암공원로 81-16 (산격동) / 1183-28번지,,북구
79,지상누수,35.8970081,128.6100978,북구 대동로 32-1 (산격동) / 1266-13번지,,북구
80,지상누수,35.8945281,128.6102834,북구 대학로23길 14-1 (산격동) / 1308-21번지,,북구
81,지상누수,35.8954018,128.6109694,북구 대학로25길 11-1 (산격동) / 1307-36번지,,북구
82,지상누수,35.897172,128.6035242,북구 산격로13길 16-1 (산격동) / 1221-3번지,,북구
83,지상누수,35.8958181,128.5988243,북구 연암공원로 55-16 (산격동) / 1153-11번지,,북구
84,지상누수,35.8963146,128.608057,북구 대동로8길 25-6 (산격동) / 1249-34번지,,북구
85,지상누수,35.8898416,128.6029412,북구 연암로4길 30 (산격동) / 1498-29번지,,북구
86,지상누수,35.8898967,128.6014117,북구 연암로 18-32 (산격동) / 1441-20번지,,북구
87,지상누수,35.9021058,128.6014762,북구 산격동 546,,북구
88,지상누수,35.896079,128.6124025,북구 대동로 54-1 (산격동) / 1279-4번지,,북구
89,지상누수,35.8953808,128.6108597,북구 산격동 1307-21,,북구
90,지상누수,35.8950228,128.6085868,북구 산격로10길 29-1 (산격동) / 1312-48번지,,북구
91,지상누수,35.8947785,128.6051035,북구 산격로 47 (산격동) / 1425번지,,북구
92,지상누수,35.8976226,128.6048668,북구 연암공원로32길 62-4 (산격동) / 1197-6번지,,북구
93,지상누수,35.8929263,128.6060014,북구 대학로9길 22-1 (산격동) / 1412-8번지,,북구
94,지상누수,35.8961776,128.6111316,북구 대동로10길 6 (산격동) / 1305번지,,북구
95,지상누수,35.8933208,128.6063727,북구 대학로9길 24-13 (산격동) / 1411-3번지,,북구
96,지상누수,35.8968082,128.5991048,북구 연암공원로13길 8-1 (산격동) / 1180-74번지,,북구
97,지상누수,35.8915979,128.5958797,북구 연암로 72 (산격동) / 978번지,,북구
98,지상누수,35.8942939,128.6108759,북구 산격동 1324-4,,북구
99,지상누수,35.8980429,128.6054633,북구 연암공원로32길 54 (산격동) / 1222-41번지,,북구
100,지상누수,35.8903448,128.603526,북구 연암로4길 46 (산격동) / 1498-22번지,,북구
101,지상누수,35.9015936,128.6040458,북구 산격동 517-0,,북구
102,지상누수,35.8963925,128.6093905,북구 대동로6길 10 (산격동) / 1249-31번지,,북구
103,지상누수,35.8948143,128.610655,북구 산격로10길 50 (산격동) / 1308-12번지,,북구
104,지상누수,35.8951427,128.6108632,북구 산격로10길 49-4 (산격동) / 1307-23번지,,북구
105,지상누수,35.8963992,128.5987661,북구 연암공원로11길 3-24 (산격동) / 1167-3번지,,북구
106,지상누수,35.8967871,128.6097942,북구 대동로8길 10 (산격동) / 1266-6번지,,북구
107,지상누수,35.894826,128.6093499,북구 대동로6길 28 (산격동) / 1313번지,,북구
108,지상누수,35.8958578,128.6049185,북구 산격로 59-4 (산격동) / 1422-26번지,,북구
109,지상누수,35.8957134,128.611724,북구 대동로 52-12 (산격동) / 1276-7번지,,북구
110,지상누수,35.8899151,128.601287,북구 연암로 18-25 (산격동) / 1441-59번지,,북구
111,지상누수,35.8950204,128.6087327,북구 산격로10길 31 (산격동) / 1312-8번지,,북구
112,지상누수,35.8953002,128.6077841,북구 대학로13길 40 (산격동) / 1312-23번지,,북구
113,지상누수,35.8964062,128.6085155,북구 대동로8길 21-4 (산격동) / 1249-11번지,,북구
114,지상누수,35.8941286,128.6087402,북구 산격동 1314-22,,북구
115,지상누수,35.8976136,128.6049804,북구 연암공원로32길 60 (산격동) / 1197-103번지,,북구
116,지상누수,35.8912066,128.6040328,북구 산격로1길 22 (산격동) / 1490-25번지,,북구
117,지상누수,35.895108,128.6111366,북구 대동로10길 16-1 (산격동) / 1307-80번지,,북구
118,지상누수,35.8955536,128.6113662,북구 대학로25길 10 (산격동) / 1304-6번지,,북구
119,지상누수,35.8929963,128.6041747,북구 대구체육관로9길 8-1 (산격동) / 1430-44번지,,북구
120,지상누수,35.8951425,128.6102863,북구 산격로10길 45-1 (산격동) / 1307-65번지,,북구
121,지상누수,35.8929568,128.5974565,북구 연암공원로 22-6 (산격동) / 1075-1번지,,북구
122,지상누수,35.8948223,128.6031508,북구 산격로9길 17-2 (산격동) / 1428-7번지,,북구
123,지상누수,35.8950854,128.6088372,북구 산격로10길 33 (산격동) / 1312-62번지,,북구
124,지상누수,35.8966487,128.6079187,북구 대동로8길 28 (산격동) / 1251-5번지,,북구
125,지상누수,35.8900177,128.6000401,북구 산격동 1457-2,,북구
126,지상누수,35.8921902,128.5974082,북구 연암로12길 12-4 (산격동) / 1082-1번지,,북구
127,지상누수,35.8954748,128.604678,북구 연암공원로14길 51 (산격동) / 1422-10번지,,북구
128,지상누수,35.8935192,128.5982447,북구 연암공원로8길 18-1 (산격동) / 1102-6번지,,북구
129,지상누수,35.8971881,128.5999924,북구 연암공원로13길 2-10 (산격동) / 1180-130번지,,북구
130,지상누수,35.8946241,128.6021673,북구 연암공원로10길 33-3 (산격동) / 1437-132번지,,북구
131,지상누수,35.892652,128.6068654,북구 산격로6길 15 (산격동) / 1412-14번지,,북구
132,지상누수,35.8923529,128.5980818,북구 연암공원로 22-53 (산격동) / 1097-2번지,,북구
133,지상누수,35.893374,128.5992472,북구 연암공원로8길 13-10 (산격동) / 1107-10번지,,북구
134,지상누수,35.8963622,128.6108785,북구 산격동 1268-7,,북구
135,지상누수,35.897053,128.6060654,북구 산격로 82-13 (산격동) / 1231-21번지,,북구
136,지상누수,35.895344,128.6100321,북구 대학로25길 21-1 (산격동) / 1307-49번지,,북구
137,지상누수,35.8956355,128.6073607,북구 대학로25길 46-1 (산격동) / 1406-31번지,,북구
138,지상누수,35.8929585,128.6094276,북구 대학로 85-1 (산격동) / 1341-1번지,,북구
139,지상누수,35.8960729,128.6121391,북구 대학로 129-12 (산격동) / 1279-13번지,,북구
140,지상누수,35.8947157,128.6090842,북구 산격로10길 34-2 (산격동) / 1313-16번지,,북구
141,지상누수,35.8975146,128.6045759,북구 연암공원로32길 64-6 (산격동) / 1197-33번지,2008-08-22 09:50:00,북구
142,지상누수,35.8948747,128.6014267,북구 연암공원로10길 31-16 (산격동) / 1437-106번지,,북구
143,지상누수,35.8965185,128.6077883,북구 대학로13길 54 (산격동) / 1249-1번지,,북구
144,지상누수,35.8938663,128.6102529,북구 대학로 99-2 (산격동) / 1329-1번지,2008-11-20 20:14:00,북구
145,지상누수,35.8912764,128.5969392,북구 연암로 60-2 (산격동) / 993-6번지,2009-02-05 12:09:00,북구
146,지상누수,35.901451,128.6043367,북구 동북로 92 (산격동) / 517번지,2008-12-21 15:30:00,북구
147,지상누수,35.8968513,128.6079403,북구 대동로8길 28-2 (산격동) / 1251-7번지,2008-12-12 16:57:00,북구
148,지상누수,35.8948146,128.609921,북구 산격로10길 42-1 (산격동) / 1309번지,,북구
149,지상누수,35.8957106,128.6087856,북구 대학로25길 34-13 (산격동) / 1311-12번지,,북구
150,지상누수,35.890979,128.6032946,북구 산격로1길 31-4 (산격동) / 1404-152번지,2009-01-13 13:40:00,북구
151,지상누수,35.8952327,128.6046783,북구 연암공원로14길 55 (산격동) / 1422-17번지,2009-01-28 10:55:00,북구
152,지상누수,35.8943617,128.5993061,북구 연암공원로10길 8 (산격동) / 1124-10번지,,북구
153,지상누수,35.8960952,128.6100066,북구 산격로14길 43 (산격동) / 1305-7번지,,북구
154,지상누수,35.8932193,128.6093998,"북구 대학로23길 31-1, 리앤차이 (산격동) / 1335-6번지",2009-02-12 15:12:00,북구
155,지상누수,35.8966337,128.6042461,북구 연암공원로14길 37-2 (산격동) / 1223-14번지,2009-02-17 17:42:00,북구
156,지상누수,35.8975383,128.6066399,북구 대동로 2-23 (산격동) / 1234-6번지,2008-12-11 13:03:00,북구
157,지상누수,35.8902805,128.6040445,북구 연암로2길 53 (산격동) / 1498-128번지,2008-12-09 12:00:00,북구
158,지상누수,35.8975568,128.6076141,북구 대동로4길 6-4 (산격동) / 1241-19번지,2009-07-04 14:45:00,북구
159,지상누수,35.8955517,128.6118181,북구 대학로25길 6 (산격동) / 1276-11번지,,북구
160,지상누수,35.8956685,128.6028173,"북구 산격로북9길 7, 혜성빌라 (산격동) / 1437-48번지",2009-06-10 12:51:00,북구
161,지상누수,35.8941155,128.607839,북구 대학로13길 26-2 (산격동) / 1326-39번지,2009-11-20 20:10:00,북구
162,지상누수,35.8948698,128.6010136,북구 산격로서9길 17-5 (산격동) / 1435-21번지,,북구
163,지상누수,35.8963045,128.6079341,북구 대학로13길 52-2 (산격동) / 1249-8번지,2009-04-27 17:30:00,북구
164,지상누수,35.8948747,128.6014267,북구 연암공원로10길 31-16 (산격동) / 1437-106번지,2008-11-05 11:00:00,북구
165,지상누수,35.8965185,128.6077883,북구 대학로13길 54 (산격동) / 1249-1번지,2008-11-17 16:31:00,북구
166,지상누수,35.8949517,128.5991657,북구 연암공원로10길 3-10 (산격동) / 1148-4번지,2009-06-18 14:40:00,북구
167,지상누수,35.8968916,128.6001731,북구 연암공원로 71 (산격동) / 1182-5번지,2009-04-30 16:50:00,북구
168,지상누수,35.8970647,128.6098819,"북구 대동로 30, 낙천사우나 (산격동) / 1266-1번지",2009-04-08 13:20:00,북구
169,지상누수,35.8941678,128.6048861,북구 산격로 39-3 (산격동) / 1425-29번지,2009-05-01 12:18:00,북구
170,지상누수,35.897077,128.6077305,북구 대학로13길 60 (산격동) / 1251-16번지,2009-11-14 15:40:00,북구
171,지상누수,35.8982773,128.6052341,북구 산격로17길 9-1 (산격동) / 1222-44번지,2009-01-05 12:11:00,북구
172,지상누수,35.8930297,128.5985357,북구 연암공원로8길 15-10 (산격동) / 1099-25번지,2009-07-30 18:30:00,북구
173,지상누수,35.8921317,128.6057953,북구 대학로9길 13-1 (산격동) / 1421-33번지,2009-11-06 21:54:00,북구
174,지상누수,35.8930283,128.605446,북구 산격로 28-3 (산격동) / 1413-33번지,2009-11-18 17:13:00,북구
175,지상누수,35.8921276,128.5969563,북구 연암로12길 9-2 (산격동) / 1052번지,2009-11-09 16:05:00,북구
176,지상누수,35.8964225,128.6083507,북구 대동로8길 23-1 (산격동) / 1249-40번지,2009-12-30 12:41:00,북구
177,지상누수,35.8959332,128.6097411,북구 산격로14길 42 (산격동) / 1306-20번지,2010-01-03 12:49:00,북구
178,지상누수,35.8943311,128.6089668,북구 대학로17길 22-3 (산격동) / 1313-36번지,2009-07-06 18:19:00,북구
179,지상누수,35.8958428,128.6037225,북구 산격로11길 13-3 (산격동) / 1423-25번지,2010-01-06 11:52:00,북구
180,지상누수,35.897077,128.6077305,북구 대학로13길 60 (산격동) / 1251-16번지,2009-11-04 18:47:00,북구
181,지상누수,35.8963248,128.6004439,북구 연암공원로 66-10 (산격동) / 1163-7번지,2009-06-15 17:55:00,북구
182,지상누수,35.8938019,128.6078556,북구 산격로8길 23-2 (산격동) / 1326-24번지,2010-02-01 13:56:00,북구
183,지상누수,35.8954002,128.6107026,북구 대학로25길 13-5 (산격동) / 1307-22번지,2010-01-28 15:20:00,북구
184,지상누수,35.8974345,128.5983333,북구 연암공원로11길 15-13 (산격동) / 1180-14번지,2009-07-29 10:00:00,북구
185,지상누수,35.8917529,128.6062886,북구 대학로 59-36 (산격동) / 1416-5번지,2009-08-26 20:25:00,북구
186,지상누수,35.8965107,128.598511,북구 연암공원로11길 3-19 (산격동) / 1168-3번지,2009-12-17 12:07:00,북구
187,지상누수,35.8927563,128.6086165,"북구 산격로6길 29-4, (미미) (산격동) / 1393-5번지",2009-12-20 13:56:00,북구
188,지상누수,35.8926445,128.6060532,북구 산격동 1412-24,2010-03-18 19:50:00,북구
189,지상누수,35.8948437,128.6038297,북구 산격로9길 11 (산격동) / 1427-6번지,2009-09-25 14:46:00,북구
190,지상누수,35.8967631,128.6092371,북구 대동로8길 16-1 (산격동) / 1250-29번지,2009-11-23 18:43:00,북구
191,지상누수,35.8925102,128.6007659,북구 연암로 40 (산격동) / 1446-1번지,2009-08-19 13:00:00,북구
192,지상누수,35.8961747,128.6118559,북구 대동로 52-4 (산격동) / 1275-7번지,2009-08-24 09:24:00,북구
193,지상누수,35.8929279,128.6061233,북구 대학로9길 24-5 (산격동) / 1411-71번지,2010-01-28 16:07:00,북구
194,지상누수,35.8903724,128.6026803,북구 대구체육관로4길 18 (산격동) / 1401-33번지,2009-12-24 15:30:00,북구
195,지상누수,35.8984009,128.6055977,북구 연암공원로32길 50-3 (산격동) / 1222-13번지,2010-03-05 13:28:00,북구
196,지상누수,35.8968395,128.6064995,북구 대학로9길 72-6 (산격동) / 1244-3번지,2011-01-16 14:00:00,북구
197,지상누수,35.8956008,128.6100887,북구 대학로25길 20-1 (산격동) / 1306-17번지,2010-03-09 18:52:00,북구
198,지상누수,35.8982769,128.605643,"북구 연암공원로32길 50-1, 자납 (산격동) / 1222-14번지",2010-03-05 13:48:00,북구
199,지상누수,35.8930297,128.5985357,북구 연암공원로8길 15-10 (산격동) / 1099-25번지,2010-01-28 20:01:00,북구
200,지상누수,35.8949622,128.5982041,북구 연암공원로7길 6-17 (산격동) / 1135-20번지,2010-01-07 12:28:00,북구
201,지상누수,35.8966371,128.5993274,"북구 연암공원로13길 5, 삼성그린빌B동 201호 (산격동) / 1180-166번지",2010-11-02 18:00:00,북구
202,지상누수,35.8950317,128.6061481,북구 산격로10길 7 (산격동) / 1407-75번지,2010-06-24 22:34:00,북구
203,지상누수,35.8952274,128.598819,"북구 연암공원로 49-1, 태왕감자탕 (산격동) / 1151-8번지",2010-08-02 11:56:00,북구
204,지상누수,35.8957788,128.6102073,북구 산격로14길 46-3 (산격동) / 1306-52번지,2010-08-02 19:44:00,북구
205,지상누수,35.8956008,128.6100887,북구 대학로25길 20-1 (산격동) / 1306-17번지,2010-03-30 13:00:00,북구
206,지상누수,35.8940868,128.6042889,북구 대구체육관로11길 31 (산격동) / 1426-10번지,2010-08-31 12:26:00,북구
207,지상누수,35.8913008,128.6057162,북구 대학로9길 5 (산격동) / 1418-28번지,2010-10-03 13:15:00,북구
208,지상누수,35.8929263,128.6060014,북구 대학로9길 22-1 (산격동) / 1412-8번지,2010-05-22 15:12:00,북구
209,지상누수,35.8938755,128.6048677,북구 산격로 35-2 (산격동) / 1425-32번지,2011-01-25 13:00:00,북구
210,지상누수,35.8930714,128.6079041,"북구 대학로13길 16-2, (2010.11.04 폐전) (산격동) / 1397-19번지",2010-11-11 21:00:00,북구
211,지상누수,35.8952274,128.598819,"북구 연암공원로 49-1, 태왕감자탕 (산격동) / 1151-8번지",2010-12-29 17:00:00,북구
212,지상누수,35.8923093,128.6083009,북구 대학로15길 2 (산격동) / 1399-4번지,2010-09-01 19:36:00,북구
213,지상누수,35.8952774,128.6101531,북구 대학로25길 17-6 (산격동) / 1307-59번지,2011-01-03 23:00:00,북구
214,지상누수,35.8921406,128.6034955,북구 대구체육관로8길 7 (산격동) / 1497-39번지,2010-11-16 15:00:00,북구
215,지상누수,35.8942895,128.6105837,북구 대학로23길 15-3 (산격동) / 1325-4번지,2010-07-06 13:36:00,북구
216,지상누수,35.894986,128.6116735,"북구 대학로 117, 코리안바베큐 (산격동) / 1277-13번지",2010-11-19 19:00:00,북구
217,지상누수,35.895862,128.6082629,북구 산격로14길 26-3 (산격동) / 1311-62번지,2011-01-26 14:30:00,북구
218,지상누수,35.8970059,128.6089159,북구 대동로4길 18 (산격동) / 1250-2번지,2010-11-27 23:00:00,북구
219,지상누수,35.8947789,128.6033482,"북구 산격로9길 17, 대성빌딩301호 (산격동) / 1428-2번지",2011-03-26 15:30:00,북구
220,지상누수,35.8924255,128.6048535,"북구 대구체육관로 52-2, 평창칼국수 (산격동) / 1433-37번지",2011-04-25 11:30:00,북구
221,지상누수,35.8950531,128.6048475,"북구 산격로9길 2, 류경하한의원 (산격동) / 1422-22번지",2011-04-29 18:30:00,북구
222,지상누수,35.894484,128.6087472,북구 산격동 1314-55,2011-03-03 13:30:00,북구
223,지상누수,35.8917042,128.5975066,북구 연암로12길 6-5 (산격동) / 1032-1번지,2011-04-18 18:00:00,북구
224,지상누수,35.895589,128.6002707,북구 산격로11길 45-6 (산격동) / 1161-6번지,2011-06-20 14:30:00,북구
225,지상누수,35.8939193,128.5991765,북구 연암공원로8길 7 (산격동) / 1126-17번지,2011-03-17 20:30:00,북구
226,지상누수,35.8901454,128.6032536,북구 연암로4길 36 (산격동) / 1498-26번지,2011-02-03 23:30:00,북구
227,지상누수,35.8912155,128.6042629,"북구 산격로1길 16, 브릴란떼 (산격동) / 1490-16번지",2010-10-29 12:30:00,북구
228,지상누수,35.8971507,128.6089729,북구 대동로4길 17 (산격동) / 1253-28번지,2011-02-01 16:00:00,북구
229,지상누수,35.8929917,128.6067571,북구 대학로13길 15-15 (산격동) / 1412-16번지,2010-12-03 18:00:00,북구
230,지상누수,35.8958128,128.6122184,북구 대학로 127-8 (산격동) / 1279-29번지,2011-07-12 16:30:00,북구
231,지상누수,35.8944692,128.5984373,북구 연암공원로 41-1 (산격동) / 1141-9번지,2011-03-11 12:00:00,북구
232,지상누수,35.8959434,128.6082485,북구 산격로14길 26-1 (산격동) / 1311-61번지,2011-01-15 18:10:00,북구
233,지상누수,35.8954002,128.6107026,북구 대학로25길 13-5 (산격동) / 1307-22번지,2011-01-15 22:00:00,북구
234,지상누수,35.8965336,128.5996083,"북구 연암공원로 67, 2    301   영광주택 2동 301호 (산격동) / 1165번지",2011-07-27 11:25:00,북구
235,지상누수,35.8951476,128.6104596,북구 산격로10길 45-4 (산격동) / 1307-67번지,2011-07-22 17:30:00,북구
236,지상누수,35.8944829,128.6086036,북구 산격동 1314-2,2011-02-25 20:00:00,북구
237,지상누수,35.8950431,128.5978991,북구 연암공원로7길 6-27 (산격동) / 1136-12번지,2011-08-16 14:30:00,북구
238,지상누수,35.8919762,128.6057557,북구 산격동 1421-14 미장원,2011-10-24 11:10:00,북구
239,지상누수,35.8924384,128.6066901,북구 산격로6길 14 (산격동) / 1414-76번지,2011-11-06 15:05:00,북구
240,지상누수,35.8926632,128.6087565,"북구 대학로17길 3, 김밥천국(함) (산격동) / 1393-11번지",2011-06-25 10:00:00,북구
241,지상누수,35.8968874,128.6031159,북구 산격로13길 21-5 (산격동) / 1195-94번지,2011-06-14 18:30:00,북구
242,지상누수,35.8947138,128.6112679,"북구 대학로23길 5, 봉대박스파게티 (산격동) / 1321-2번지",2011-10-28 13:00:00,북구
243,지상누수,35.8955456,128.6022247,북구 산격로서9길 8-36 (산격동) / 1437-11번지,2011-03-07 13:30:00,북구
244,지상누수,35.8952274,128.598819,"북구 연암공원로 49-1, 태왕감자탕 (산격동) / 1151-8번지",2011-11-15 17:30:00,북구
245,지상누수,35.8905587,128.6027877,북구 대구체육관로4길 15 (산격동) / 1401-10번지,2011-04-13 18:00:00,북구
246,지상누수,35.8948435,128.6078796,"북구 산격로10길 24, (비디오) (산격동) / 1326-48번지",2011-07-12 11:25:00,북구
247,지상누수,35.8921334,128.6036122,북구 대구체육관로8길 10-1 (산격동) / 1498-39번지,2012-05-08 12:30:00,북구
248,지상누수,35.8901998,128.6039509,북구 연암로2길 49 (산격동) / 1498-71번지,2011-09-07 12:30:00,북구
249,지상누수,35.8950004,128.6102705,"북구 산격로10길 45, 왕중손짜장942-0637 (산격동) / 1307-66번지",2011-12-18 12:30:00,북구
250,지상누수,35.8918433,128.6064363,북구 대학로9길 14-14 (산격동) / 1416-21번지,2011-12-12 14:00:00,북구
251,지상누수,35.8942835,128.6062351,북구 대학로9길 38-3 (산격동) / 1409-3번지,2011-12-14 11:30:00,북구
252,지상누수,35.8963222,128.6016409,북구 연암공원로14길 16-1 (산격동) / 1434-30번지,2012-01-06 21:30:00,북구
253,지상누수,35.8950986,128.6053886,"북구 산격로 50, 혜인어린이집자납 (산격동) / 1408-39번지",2011-09-03 12:00:00,북구
254,지상누수,35.8892791,128.6026847,북구 연암로2길 20 (산격동) / 1391-2번지,2011-09-24 11:30:00,북구
255,지상누수,35.8978484,128.6039147,북구 연암공원로20길 26-13 (산격동) / 1190-9번지,2011-11-21 18:00:00,북구
256,지상누수,35.8959807,128.6123805,북구 대학로 129-8 (산격동) / 1279-11번지,2011-12-15 12:30:00,북구
257,지상누수,35.8906001,128.6050173,"북구 대학로 37, 썬팅경보기 (산격동) / 1498-12번지",2012-02-06 21:00:00,북구
258,지상누수,35.8947208,128.6107649,"북구 대학로23길 10, 리더고시텔 (산격동) / 1308-9번지",2011-12-01 13:00:00,북구
259,지상누수,35.8903335,128.6037453,북구 연암로4길 42-7 (산격동) / 1498-79번지,2012-01-03 18:30:00,북구
260,지상누수,35.8937121,128.6087386,"북구 대학로17길 15 (산격동,치킨마루) / 1314-7번지",2012-05-24 15:10:00,북구
261,지상누수,35.8944942,128.6004553,북구 연암공원로10길 17 (산격동) / 1435-16번지,2011-11-18 13:30:00,북구
262,지상누수,35.8943564,128.6046949,북구 대구체육관로11길 40 (산격동) / 1425-10번지,2011-12-23 14:00:00,북구
263,지상누수,35.888788,128.6021374,북구 연암로2길 6 (산격동) / 1390-7번지,2012-05-17 14:25:00,북구
264,지상누수,35.8921106,128.6071623,북구 대학로13길 3-10 (산격동) / 1414-55번지,2012-02-29 12:15:00,북구
265,지상누수,35.8924261,128.6064154,"북구 산격로6길 10-3, 새대구지업사 (산격동) / 1414-91번지",2011-12-13 14:00:00,북구
266,지상누수,35.8931034,128.5975124,"북구 연암공원로 24, 용수바람빌리지 (산격동) / 1073-1번지",2011-12-16 21:00:00,북구
267,지상누수,35.8933408,128.6062061,북구 대학로9길 24-11 (산격동) / 1411-9번지,2012-01-30 18:50:00,북구
268,지상누수,35.8935898,128.6044517,"북구 대구체육관로11길 23, 알뜰쇼핑 (산격동) / 1430번지",2012-02-21 13:00:00,북구
269,지상누수,35.8940868,128.6042889,북구 대구체육관로11길 31 (산격동) / 1426-10번지,2011-12-19 21:30:00,북구
270,지상누수,35.8944692,128.5984373,북구 연암공원로 41-1 (산격동) / 1141-9번지,2012-03-27 10:35:00,북구
271,지상누수,35.8976809,128.6005573,북구 연암공원로 81-16 (산격동) / 1183-28번지,2012-02-06 16:00:00,북구
272,지상누수,35.8948508,128.6084893,북구 산격로10길 30 (산격동) / 1314-43번지,2012-04-25 16:10:00,북구
273,지상누수,35.8937121,128.6087386,"북구 대학로17길 15, 치킨마루 (산격동) / 1314-7번지",2012-03-22 19:10:00,북구
274,지상누수,35.8899469,128.6035962,북구 연암로2길 43 (산격동) / 1498-93번지,2012-04-30 11:50:00,북구
275,지상누수,35.892658,128.597828,북구 연암공원로 22-35 (산격동) / 1099-28번지,2011-12-13 11:30:00,북구
276,지상누수,35.8941288,128.5978432,북구 연암공원로 31-6 (산격동) / 1131-4번지,2012-09-28 20:00:00,북구
277,지상누수,35.8963482,128.6060171,북구 대학로9길 62 (산격동) / 1246-1번지,2012-03-07 14:10:00,북구
278,지상누수,35.8940868,128.6042889,북구 대구체육관로11길 31 (산격동) / 1426-10번지,2012-10-26 13:10:00,북구
279,지상누수,35.8905349,128.6033322,북구 산격로1길 31-32 (산격동) / 1401-66번지,2012-12-10 19:30:00,북구
280,지상누수,35.8919494,128.6032447,"북구 대구체육관로8길 12 (산격동,보경장) / 1498-40번지",2012-10-22 13:15:00,북구
281,지상누수,35.8947138,128.6112679,"북구 대학로23길 5, 봉대박스파게티 (산격동) / 1321-2번지",2012-02-02 17:30:00,북구
282,지상누수,35.8974475,128.6082208,북구 대동로4길 9 (산격동) / 1253-10번지,2012-02-24 15:00:00,북구
283,지상누수,35.8939062,128.6061585,북구 산격로8길 9-3 (산격동) / 1409-41번지,2012-12-20 20:30:00,북구
284,지상누수,35.8967216,128.6108766,북구 대동로 40 (산격동) / 1268-1번지,2012-12-24 14:00:00,북구
285,지상누수,35.894585,128.6053741,"북구 산격로 46 (산격동,초원건강원) / 1410-44번지",2012-12-06 11:00:00,북구
286,지상누수,35.8938053,128.609037,"북구 대학로17길 18, 프론티어1 (산격동) / 1313-4번지",2011-12-10 22:30:00,북구
287,지상누수,35.8952075,128.610789,북구 산격동 1307-26 폐전(06.11.10),2011-12-14 12:30:00,북구
288,지상누수,35.8948166,128.6104906,"북구 산격로10길 48, 하나빌라101호 (산격동) / 1308-13번지",2011-12-16 13:00:00,북구
289,지상누수,35.8961785,128.600401,북구 연암공원로 66-32 (산격동) / 1161-42번지,2011-12-24 14:00:00,북구
290,지상누수,35.8974475,128.6082208,북구 대동로4길 9 (산격동) / 1253-10번지,2011-12-07 13:50:00,북구
291,지상누수,35.8917398,128.606704,북구 대학로 59-22 (산격동) / 1416-10번지,2011-12-13 12:30:00,북구
292,지상누수,35.895344,128.6100321,북구 대학로25길 21-1 (산격동) / 1307-49번지,2012-01-25 16:35:00,북구
293,지상누수,35.8980051,128.6067201,"북구 산격로 88-1, 얼음막걸리 (산격동) / 1232-5번지",2011-12-23 13:30:00,북구
294,지상누수,35.8964534,128.607266,북구 대학로13길 51-16 (산격동) / 1248-11번지,2012-09-21 16:30:00,북구
295,지상누수,35.8899349,128.6025993,북구 연암로4길 25 (산격동) / 1395-6번지,2012-10-24 12:10:00,북구
296,지상누수,35.8942875,128.6098293,북구 대학로23길 18-3 (산격동) / 1309-20번지,2012-07-30 09:15:00,북구
297,지상누수,35.8961893,128.6011194,북구 산격로11길 36-15 (산격동) / 1434-79번지,2012-07-05 19:35:00,북구
298,지상누수,35.894859,128.6107751,북구 대학로23길 10-1 (산격동) / 1308-7번지,2012-12-02 12:00:00,북구
299,지상누수,35.8948166,128.6104906,"북구 산격로10길 48 (산격동,하나빌라) / 1308-13번지",2012-09-24 11:30:00,북구
300,지상누수,35.8975383,128.6066399,북구 대동로 2-23 (산격동) / 1234-6번지,2013-06-07 12:00:00,북구
301,지상누수,35.8952507,128.598274,"북구 연암공원로 55-21 (산격동,(급수중지 2012.5.30)) / 1136-14번지",2012-11-27 12:30:00,북구
302,지상누수,35.8944278,128.6099339,북구 대학로23길 18-10 (산격동) / 1309-4번지,2013-07-30 15:00:00,북구
303,지상누수,35.8935602,128.5984186,북구 연암공원로8길 18-4 (산격동) / 1105-4번지,2013-07-01 20:30:00,북구
304,지상누수,35.8940889,128.6099565,"북구 대학로23길 19 (산격동,베로커피) / 1327-11번지",2012-08-21 19:45:00,북구
305,지상누수,35.8976705,128.6018008,"북구 연암공원로 90-8, 자납,최정숙 (산격동) / 1185-49번지",2013-01-17 16:00:00,북구
306,지상누수,35.8950436,128.6055463,"북구 산격로10길 1 (산격동,피자앤) / 1408-20번지",2012-06-04 12:20:00,북구
307,지상누수,35.8914124,128.5968645,북구 연암로 66-12 (산격동) / 993-14번지,2012-08-30 12:30:00,북구
308,지상누수,35.8965721,128.6112018,"북구 대동로 42-1 (산격동,푸르미캐슬) / 1268-3번지",2012-09-11 17:20:00,북구
309,지상누수,35.8922664,128.6035592,"북구 대구체육관로8길 5 (산격동,부국생태탕) / 1497-44번지",2013-05-21 13:30:00,북구
310,지상누수,35.8909028,128.6040928,"북구 연암로4길 59 (산격동,대성이용원) / 1498-194번지",2013-02-15 15:00:00,북구
311,지상누수,35.8918834,128.6050608,"북구 산격로 15 (산격동,오종인쇄소) / 1433-60번지",2012-12-04 15:30:00,북구
312,지상누수,35.890609,128.6032882,북구 산격로1길 31-30 (산격동) / 1401-65번지,2013-02-04 15:00:00,북구
313,지상누수,35.8963635,128.6005926,북구 연암공원로 66-13 (산격동) / 1161-46번지,2013-01-13 11:00:00,북구
314,지상누수,35.8963992,128.5987661,"북구 연암공원로11길 3-24 (산격동,금고본인) / 1167-3번지",2013-01-29 13:30:00,북구
315,지상누수,35.8970288,128.6009761,북구 연암공원로 82-12 (산격동) / 1186-15번지,2013-01-26 14:00:00,북구
316,지상누수,35.8947855,128.6115404,"북구 대학로 115 (산격동,(S.K텔레콤)자납) / 1320-5번지",2013-07-29 17:30:00,북구
317,지상누수,35.8935864,128.6046368,"북구 대구체육관로11길 22 (산격동,파랑새마을) / 1429-20번지",2013-06-07 16:00:00,북구
318,지상누수,35.8970207,128.6069701,"북구 대학로9길 74-7 (산격동,자납,김정기) / 1242-5번지",2013-04-03 13:10:00,북구
319,지상누수,35.8920494,128.6057983,북구 대학로9길 13 (산격동) / 1421-23번지,2013-10-23 12:10:00,북구
320,지상누수,35.8968985,128.5996514,북구 연암공원로13길 6-2 (산격동) / 1180-59번지,2013-09-23 20:05:00,북구
321,지상누수,35.890267,128.6038772,북구 연암로4길 42-9 (산격동) / 1498-35번지,2013-01-03 15:25:00,북구
322,지상누수,35.8958679,128.6034297,북구 산격로11길 17 (산격동) / 1423-40번지,2013-06-04 12:00:00,북구
323,지상누수,35.8968767,128.6080844,북구 대동로8길 26-2 (산격동) / 1252-4번지,2013-11-20 19:35:00,북구
324,지상누수,35.8964105,128.5988983,북구 연암공원로11길 3-6 (산격동) / 1166-2번지,2013-01-29 20:00:00,북구
325,지상누수,35.8927626,128.6040563,"북구 대구체육관로9길 2 (산격동,스시로 회) / 1430-30번지",2013-03-05 12:30:00,북구
326,지상누수,35.8919607,128.5968657,북구 연암로12길 9-6 (산격동) / 1051-2번지,2013-01-05 10:15:00,북구
327,지상누수,35.8964988,128.6085216,"북구 대동로8길 21-2 (산격동,401호 동원빌라) / 1249-3번지",2013-04-29 14:30:00,북구
328,지상누수,35.8957541,128.612599,"북구 대학로 129 (산격동,탑부동산) / 1279-21번지",2013-03-22 17:00:00,북구
329,지상누수,35.8959285,128.612761,"북구 대학로 131, 편의점 (산격동) / 1279-7번지",2013-08-31 09:50:00,북구
330,지상누수,35.8945009,128.6106126,"북구 대학로23길 11, (공용함) (산격동,무진원룸) / 1321-11번지",2013-08-30 17:40:00,북구
331,지상누수,35.8930396,128.6087085,"북구 대학로17길 9 (산격동,다모아 미용실) / 1393-1번지",2013-02-14 11:50:00,북구
332,지상누수,35.895344,128.6100321,북구 대학로25길 21-1 (산격동) / 1307-49번지,2013-04-24 22:00:00,북구
333,지상누수,35.8959559,128.6044328,북구 연암공원로14길 46-1 (산격동) / 1423번지,2013-01-09 15:30:00,북구
334,지상누수,35.8966439,128.6027469,북구 연암공원로14길 25-3 (산격동) / 1195-49번지,2013-01-05 15:05:00,북구
335,지상누수,35.8959285,128.612761,"북구 대학로 131, 편의점 (산격동) / 1279-7번지",2013-08-27 16:35:00,북구
336,지상누수,35.8940245,128.6093829,북구 대동로6길 38 (산격동) / 1313-56번지,2013-04-17 13:00:00,북구
337,지상누수,35.89267,128.6042972,"북구 대구체육관로 47 (산격동,남원골) / 1430-28번지",2014-05-05 14:50:00,북구
338,지상누수,35.8950104,128.610865,북구 산격로10길 49-2 (산격동) / 1307-24번지,2014-05-31 17:35:00,북구
339,지상누수,35.8974142,128.606475,"북구 대학로9길 73-4, 대학로9길 73-4 (산격동) / 1234-12번지",,북구
340,지상누수,35.8952943,128.6093955,북구 대동로6길 24 (산격동) / 1312-74번지,2013-08-26 13:15:00,북구
341,지상누수,35.8921334,128.6036122,북구 대구체육관로8길 10-1 (산격동) / 1498-39번지,2014-03-31 18:20:00,북구
342,지상누수,35.8942994,128.6059823,북구 대학로9길 38-1 (산격동) / 1409-49번지,2013-07-25 19:00:00,북구
343,지상누수,35.8917172,128.6032125,북구 대구체육관로8길 18 (산격동) / 1498-43번지,2013-08-31 18:30:00,북구
344,지상누수,35.8967871,128.6097942,북구 대동로8길 10 (산격동) / 1266-6번지,2014-04-14 17:55:00,북구
345,지상누수,35.8980531,128.6052826,북구 연암공원로32길 56-4 (산격동) / 1222-39번지,2013-10-21 13:05:00,북구
346,지상누수,35.8980324,128.6046759,북구 연암공원로32길 62-13 (산격동) / 1197-15번지,2013-02-21 16:00:00,북구
347,지상누수,35.8966439,128.6027469,북구 연암공원로14길 25-3 (산격동) / 1195-49번지,2013-12-29 17:30:00,북구
348,지상누수,35.8938019,128.6078556,북구 산격로8길 23-2 (산격동) / 1326-24번지,2014-01-27 17:30:00,북구
349,지상누수,35.8952054,128.597639,북구 연암공원로 55-29 (산격동) / 1136-2번지,2014-05-02 15:45:00,북구
350,지상누수,35.8967871,128.6097942,"북구 대동로8길 10, 디동 2-2 (산격동) / 1266-6번지",2014-05-07 13:50:00,북구
351,지상누수,35.8980786,128.6072778,북구 대동로 2-5 (산격동) / 1234-21번지,2014-05-23 14:20:00,북구
352,지상누수,35.8981994,128.60719,북구 대동로 2-6 (산격동) / 1232-17번지,2014-05-21 12:30:00,북구
353,지상누수,35.8954183,128.6116362,북구 대학로25길 5-2 (산격동) / 1277-1번지,2013-10-25 14:25:00,북구
354,지상누수,35.8965019,128.6100277,북구 대동로8길 9 (산격동) / 1267-25번지,2014-04-11 17:10:00,북구
355,지상누수,35.8976136,128.6049804,"북구 연암공원로32길 60 (산격동,깜미용실) / 1197-103번지",2014-04-23 17:20:00,북구
356,지상누수,35.8896873,128.6025124,"북구 연암로4길 22 (산격동,우주페인트) / 1498-141번지",2013-10-04 13:50:00,북구
357,지상누수,35.897229,128.6064352,"북구 대학로9길 71 (산격동,태양반점) / 1231-25번지",2013-11-09 20:45:00,북구
358,지상누수,35.8966676,128.6094023,북구 대동로8길 14 (산격동) / 1250-33번지,2014-03-11 17:45:00,북구
359,지상누수,35.8929835,128.5978688,북구 연암공원로6길 6-2 (산격동) / 1099-8번지,2014-05-10 12:10:00,북구
360,지상누수,35.8897072,128.6028817,북구 연암로4길 22-5 (산격동) / 1498-70번지,2013-12-24 17:55:00,북구
361,지상누수,35.8969769,128.6102656,"북구 대동로 34 (산격동,서울막창) / 1241-15번지",2013-10-09 21:50:00,북구
362,지상누수,35.8955753,128.6048381,북구 산격로 57-5 (산격동) / 1422-8번지,2013-11-14 11:25:00,북구
363,지상누수,35.8924459,128.6078682,"북구 산격로6길 24-1 (산격동,당구장) / 1400-11번지",2013-11-20 17:50:00,북구
364,지상누수,35.8931545,128.605574,북구 산격로 30-2 (산격동) / 1413-40번지,,북구
365,지상누수,35.8930412,128.6055699,북구 산격로 28-5 (산격동) / 1413-7번지,2013-11-06 19:10:00,북구
366,지상누수,35.8966845,128.6057377,북구 산격로14길 3-14 (산격동) / 1230-5번지,2014-11-17 17:30:00,북구
367,지상누수,35.8915586,128.6029318,북구 산격로1길 50 (산격동) / 1498-60번지,2014-10-05 14:30:00,북구
368,지상누수,35.8902302,128.6035788,북구 연암로4길 42-1 (산격동) / 1498-125번지,2014-06-10 16:50:00,북구
369,지상누수,35.8903448,128.603526,"북구 연암로4길 46 (산격동,해피빌) / 1498-22번지",2014-06-10 14:50:00,북구
370,지상누수,35.8901375,128.6034434,북구 연암로4길 42-4 (산격동) / 1498-132번지,2014-06-10 16:50:00,북구
371,지상누수,35.8952774,128.6101531,북구 대학로25길 17-4 (산격동) / 1307-60번지,2014-09-02 12:05:00,북구
372,지상누수,35.8919728,128.6056276,북구 산격동 1421-22,2014-10-24 12:30:00,북구
373,지상누수,35.8967756,128.6080835,북구 대동로8길 26-1 (산격동) / 1252-12번지,2014-10-13 16:00:00,북구
374,지상누수,35.8965674,128.6053964,"북구 산격로 68 (산격동,진주남양) / 1229-3번지",2014-09-01 13:42:00,북구
375,지상누수,35.8979908,128.6069095,북구 대동로 2-12 (산격동) / 1232-11번지,2014-06-12 13:00:00,북구
376,지상누수,35.8913697,128.6059763,북구 대학로9길 6-1 (산격동) / 1417-31번지,2014-04-11 08:25:00,북구
377,지상누수,35.8957862,128.5993193,북구 연암공원로 60 (산격동) / 1155-7번지,2014-04-17 18:35:00,북구
378,지상누수,35.8978547,128.6071543,북구 대학로9길 81 (산격동) / 1234-15번지,2014-03-03 13:40:00,북구
379,지상누수,35.8968908,128.6068308,북구 대학로9길 74-8 (산격동) / 1243-4번지,2014-05-26 19:20:00,북구
380,지상누수,35.8968636,128.6085935,북구 대동로8길 22-5 (산격동) / 1250-10번지,2014-09-19 17:30:00,북구
381,지상누수,35.8976449,128.6077196,북구 대동로4길 6 (산격동) / 1241-18번지,2014-04-08 14:00:00,북구
382,지상누수,35.8972341,128.6058311,"북구 산격로 78 (산격동,황금생막창) / 1231-8번지",2014-08-17 13:25:00,북구
383,지상누수,35.892329,128.597797,북구 연암로12길 12-14 (산격동) / 1091번지,2014-08-29 11:03:00,북구
384,지상누수,35.8969911,128.6067829,북구 대학로9길 74-6 (산격동) / 1243-3번지,2014-07-29 17:25:00,북구
385,지상누수,35.8980616,128.6070068,북구 대동로 2-10 (산격동) / 1232-9번지,2014-06-12 12:30:00,북구
386,지상누수,35.8985563,128.6045313,북구 연암공원로20길 34 (산격동) / 1197-31번지,2014-11-09 11:30:00,북구
387,지상누수,35.8982902,128.6070869,"북구 산격로 94 (산격동,대원유리알미늄) / 1232-2번지",2014-06-09 12:20:00,북구
388,지상누수,35.8924255,128.6048535,"북구 대구체육관로 52-2 (산격동,평창칼국수) / 1433-37번지",2014-06-16 16:05:00,북구
389,지상누수,35.8922944,128.6080842,"북구 대학로15길 3 (산격동,당구일번지) / 1400-1번지",2014-11-22 11:30:00,북구
390,지상누수,35.8952774,128.6101531,북구 대학로25길 17-4 (산격동) / 1307-60번지,2014-08-18 16:55:00,북구
391,지상누수,35.8960033,128.6113524,"북구 대동로10길 7 (산격동,(골든힐)) / 1276-1번지",2014-07-04 13:05:00,북구
392,지상누수,35.8975337,128.6080701,북구 대동로4길 7 (산격동) / 1253-40번지,2014-06-17 18:20:00,북구
393,지상누수,35.8943345,128.6096066,"북구 대동로6길 33 (산격동,시티원룸) / 1309-39번지",2014-09-11 14:30:00,북구
394,지상누수,35.8964762,128.606353,북구 대학로9길 68-10 (산격동) / 1245-7번지,2014-07-02 13:20:00,북구
395,지상누수,35.8962384,128.6117154,북구 대동로10길 5-7 (산격동) / 1275-8번지,2014-08-13 17:55:00,북구
396,지상누수,35.8980051,128.6067201,"북구 산격로 88-1 (산격동,얼음막걸리) / 1232-5번지",2014-07-22 15:15:00,북구
397,지상누수,35.8969784,128.6055193,"북구 산격로 74 (산격동,꽃돈) / 1229-1번지",2014-07-12 17:30:00,북구
398,지상누수,35.8966922,128.6062421,북구 대학로9길 68-4 (산격동) / 1245-2번지,2014-07-15 14:20:00,북구
399,지상누수,35.8912052,128.6036036,북구 산격로1길 28 (산격동) / 1497-38번지,2014-06-29 16:20:00,북구
400,지상누수,35.8974615,128.607512,북구 대동로4길 6-8 (산격동) / 1241-20번지,2014-06-26 13:35:00,북구
401,지상누수,35.8948172,128.6029839,"북구 산격로9길 19 (산격동,태원유통) / 1428-12번지",2014-10-15 13:00:00,북구
402,지상누수,35.8901949,128.6037756,북구 연암로4길 42-11 (산격동) / 1498-90번지,2015-01-12 12:30:00,북구
403,지상누수,35.89738,128.6030015,북구 산격로13길 24-6 (산격동) / 1187-4번지,2015-05-26 08:58:00,북구
404,지상누수,35.8951718,128.6005814,북구 산격로서9길 22 (산격동) / 1435-12번지,2014-12-03 11:00:00,북구
405,지상누수,35.892329,128.597797,북구 연암로12길 12-14 (산격동) / 1091번지,2014-09-02 13:35:00,북구
406,지상누수,35.8981991,128.6053031,북구 산격로17길 9 (산격동) / 1222-43번지,2015-01-09 14:00:00,북구
407,지상누수,35.8921385,128.6031806,"북구 대구체육관로 34 (산격동,에코모텔) / 1498-55번지",2015-04-09 15:00:00,북구
408,지상누수,35.8919042,128.6053562,"북구 산격로 16 (산격동,해금정) / 1421-18번지",2015-01-08 18:30:00,북구
409,지상누수,35.8985775,128.6043622,북구 연암공원로20길 32 (산격동) / 1197-65번지,2014-10-03 16:30:00,북구
410,지상누수,35.8937944,128.5979538,"북구 연암공원로 31-2 (산격동,서당골방앗간) / 1130-4번지",2015-04-17 09:33:00,북구
411,지상누수,35.8961165,128.609198,"북구 산격로14길 35 (산격동,해피타운) / 1310번지",2015-04-29 08:52:00,북구
412,지상누수,35.8935454,128.6092832,"북구 대학로23길 28 (산격동,수까락) / 1327-1번지",2015-04-13 17:30:00,북구
413,지상누수,35.8935032,128.6074268,"북구 산격로8길 20 (산격동,아뜨리움) / 1411-65번지",2015-04-27 09:53:00,북구
414,지상누수,35.8926596,128.6056473,"북구 산격로6길 3-1 (산격동,백경식당) / 1413-32번지",2015-06-11 13:30:00,북구
415,지상누수,35.8947208,128.6107649,"북구 대학로23길 10 (산격동,리더고시텔) / 1308-9번지",2015-01-08 15:00:00,북구
416,지상누수,35.8959188,128.6064294,북구 산격로14길 10-2 (산격동) / 1406-42번지,2015-03-20 09:00:00,북구
417,지상누수,35.8898136,128.6014157,북구 연암로 18-30 (산격동) / 1441-76번지,2015-05-21 09:08:00,북구
418,지상누수,35.8924757,128.6060081,"북구 산격로6길 8-1 (산격동,안동상회) / 1414-85번지",2015-06-22 10:50:00,북구
419,지상누수,35.8940402,128.6087462,"북구 대학로17길 19 (산격동,STC광고사) / 1314-5번지",2015-06-18 14:41:00,북구
420,지상누수,35.8937242,128.5986387,북구 연암공원로 32-9 (산격동) / 1127-1번지,2015-02-09 17:00:00,북구
421,지상누수,35.8972472,128.6082531,북구 대동로4길 12-8 (산격동) / 1252-10번지,2015-01-19 08:29:00,북구
422,지상누수,35.8917993,128.605036,"북구 산격로 13-3 (산격동,매직카) / 1433-55번지",2015-04-27 09:07:00,북구
423,지상누수,35.8961666,128.6033412,북구 산격로11길 18-6 (산격동) / 1224-31번지,2015-05-19 10:12:00,북구
424,지상누수,35.8897832,128.603003,북구 연암로4길 30-4 (산격동) / 1498-130번지,2014-12-09 11:30:00,북구
425,지상누수,35.8925655,128.5980831,북구 연암공원로 22-41 (산격동) / 1099-47번지,2015-05-27 17:00:00,북구
426,지상누수,35.8940889,128.6099565,"북구 대학로23길 19 (산격동,베로커피) / 1327-11번지",2015-08-23 17:30:00,북구
427,지상누수,35.8969782,128.6081873,북구 대동로8길 24-7 (산격동) / 1252-8번지,2014-12-21 19:00:00,북구
428,지상누수,35.8962765,128.6107413,북구 대동로8길 3-7 (산격동) / 1268-11번지,2014-12-30 15:50:00,북구
429,지상누수,35.8893295,128.6025162,북구 연암로2길 17 (산격동) / 1498-166번지,2014-12-22 14:00:00,북구
430,지상누수,35.8951438,128.6105719,북구 산격로10길 49-1 (산격동) / 1307-27번지,2014-12-04 12:30:00,북구
431,지상누수,35.8947971,128.6062486,북구 산격로10길 8-1 (산격동) / 1409-2번지,2015-01-19 13:00:00,북구
432,지상누수,35.8922573,128.6037306,북구 대구체육관로10길 6-1 (산격동) / 1497-12번지,2015-01-02 12:00:00,북구
433,지상누수,35.8905349,128.6033322,북구 산격로1길 31-32 (산격동) / 1401-66번지,2014-12-17 16:30:00,북구
434,지상누수,35.8954002,128.6107026,북구 대학로25길 13-4 (산격동) / 1307-72번지,2015-01-21 15:47:00,북구
435,지상누수,35.8947494,128.6108966,북구 대학로23길 8-1 (산격동) / 1308-6번지,2015-08-05 17:30:00,북구
436,지상누수,35.897636,128.606506,북구 대동로 2-24 (산격동) / 1232-13번지,2015-07-21 16:30:00,북구
437,지상누수,35.8938858,128.6098006,"북구 대학로23길 21, 1층 (산격동,매콤돈가스) / 1331-3번지",2015-09-22 12:30:00,북구
438,지상누수,35.8973992,128.6061994,북구 산격로 82-6 (산격동) / 1231-17번지,2015-07-17 17:30:00,북구
439,지상누수,35.8969841,128.60109,북구 연암공원로 82-16 (산격동) / 1186-88번지,2015-11-09 14:00:00,북구
440,지상누수,35.8972954,128.6046739,"북구 연암공원로32길 64 (산격동,세동마트) / 1221-1번지",2015-11-12 14:00:00,북구
441,지상누수,35.8912517,128.5982398,북구 연암로 52-7 (산격동) / 1005-5번지,2015-10-05 15:00:00,북구
442,지상누수,35.8961586,128.6031679,북구 산격로11길 18-5 (산격동) / 1224-29번지,2015-11-26 12:00:00,북구
443,지상누수,35.8966605,128.6105849,북구 대동로8길 2 (산격동) / 1266-10번지,2015-09-03 16:30:00,북구
444,지상누수,35.8970081,128.6100978,북구 대동로 32-2 (산격동) / 1266-17번지,2015-09-20 15:30:00,북구
445,지상누수,35.8913032,128.603715,북구 대구체육관로10길 28-1 (산격동) / 1497-26번지,2015-06-18 14:42:00,북구
446,지상누수,35.8948508,128.6084893,북구 산격로10길 30 (산격동) / 1314-43번지,2015-10-28 16:00:00,북구
447,지상누수,35.8945367,128.6084726,북구 대학로17길 25-5 (산격동) / 1314-56번지,2015-04-23 10:38:00,북구
448,지상누수,35.8931563,128.6090031,"북구 대학로23길 34 (산격동,고니) / 1327-5번지",2015-12-08 18:00:00,북구
449,지상누수,35.8960005,128.6017319,북구 산격로11길 32-1 (산격동) / 1434-61번지,2015-12-14 15:30:00,북구
450,지상누수,35.8959292,128.5997721,북구 연암공원로12길 3-1 (산격동) / 1159-3번지,2015-10-16 14:00:00,북구
451,지상누수,35.8918834,128.6050608,"북구 산격로 15 (산격동,오종인쇄소) / 1433-60번지",2015-12-04 14:00:00,북구
452,지상누수,35.8913465,128.5973101,"북구 연암로12길 2, 고물상 (산격동) / 1018-2번지",2015-10-26 17:30:00,북구
453,지상누수,35.8968874,128.6031159,북구 산격로13길 21-5 (산격동) / 1195-94번지,2015-11-24 16:30:00,북구
454,지상누수,35.8967886,128.5994594,북구 연암공원로13길 6-1 (산격동) / 1180-134번지,2015-08-03 09:06:00,북구
455,지상누수,35.8964398,128.6101538,북구 대동로8길 7-1 (산격동) / 1267-30번지,2015-08-21 13:30:00,북구
456,지상누수,35.8980616,128.6070068,북구 대동로 2-10 (산격동) / 1232-9번지,2015-07-15 08:43:00,북구
457,지상누수,35.895277,128.6090439,북구 대학로25길 29-6 (산격동) / 1312-9번지,2016-09-21 19:30:00,북구
458,지상누수,35.8937019,128.6078629,북구 산격로8길 23-1 (산격동) / 1326-26번지,2015-12-30 12:00:00,북구
459,지상누수,35.8977553,128.6038483,북구 연암공원로32길 64-54 (산격동) / 1190-20번지,2016-02-24 13:11:00,북구
460,지상누수,35.8941288,128.5978432,북구 연암공원로 31-7 (산격동) / 878-3번지,2016-06-18 18:11:00,북구
461,지상누수,35.8961129,128.6042063,북구 산격로11길 8-1 (산격동) / 1225-11번지,2016-01-29 13:01:00,북구
462,지상누수,35.8940716,128.6047604,북구 대구체육관로11길 32 (산격동) / 1425-45번지,2015-11-19 15:00:00,북구
463,지상누수,35.8939066,128.6059705,북구 대학로9길 34-1 (산격동) / 1409-31번지,2016-04-04 21:00:00,북구
464,지상누수,35.8971208,128.5994089,북구 연암공원로13길 6-5 (산격동) / 1180-69번지,2016-10-19 18:01:00,북구
465,지상누수,35.8969196,128.6018601,북구 연암공원로14길 19-17 (산격동) / 1186-34번지,2016-12-14 11:30:00,북구
466,지상누수,35.897172,128.6035242,북구 산격로13길 16-1 (산격동) / 1221-3번지,2016-02-03 19:11:00,북구
467,지상누수,35.8923369,128.5972486,북구 연암로12길 14-1 (산격동) / 1059-2번지,2016-10-18 20:00:00,북구
468,지상누수,35.8915451,128.5961415,북구 연암로 68-3 (산격동) / 980번지,2016-08-17 11:32:00,북구
469,지상누수,35.8925102,128.6007659,"북구 연암로 40 (산격동,구 교육청 본관) / 1445-3번지",2016-10-25 12:11:00,북구
470,지상누수,35.893004,128.6040576,북구 대구체육관로9길 8 (산격동) / 1430-39번지,2016-07-04 15:00:00,북구
471,지상누수,35.8959292,128.5997721,북구 연암공원로12길 3-1 (산격동) / 1159-3번지,2016-01-12 13:30:00,북구
472,지상누수,35.8938931,128.6055682,북구 산격로 40-7 (산격동) / 1410-30번지,2016-01-14 17:00:00,북구
473,지상누수,35.8959482,128.6121261,"북구 대동로 52-7 (산격동,대호영재빌) / 1279-16번지",2016-11-01 16:00:00,북구
474,지상누수,35.892493,128.6053595,북구 산격로 22-1 (산격동) / 1418-1번지,2016-11-02 13:11:00,북구
475,지상누수,35.8968703,128.6082485,북구 대동로8길 24-5 (산격동) / 1252-15번지,2016-11-02 18:00:00,북구
476,지상누수,35.8913465,128.5973101,"북구 연암로12길 2, 고물상 (산격동) / 1018-2번지",2016-01-30 15:48:00,북구
477,지상누수,35.8948166,128.6104906,"북구 산격로10길 48, 301호 (산격동,하나빌라) / 1308-13번지",2016-09-30 18:00:00,북구
478,지상누수,35.891653,128.6026597,북구 대구체육관로 28 (산격동) / 1449-3번지,2016-02-05 12:30:00,북구
479,지상누수,35.8929457,128.6086222,북구 산격동 1393-21,2016-03-16 14:38:00,북구
480,지상누수,35.8938925,128.6104273,북구 대학로 99 (산격동) / 1329-6번지,2016-05-16 17:00:00,북구
481,지상누수,35.8945878,128.6061176,북구 대학로9길 42-1 (산격동) / 1409-18번지,2016-03-18 17:00:00,북구
482,지상누수,35.8945027,128.6100288,북구 대학로23길 16-1 (산격동) / 1309-9번지,2016-02-15 14:01:00,북구
483,지상누수,35.897163,128.6040123,북구 산격로13길 12-4 (산격동) / 1221-14번지,2016-02-03 12:00:00,북구
484,지상누수,35.8929347,128.6089261,북구 대학로17길 6 (산격동) / 1327-4번지,2016-02-24 12:11:00,북구
485,지상누수,35.8917137,128.5961183,북구 연암로 68-5 (산격동) / 981번지,2016-03-16 19:44:00,북구
486,지상누수,35.8965494,128.6049679,"북구 산격로13길 5-9 (산격동,자납) / 1228-10번지",2016-03-30 18:58:00,북구
487,지상누수,35.8925102,128.6007659,"북구 연암로 40 (산격동,구 교육청 본관) / 1445-3번지",2016-11-23 13:45:00,북구
488,지상누수,35.8925429,128.5976192,북구 연암로12길 12-24 (산격동) / 1093-1번지,2016-11-01 18:30:00,북구
489,지상누수,35.8979762,128.603352,북구 연암공원로20길 20 (산격동) / 1188-42번지,2016-01-20 13:30:00,북구
490,지상누수,35.8917564,128.6040532,"북구 대구체육관로10길 17 (산격동,드림빌) / 1490-34번지",2016-01-24 22:11:00,북구
491,지상누수,35.8972015,128.5994722,"북구 연암공원로13길 6-9, (급수중지-2013.11.1) (산격동) / 1180-93번지",2016-04-12 19:11:00,북구
492,지상누수,35.895795,128.6089641,북구 산격로14길 34-1 (산격동) / 1311-23번지,2016-03-30 14:40:00,북구
493,지상누수,35.8964338,128.601439,"북구 연암공원로14길 14 (산격동,목련미용실) / 1434-33번지",2016-04-12 20:00:00,북구
494,지상누수,35.8944865,128.6061309,북구 대학로9길 40-4 (산격동) / 1409-23번지,2016-08-01 15:00:00,북구
495,지상누수,35.8924486,128.6086639,"북구 대학로17길 1 (산격동,파리바케트) / 1399번지",2016-06-10 18:11:00,북구
496,지상누수,35.893,128.6091518,"북구 대학로23길 35, 편의점 (산격동) / 1336-4번지",2016-02-23 18:11:00,북구
497,지상누수,35.8964003,128.6048753,북구 산격로11길 2-9 (산격동) / 1227-4번지,2016-01-22 14:44:00,북구
498,지상누수,35.8974151,128.6010253,"북구 연암공원로 82, 급수중지(2014.2.10)자납 (산격동) / 1186-66번지",2016-09-20 19:00:00,북구
499,지상누수,35.8964629,128.6030102,북구 연암공원로14길 28 (산격동) / 1224-1번지,2016-02-26 13:11:00,북구
500,지상누수,35.8972954,128.6046739,"북구 연암공원로32길 64 (산격동,세동마트) / 1221-1번지",2016-02-02 11:23:00,북구
501,지상누수,35.8979053,128.607681,북구 대학로9길 86-1 (산격동) / 1241-11번지,2016-03-18 12:48:00,북구
502,지상누수,35.8945281,128.6102834,"북구 대학로23길 14-1 (산격동,미니수퍼자납) / 1308-21번지",2016-10-27 19:01:00,북구
503,지상누수,35.8913465,128.5973101,"북구 연암로12길 2, 고물상 (산격동) / 1018-2번지",2016-03-07 17:54:00,북구
504,지상누수,35.8984449,128.5990145,북구 연암공원로17길 20 (산격동) / 79-1번지,2016-09-05 18:11:00,북구
505,지상누수,35.8984303,128.6057365,북구 연암공원로32길 50-4 (산격동) / 1222-30번지,2017-03-23 11:28:00,북구
506,지상누수,35.8957186,128.6026908,북구 산격로11길 23 (산격동) / 1437-164번지,2017-01-17 19:11:00,북구
507,지상누수,35.8948091,128.6090867,"북구 산격로10길 34-1 (산격동,블루밍하우스) / 1313-15번지",2016-03-10 18:11:00,북구
508,지상누수,35.8913576,128.5979953,북구 연암로 52-5 (산격동) / 1004-3번지,2016-10-11 12:00:00,북구
509,지상누수,35.8968332,128.6027983,북구 연암공원로14길 25-8 (산격동) / 1186-125번지,2016-10-17 14:58:00,북구
510,지상누수,35.8940179,128.6089717,북구 대학로17길 20-1 (산격동) / 1313-6번지,2016-04-26 12:11:00,북구
511,지상누수,35.8970081,128.6100978,북구 대동로 32 (산격동) / 1266-2번지,2017-02-18 16:11:00,북구
512,지상누수,35.891814,128.5974542,"북구 연암로12길 10-4, 호 (산격동) / 1036-1번지",2016-12-02 12:00:00,북구
513,지상누수,35.8913034,128.6038482,북구 대구체육관로10길 28 (산격동) / 1497-3번지,2016-08-26 17:58:00,북구
514,지상누수,35.8946636,128.6006998,북구 연암공원로10길 15-12 (산격동) / 1435-33번지,2017-04-29 10:11:00,북구
515,지상누수,35.8944865,128.6061309,북구 대학로9길 40-4 (산격동) / 1409-23번지,2016-07-19 13:01:00,북구
516,지상누수,35.8944865,128.6061309,북구 대학로9길 40-4 (산격동) / 1409-23번지,2016-08-24 11:58:00,북구
517,지상누수,35.8971507,128.6089729,북구 대동로4길 17 (산격동) / 1253-28번지,2017-01-16 13:05:00,북구
518,지상누수,35.8984449,128.5990145,"북구 연암공원로17길 20 (산격동,구암서원) / 79-1번지",2016-12-12 12:00:00,북구
519,지상누수,35.8961776,128.6111316,북구 대동로10길 6 (산격동) / 1305번지,2017-01-31 17:00:00,북구
520,지상누수,35.8956022,128.6009715,북구 산격로서9길 16-12 (산격동) / 1434-10번지,2017-03-09 14:28:00,북구
521,지상누수,35.8944865,128.6061309,북구 대학로9길 40-3 (산격동) / 1409-22번지,2017-01-17 18:11:00,북구
522,지상누수,35.8954183,128.6116362,북구 대학로25길 5-2 (산격동) / 1277-1번지,2016-12-24 18:11:00,북구
523,지상누수,35.8943127,128.5986161,북구 연암공원로10길 2-1 (산격동) / 1144-7번지,2016-12-14 12:00:00,북구
524,지상누수,35.8982773,128.6052341,북구 산격로17길 9-1 (산격동) / 1222-44번지,2017-04-10 11:50:00,북구
525,지상누수,35.8906021,128.60294,북구 연암로4길 41-13 (산격동) / 1401-12번지,2017-10-25 17:50:00,북구
526,지상누수,35.8975656,128.6026257,북구 연암공원로 90-23 (산격동) / 1185-78번지,2017-10-27 11:00:00,북구
527,지상누수,35.8924757,128.6060081,"북구 산격로6길 8 (산격동,시장떡) / 1414-8번지",2017-10-24 14:00:00,북구
528,지상누수,35.8941488,128.5977106,북구 연암공원로 31-17 (산격동) / 878-2번지,2017-06-02 17:50:00,북구
529,지상누수,35.8963696,128.6051019,"북구 산격로 65 (산격동,물레떡방앗간) / 1228-13번지",2017-10-25 17:11:00,북구
530,지상누수,35.8953074,128.6074242,북구 대학로25길 43-1 (산격동) / 1407-70번지,2017-10-24 11:50:00,북구
531,지상누수,35.8961547,128.5988809,북구 연암공원로11길 3-16 (산격동) / 1166-6번지,2017-04-24 10:11:00,북구
532,지상누수,35.8952327,128.6046783,북구 연암공원로14길 55 (산격동) / 1422-17번지,2017-01-28 11:28:00,북구
533,지상누수,35.89779,128.6006515,북구 연암공원로 81-10 (산격동) / 1183-39번지,2017-06-22 15:00:00,북구
534,지상누수,35.8954183,128.6116362,북구 대학로25길 5-2 (산격동) / 1277-1번지,2017-08-30 16:30:00,북구
535,지상누수,35.8972359,128.5996551,북구 연암공원로13길 6-10 (산격동) / 1180-62번지,2017-07-24 13:31:00,북구
536,지상누수,35.8932312,128.5987044,북구 연암공원로8길 15-9 (산격동) / 1107-1번지,2017-10-05 17:50:00,북구
537,지상누수,35.8949448,128.6021882,"북구 산격로서9길 3-4, (정수처분_2014.4.9) (산격동) / 1437-170번지",2017-09-27 16:32:00,북구
538,지상누수,35.8976764,128.6042341,북구 연암공원로20길 30-23 (산격동) / 1197-84번지,2017-09-08 17:50:00,북구
539,지상누수,35.8976775,128.6007088,북구 연암공원로 81-8 (산격동) / 1183-29번지,2017-06-23 13:10:00,북구
540,지상누수,35.8945891,128.599929,북구 연암공원로10길 13-3 (산격동) / 1117-22번지,2017-06-07 17:00:00,북구
541,지상누수,35.8973333,128.5990967,북구 연암공원로11길 13-1 (산격동) / 1180-77번지,2017-06-15 14:11:00,북구
542,지상누수,35.8979954,128.6018406,북구 연암공원로20길 6 (산격동) / 1185-83번지,2017-07-03 15:00:00,북구
543,지상누수,35.8975971,128.5998212,북구 연암공원로13길 2-19 (산격동) / 1180-22번지,2018-04-18 13:00:00,북구
544,지상누수,35.8974838,128.601452,북구 산격로13길 35 (산격동) / 1185-5번지,2017-11-03 09:11:00,북구
545,지상누수,35.8949693,128.6009156,북구 산격로서9길 17 (산격동) / 1435-20번지,2018-03-27 11:00:00,북구
546,지상누수,35.8900323,128.6015069,북구 대구체육관로2길 13 (산격동) / 1442-16번지,2018-05-22 16:50:00,북구
547,지상누수,35.8978824,128.6045353,북구 연암공원로32길 64-14 (산격동) / 1197-19번지,2018-01-22 13:28:00,북구
548,지상누수,35.8937944,128.5979538,"북구 연암공원로 31-2 (산격동,과일가게) / 1130-4번지",2018-01-22 13:18:00,북구
549,지상누수,35.8960685,128.6103505,"북구 산격로14길 45 (산격동,위너스빌(501호)) / 1305-17번지",2017-11-15 17:50:00,북구
550,지상누수,35.8920758,128.6077697,"북구 대학로13길 6 (산격동,봉봉치킨) / 1400-8번지",2018-01-15 13:58:00,북구
551,지상누수,35.8954407,128.6032973,북구 산격로북9길 6-8 (산격동) / 1424-49번지,2018-05-03 11:50:00,북구
552,지상누수,35.8968842,128.5999283,북구 연암공원로13길 2-6 (산격동) / 1182-4번지,2018-05-08 14:50:00,북구
553,지상누수,35.8957652,128.6007278,북구 산격로11길 41-1 (산격동) / 1161-65번지,2018-05-31 13:30:00,북구
554,지상누수,35.895457,128.600316,북구 산격로11길 45-8 (산격동) / 1161-7번지,2018-05-08 13:30:00,북구
555,지상누수,35.894752,128.6016487,북구 연암공원로10길 31-10 (산격동) / 1437-145번지,2017-11-28 17:40:00,북구
556,지상누수,35.8962366,128.6020759,북구 산격로북9길 9-16 (산격동) / 1195-6번지,2017-12-16 09:00:00,북구
557,지상누수,35.8968068,128.6061739,북구 대학로9길 68-2 (산격동) / 1245-1번지,2017-11-27 17:50:00,북구
558,지상누수,35.8968874,128.6031159,북구 산격로13길 21-5 (산격동) / 1195-94번지,2017-11-16 17:00:00,북구
559,지상누수,35.8977913,128.6005239,북구 연암공원로 81-14 (산격동) / 1183-38번지,2017-06-22 11:50:00,북구
560,지상누수,35.8961547,128.5988809,북구 연암공원로11길 3-16 (산격동) / 1166-6번지,2017-09-01 16:20:00,북구
561,지상누수,35.8946727,128.6005333,북구 연암공원로10길 15-6 (산격동) / 1435-34번지,2017-09-22 14:11:00,북구
562,지상누수,35.89646,128.6070414,북구 대학로13길 51-36 (산격동) / 1247-4번지,2017-10-09 18:10:00,북구
563,지상누수,35.8960789,128.5986907,북구 연암공원로 55-28 (산격동) / 1169-5번지,2017-11-20 11:20:00,북구
564,지상누수,35.8901195,128.603841,북구 연암로2길 47 (산격동) / 1498-72번지,2017-11-23 17:50:00,북구
565,지상누수,35.8951971,128.6068576,북구 산격로10길 15-1 (산격동) / 1407-39번지,2018-04-28 13:30:00,북구
566,지상누수,35.8925655,128.5980831,북구 연암공원로 22-41 (산격동) / 1099-47번지,2018-02-11 09:00:00,북구
567,지상누수,35.8959188,128.6064294,북구 산격로14길 10-1 (산격동) / 1406-3번지,2018-03-02 16:00:00,북구
568,지상누수,35.8959048,128.6015921,북구 산격로11길 34 (산격동) / 1434-67번지,2018-03-05 10:29:00,북구
569,지상누수,35.8964187,128.6024236,북구 연암공원로14길 22-1 (산격동) / 1195-5번지,2018-02-21 15:00:00,북구
570,지상누수,35.8967037,128.6010457,북구 연암공원로14길 11-1 (산격동) / 1163-22번지,2018-02-12 11:00:00,북구
571,지상누수,35.889404,128.603045,"북구 대학로 15-1 (산격동,별장여관) / 1398-2번지",2018-02-01 18:50:00,북구
572,지상누수,35.8914103,128.5980455,북구 연암로12길 6-16 (산격동) / 1014번지,2018-05-11 13:30:00,북구
573,지상누수,35.8973372,128.5989698,북구 연암공원로13길 12-12 (산격동) / 1180-153번지,2018-05-05 11:40:00,북구
574,지상누수,35.8907982,128.6036585,북구 연암로4길 53-3 (산격동) / 1498-209번지,2017-11-21 17:00:00,북구
575,지상누수,35.8960622,128.6081993,북구 산격로14길 25-2 (산격동) / 1310-25번지,2018-03-30 18:00:00,북구
576,지상누수,35.8970255,128.6038351,북구 산격로13길 14 (산격동) / 1221-11번지,2018-02-12 12:00:00,북구
577,지상누수,35.8941394,128.6100548,북구 대학로23길 17-1 (산격동) / 1327-20번지,2018-01-13 18:00:00,북구
578,지상누수,35.8974151,128.6010253,북구 연암공원로 82 (산격동) / 1186-66번지,2018-03-22 11:20:00,북구
579,지상누수,35.8955524,128.6011078,북구 산격로11길 35-10 (산격동) / 1434-55번지,2018-05-04 11:50:00,북구
580,지상누수,35.8959277,128.6074306,북구 산격로14길 20 (산격동) / 1406-1번지,2018-05-15 09:00:00,북구
581,지상누수,35.8967368,128.6021465,북구 연암공원로14길 19-7 (산격동) / 1186-49번지,2018-06-25 13:40:00,북구
582,지상누수,35.8968028,128.6106865,"북구 대동로 38 (산격동,화장품백화점) / 1266-11번지",2018-06-07 18:00:00,북구
583,지상누수,35.8969196,128.6018601,북구 연암공원로14길 19-17 (산격동) / 1186-34번지,2018-02-10 15:11:00,북구
584,지상누수,35.8977587,128.5998382,북구 연암공원로13길 2-23 (산격동) / 1180-127번지,2018-04-17 11:30:00,북구
585,지상누수,35.8968809,128.6029008,북구 산격로13길 21-4 (산격동) / 1185-52번지,2018-01-31 14:00:00,북구
586,지상누수,35.8916538,128.5978121,북구 연암로12길 6-19 (산격동) / 1034-2번지,2018-12-20 11:50:00,북구
587,지상누수,35.8917137,128.5961183,북구 연암로 68-5 (산격동) / 981번지,2017-12-26 10:03:00,북구
588,지상누수,35.8937372,128.5991425,북구 연암공원로8길 7-1 (산격동) / 1106-1번지,2018-12-10 11:00:00,북구
589,지상누수,35.894179,128.6107778,북구 대학로 103-2 (산격동) / 1324-1번지,2017-12-14 09:00:00,북구
590,지상누수,35.8961235,128.6038212,북구 산격로11길 12-1 (산격동) / 1224-15번지,2018-01-29 11:00:00,북구
591,지상누수,35.8974632,128.6090917,"북구 대동로 22 (산격동,청구공인중계사) / 1253-4번지",2018-01-29 10:00:00,북구
592,지상누수,35.8958464,128.6083828,북구 산격로14길 28-1 (산격동) / 1311-57번지,2018-08-30 11:50:00,북구
593,지상누수,35.8963635,128.6005926,북구 연암공원로 66-13 (산격동) / 1161-46번지,2017-12-20 10:00:00,북구
594,지상누수,35.8938053,128.609037,"북구 대학로17길 18 (산격동,프론티어1) / 1313-4번지",2018-01-03 14:30:00,북구
595,지상누수,35.8941094,128.6089934,"북구 대학로17길 20-2 (산격동,빨래방) / 1313-20번지",2018-04-12 13:30:00,북구
596,지상누수,35.8959191,128.5996653,북구 연암공원로12길 3 (산격동) / 1159-7번지,2017-12-05 10:58:00,북구
597,지상누수,35.8967557,128.6055623,북구 산격로14길 3-13 (산격동) / 1229-19번지,2018-03-05 10:28:00,북구
598,지상누수,35.8959292,128.5997721,북구 연암공원로12길 3-1 (산격동) / 1159-3번지,2018-09-03 15:10:00,북구
599,지상누수,35.8964393,128.5999479,북구 연암공원로 68 (산격동) / 1163-38번지,2018-09-12 10:40:00,북구
600,지상누수,35.8954636,128.6044445,북구 연암공원로14길 52 (산격동) / 1424번지,2018-10-23 14:00:00,북구
601,지상누수,35.8965219,128.6082196,북구 대동로8길 25 (산격동) / 1249-36번지,2018-10-23 09:17:00,북구
602,지상누수,35.8923365,128.6053714,북구 산격로 20 (산격동) / 1418-10번지,2018-09-29 10:40:00,북구
603,지상누수,35.8901372,128.6023267,북구 대구체육관로2길 19 (산격동) / 1404-12번지,2019-01-24 16:00:00,북구
604,지상누수,35.8917425,128.5959329,"북구 연암공원로 2 (산격동,신동아빌) / 977-1번지",2019-01-24 14:00:00,북구
605,지상누수,35.8918381,128.5971107,북구 연암로12길 7-1 (산격동) / 1038-1번지,2018-09-10 14:50:00,북구
606,지상누수,35.893978,128.6084855,"북구 대학로15길 22-1 (산격동,대동하우스) / 1314-50번지",2018-10-28 17:00:00,북구
607,지상누수,35.8896432,128.6029231,북구 연암로2길 29-1 (산격동) / 1498-173번지,2018-10-10 09:37:00,북구
608,지상누수,35.8919995,128.597909,북구 연암로12길 6-30 (산격동) / 1007번지,2018-08-20 17:11:00,북구
609,지상누수,35.8919995,128.597909,북구 연암로12길 6-30 (산격동) / 1007번지,2018-10-09 13:00:00,북구
610,지상누수,35.8911814,128.6047287,"북구 산격로1길 8 (산격동,매일유업) / 1433-41번지",2018-04-24 15:00:00,북구
611,지상누수,35.8939779,128.6008284,북구 산격동 1445-9 관사 ,2018-08-30 13:40:00,북구
612,지상누수,35.8968068,128.6061739,북구 대학로9길 68-2 (산격동) / 1245-1번지,2018-12-31 15:00:00,북구
613,지상누수,35.8939193,128.5991765,"북구 연암공원로8길 7, C동 102호 (산격동,로얄하이츠) / 1126-17번지",2019-04-15 18:00:00,북구
614,지상누수,35.8958443,128.5989974,"북구 연암공원로 57 (산격동,동신목욕탕) / 1154-13번지",2019-04-19 08:39:00,북구
615,지상누수,35.8964077,128.5995189,"북구 연암공원로 65 (산격동,화성석유) / 1165-2번지",2018-11-02 11:50:00,북구
616,지상누수,35.8952046,128.6036947,북구 산격로9길 14-3 (산격동) / 1424-5번지,2019-05-07 18:00:00,북구
617,지상누수,35.8917425,128.5959329,"북구 연암공원로 2 (산격동,신동아빌) / 977-1번지",2019-01-29 11:50:00,북구
618,지상누수,35.8969594,128.6005758,"북구 연암공원로 74-3 (산격동,대성방수) / 1163-32번지",2019-01-17 16:00:00,북구
619,지상누수,35.8952167,128.6008799,북구 산격로서9길 16-3 (산격동) / 1435-22번지,2018-11-01 13:20:00,북구
620,지상누수,35.8897958,128.6022121,북구 대구체육관로2길 21-4 (산격동) / 1442-10번지,2018-12-06 10:27:00,북구
621,지상누수,35.8955381,128.6017356,북구 산격로서9길 8-39 (산격동) / 1437-35번지,2018-08-21 14:30:00,북구
622,지상누수,35.8961698,128.6018101,북구 산격로북9길 9-19 (산격동) / 1195-118번지,2021-07-17 10:14:00,북구
623,지상누수,35.8948004,128.6008315,북구 산격로서9길 17-6 (산격동) / 1435-27번지,2021-01-22 10:00:00,북구
624,지상누수,35.8950599,128.6068585,북구 산격동 1407-41,2022-02-13 16:00:00,북구
625,지상누수,35.8953951,128.6115114,"북구 대학로25길 7, 401호 (산격동,가로등) / 1304-23번지",2021-02-26 13:41:00,북구
626,지상누수,35.8948698,128.6010136,북구 산격로서9길 17-5 (산격동) / 1435-21번지,2021-03-06 13:26:00,북구
627,지상누수,35.8939019,128.6063404,북구 산격로8길 9-6 (산격동) / 1409-40번지,2021-04-20 17:36:00,북구
628,지상누수,35.898537,128.6041687,북구 연암공원로20길 30-4 (산격동) / 1197-87번지,2020-12-11 17:00:00,북구
629,지상누수,35.8964574,128.6067985,북구 대학로13길 51-40 (산격동) / 1247-2번지,2021-04-20 17:30:00,북구
630,지상누수,35.8929896,128.6046873,북구 대구체육관로11길 10 (산격동) / 1429-6번지,2021-03-25 17:30:00,북구
631,지상누수,35.8957823,128.5984428,북구 산격동 1169-17,2021-11-29 11:30:00,북구
632,지상누수,35.8915603,128.596439,북구 연암로 68-4 (산격동) / 988-4번지,2020-02-10 13:00:00,북구
633,지상누수,35.8924099,128.5980182,북구 연암공원로 22-51 (산격동) / 1096-2번지,2021-02-23 15:30:00,북구
634,지상누수,35.8937502,128.6103499,"북구 대학로 97 (산격동,아카데미안경) / 1329-7번지",2021-06-04 17:30:00,북구
635,지상누수,35.8980362,128.6037608,북구 연암공원로20길 26-12 (산격동) / 1190-14번지,2021-09-24 18:00:00,북구
636,지상누수,35.8902971,128.6031375,북구 산격동 1401-4,2022-01-12 13:30:00,북구
637,지상누수,35.8956519,128.6018395,북구 산격로서9길 8-47 (산격동) / 1437-41번지,2020-07-06 16:51:00,북구
638,지상누수,35.8942498,128.6104451,"북구 대학로23길 15-5 (산격동,옷가게) / 1327번지",2021-05-21 09:30:00,북구
639,지상누수,35.8951362,128.6118528,북구 대학로 119-2 (산격동) / 1277-4번지,2021-05-08 13:30:00,북구
640,지상누수,35.8941277,128.5986262,북구 연암공원로8길 1 (산격동) / 1126-11번지,2021-06-30 17:53:00,북구
641,지상누수,35.8947052,128.6090903,북구 산격동 1313-16,2021-12-13 18:00:00,북구
642,지상누수,35.8961893,128.6011194,북구 산격로11길 36-15 (산격동) / 1434-79번지,2021-08-27 15:00:00,북구
643,지상누수,35.8977432,128.6018556,북구 산격동 1185-10,2022-01-06 17:00:00,북구
644,지상누수,35.8945825,128.6015796,북구 산격동 1436-4,2021-10-15 17:30:00,북구
645,지상누수,35.8941482,128.5976751,북구 산격동 878-2,2021-10-18 14:30:00,북구
646,지상누수,35.8912521,128.6046144,북구 산격동 1433-42,2022-04-05 18:00:00,북구
647,지상누수,35.8937074,128.6092431,북구 산격동 1313-61,2022-04-16 13:00:00,북구
648,지상누수,35.8926588,128.5981486,북구 산격동 1099-46,2021-08-31 16:00:00,북구
649,지상누수,35.893689,128.5984427,북구 연암공원로 32-8 (산격동) / 1105-1번지,2021-01-13 14:00:00,북구
650,지하누수,35.8947758,128.6046433,북구 대구체육관로11길 48 (산격동) / 1425-26번지,,북구
651,지하누수,35.8909603,128.6027368,북구 대구체육관로4길 7-3 (산격동) / 1404-33번지,,북구
652,지하누수,35.891356,128.6032407,북구 대구체육관로8길 26 (산격동) / 1498-6번지,,북구
653,지하누수,35.8944037,128.6041922,북구 대구체육관로9길 40-1 (산격동) / 1426-46번지,,북구
654,지하누수,35.8978486,128.6067485,북구 대동로 2-18 (산격동) / 1232-23번지,,북구
655,지하누수,35.8972211,128.6096754,북구 대동로 28 (산격동) / 1253-43번지,,북구
656,지하누수,35.8963747,128.6116947,북구 대동로 48 (산격동) / 1275-5번지,,북구
657,지하누수,35.896141,128.6122561,북구 대동로 54 (산격동) / 1279-2번지,,북구
658,지하누수,35.8950417,128.611353,북구 대동로10길 17-2 (산격동) / 1304-2번지,,북구
659,지하누수,35.8972868,128.6080448,북구 대동로4길 10-1 (산격동) / 1252-24번지,,북구
660,지하누수,35.8958057,128.6091948,북구 대동로6길 18-4 (산격동) / 1311-43번지,,북구
661,지하누수,35.8967956,128.6094113,북구 대동로6길 6-1 (산격동) / 1250-32번지,,북구
662,지하누수,35.8963254,128.6083443,북구 대동로8길 23-2 (산격동) / 1249-39번지,,북구
663,지하누수,35.8969646,128.6084574,북구 대동로8길 24-8 (산격동) / 1250-4번지,,북구
664,지하누수,35.8968513,128.6079403,북구 대동로8길 28-2 (산격동) / 1251-7번지,,북구
665,지하누수,35.8962765,128.6107413,북구 대동로8길 3-7 (산격동) / 1268-11번지,,북구
666,지하누수,35.894353,128.6110253,북구 대학로 107 (산격동) / 1321-17번지,,북구
667,지하누수,35.8958723,128.6120701,북구 대학로 127-12 (산격동) / 1279-30번지,,북구
668,지하누수,35.8892473,128.6028408,북구 대학로 13 (산격동) / 1392-2번지,,북구
669,지하누수,35.8916054,128.6066892,북구 대학로 59-16 (산격동) / 1416-9번지,,북구
670,지하누수,35.8917457,128.6065576,북구 대학로 59-25 (산격동) / 1417-21번지,,북구
671,지하누수,35.8916117,128.6065452,북구 대학로 59-29 (산격동) / 1417-25번지,,북구
672,지하누수,35.8916117,128.6065452,북구 대학로 59-29 (산격동) / 1417-25번지,,북구
673,지하누수,35.8914202,128.6062172,북구 대학로 59-33 (산격동) / 1417-29번지,,북구
674,지하누수,35.8938925,128.6104273,북구 대학로 99 (산격동) / 1329-6번지,,북구
675,지하누수,35.8938663,128.6102529,북구 대학로 99-1 (산격동) / 1329-5번지,,북구
676,지하누수,35.8944754,128.6077617,북구 대학로13길 30-1 (산격동) / 1326-7번지,,북구
677,지하누수,35.8945804,128.6077641,북구 대학로13길 32 (산격동) / 1326-38번지,,북구
678,지하누수,35.8947414,128.6077693,북구 대학로13길 32-1 (산격동) / 1326-50번지,,북구
679,지하누수,35.8969425,128.6073039,북구 대학로13길 59-4 (산격동) / 1242-19번지,,북구
680,지하누수,35.8944544,128.6081149,북구 대학로15길 27 (산격동) / 1326-2번지,,북구
681,지하누수,35.8938053,128.609037,북구 대학로17길 18 (산격동) / 1313-4번지,,북구
682,지하누수,35.8945457,128.6090655,북구 대학로17길 26 (산격동) / 1313-8번지,,북구
683,지하누수,35.8948467,128.6087656,북구 대학로17길 27 (산격동) / 1314번지,,북구
684,지하누수,35.8944211,128.6104858,북구 대학로23길 13 (산격동) / 1325-7번지,,북구
685,지하누수,35.8941673,128.6102928,북구 대학로23길 15-6 (산격동) / 1327-26번지,,북구
686,지하누수,35.893442,128.6092004,북구 대학로23길 30 (산격동) / 1327-16번지,,북구
687,지하누수,35.8932193,128.6093998,북구 대학로23길 31-1 (산격동) / 1335-6번지,,북구
688,지하누수,35.8927815,128.6090508,북구 대학로23길 37 (산격동) / 1337-1번지,,북구
689,지하누수,35.8926556,128.6089682,북구 대학로23길 37-1 (산격동) / 1338-1번지,,북구
690,지하누수,35.8954131,128.6085243,북구 대학로25길 33-2 (산격동) / 1312-28번지,,북구
691,지하누수,35.8954293,128.6069041,북구 대학로25길 47-2 (산격동) / 1407-36번지,2010-04-19 09:30:00,북구
692,지하누수,35.8956913,128.6069351,북구 대학로25길 50-1 (산격동) / 1406-7번지,,북구
693,지하누수,35.8955989,128.6062,북구 대학로25길 56 (산격동) / 1406-45번지,,북구
694,지하누수,35.8920494,128.6057983,북구 대학로9길 13 (산격동) / 1421-23번지,,북구
695,지하누수,35.8921316,128.6063854,북구 대학로9길 14-9 (산격동) / 1414-69번지,2017-10-16 18:10:00,북구
696,지하누수,35.8966922,128.6062421,북구 대학로9길 68-4 (산격동) / 1245-2번지,,북구
697,지하누수,35.8968908,128.6068308,북구 대학로9길 74-8 (산격동) / 1243-4번지,,북구
698,지하누수,35.8916059,128.6059874,북구 대학로9길 8 (산격동) / 1416-61번지,,북구
699,지하누수,35.901451,128.6043367,북구 동북로 92 (산격동) / 517번지,,북구
700,지하누수,35.8913476,128.5984065,북구 산격동 1005,,북구
701,지하누수,35.8915864,128.5982966,북구 산격동 1007,,북구
702,지하누수,35.8914089,128.5976348,북구 산격동 1016,,북구
703,지하누수,35.8912787,128.5975226,북구 산격동 1018-1,,북구
704,지하누수,35.891462,128.5969987,북구 산격동 1024-3,,북구
705,지하누수,35.8916066,128.5975266,북구 산격동 1032-2,,북구
706,지하누수,35.8917158,128.5970603,북구 산격동 1038-2,,북구
707,지하누수,35.8919186,128.5967396,북구 산격동 1041,2014-12-11 09:56:00,북구
708,지하누수,35.8921997,128.5965135,북구 산격동 1043 삼성명가빌102동 102동,,북구
709,지하누수,35.8920608,128.5969805,북구 산격동 1052,,북구
710,지하누수,35.8920608,128.5969805,북구 산격동 1052,,북구
711,지하누수,35.8921578,128.5971933,북구 산격동 1056 엄지유통,,북구
712,지하누수,35.8921578,128.5971933,북구 산격동 1056 엄지유통,,북구
713,지하누수,35.8923038,128.5969296,북구 산격동 1057-1,,북구
714,지하누수,35.8928402,128.5971616,북구 산격동 1064-2 일이상사,2014-09-04 09:05:00,북구
715,지하누수,35.8919287,128.5977446,북구 산격동 1087,,북구
716,지하누수,35.8924013,128.5980199,북구 산격동 1096-2,,북구
717,지하누수,35.892603,128.5979688,북구 산격동 1099-45,,북구
718,지하누수,35.8930076,128.5976732,북구 산격동 1099-6,,북구
719,지하누수,35.8934978,128.5981341,북구 산격동 1102-16,,북구
720,지하누수,35.8934978,128.5981341,북구 산격동 1102-16 층,2016-10-10 09:00:00,북구
721,지하누수,35.8932436,128.5984591,북구 산격동 1103-5,,북구
722,지하누수,35.8935842,128.5987172,북구 산격동 1106-10,,북구
723,지하누수,35.8949938,128.6000525,북구 산격동 1117-17,2014-10-10 13:12:00,북구
724,지하누수,35.8949938,128.6000525,북구 산격동 1117-17,,북구
725,지하누수,35.8943094,128.5979899,북구 산격동 1133,,북구
726,지하누수,35.8946261,128.5980171,북구 산격동 1135 2016.12.05.급수중지 연장,,북구
727,지하누수,35.8949121,128.5981508,북구 산격동 1135-15 (2011.06.27 급수중지),2016-03-02 13:30:00,북구
728,지하누수,35.8951113,128.5981282,북구 산격동 1136-1,,북구
729,지하누수,35.8950838,128.5979938,북구 산격동 1136-11,,북구
730,지하누수,35.8946786,128.5982036,북구 산격동 1139-1,,북구
731,지하누수,35.894912,128.5983583,북구 산격동 1139-4,2015-01-07 09:00:00,북구
732,지하누수,35.894912,128.5983583,북구 산격동 1139-4,,북구
733,지하누수,35.894565,128.5981758,북구 산격동 1139-5,2016-03-02 15:28:00,북구
734,지하누수,35.8962323,128.600836,북구 산격동 1161,,북구
735,지하누수,35.8954653,128.6003191,북구 산격동 1161-7,,북구
736,지하누수,35.8962351,128.5985884,북구 산격동 1169-3,,북구
737,지하누수,35.8968155,128.5987169,북구 산격동 1180-109,,북구
738,지하누수,35.8969202,128.5987609,북구 산격동 1180-131,,북구
739,지하누수,35.8977634,128.5994017,북구 산격동 1180-136 대자비원,,북구
740,지하누수,35.8970363,128.5984409,북구 산격동 1180-139,,북구
741,지하누수,35.897494,128.5989636,북구 산격동 1180-154,,북구
742,지하누수,35.8977155,128.5989664,북구 산격동 1180-41 연암공원6길18,,북구
743,지하누수,35.8977425,128.5987645,북구 산격동 1180-43,,북구
744,지하누수,35.8977425,128.5987645,북구 산격동 1180-43 (2010.4.27직권폐전),2016-03-03 09:30:00,북구
745,지하누수,35.8968109,128.59946,북구 산격동 1180-71,2016-03-03 09:00:00,북구
746,지하누수,35.8968109,128.59946,북구 산격동 1180-71,2016-09-23 09:00:00,북구
747,지하누수,35.8968111,128.5993156,북구 산격동 1180-72,,북구
748,지하누수,35.897346,128.5991107,북구 산격동 1180-77,,북구
749,지하누수,35.8972376,128.5994722,북구 산격동 1180-93 (주)유정인터내셔널 ,,북구
750,지하누수,35.8971737,128.5986068,북구 산격동 1180-96,,북구
751,지하누수,35.8970342,128.5985975,북구 산격동 1180-99,,북구
752,지하누수,35.897853,128.5987658,북구 산격동 1182-119,,북구
753,지하누수,35.897853,128.5987658,북구 산격동 1182-119,,북구
754,지하누수,35.8969261,128.60018,북구 산격동 1182-5 관리201호 청솔주택,2014-09-04 09:06:00,북구
755,지하누수,35.8976595,128.601949,북구 산격동 1185-15,2014-09-04 09:08:00,북구
756,지하누수,35.8969686,128.6024191,북구 산격동 1185-65,,북구
757,지하누수,35.8970001,128.6016457,북구 산격동 1186-114,,북구
758,지하누수,35.8970021,128.602767,북구 산격동 1186-123,,북구
759,지하누수,35.8968503,128.6010226,북구 산격동 1186-16,,북구
760,지하누수,35.8969238,128.6017684,북구 산격동 1186-74 2015.12.28.급수중지 연장 ,,북구
761,지하누수,35.8968302,128.6029594,북구 산격동 1195-41,,북구
762,지하누수,35.8964112,128.6024067,북구 산격동 1195-5,,북구
763,지하누수,35.8962571,128.6021145,북구 산격동 1195-6,,북구
764,지하누수,35.896078,128.6025306,북구 산격동 1195-70,,북구
765,지하누수,35.8967492,128.6028856,북구 산격동 1195-75,,북구
766,지하누수,35.8975523,128.6040497,북구 산격동 1197-118,2014-10-06 12:28:00,북구
767,지하누수,35.8976972,128.6048247,북구 산격동 1197-43,,북구
768,지하누수,35.8971634,128.6038306,북구 산격동 1221-10,2016-03-15 09:00:00,북구
769,지하누수,35.897039,128.6038291,북구 산격동 1221-11,,북구
770,지하누수,35.898519,128.6055705,북구 산격동 1222-12,,북구
771,지하누수,35.8984111,128.6057109,북구 산격동 1222-30,2014-10-15 11:04:00,북구
772,지하누수,35.8982707,128.6052163,북구 산격동 1222-44,,북구
773,지하누수,35.8984275,128.6050715,북구 산격동 1222-46,,북구
774,지하누수,35.8965447,128.6043002,북구 산격동 1226-1 2층,2016-07-27 15:00:00,북구
775,지하누수,35.8964067,128.6044953,북구 산격동 1226-8,,북구
776,지하누수,35.8968205,128.6051151,북구 산격동 1228-1 스타노래연습장,2016-07-27 13:00:00,북구
777,지하누수,35.8972172,128.6062283,북구 산격동 1231-19,,북구
778,지하누수,35.897132,128.6059369,북구 산격동 1231-9,,북구
779,지하누수,35.8980463,128.6073842,북구 산격동 1234-22,,북구
780,지하누수,35.8974775,128.6067132,북구 산격동 1234-25,,북구
781,지하누수,35.8979109,128.6076387,북구 산격동 1241-11,,북구
782,지하누수,35.8970541,128.6070699,북구 산격동 1242-14,,북구
783,지하누수,35.896943,128.6072976,북구 산격동 1242-19,,북구
784,지하누수,35.8969778,128.6075045,북구 산격동 1242-22,,북구
785,지하누수,35.8970193,128.6069647,북구 산격동 1242-5,2016-07-27 09:00:00,북구
786,지하누수,35.8968784,128.6066871,북구 산격동 1243-8,,북구
787,지하누수,35.8963247,128.6066462,북구 산격동 1246-6,,북구
788,지하누수,35.896407,128.6087045,북구 산격동 1249-15,,북구
789,지하누수,35.8968971,128.6089178,북구 산격동 1250-20,,북구
790,지하누수,35.8967539,128.6090943,북구 산격동 1250-26,,북구
791,지하누수,35.8969802,128.6084567,북구 산격동 1250-4,,북구
792,지하누수,35.8971951,128.6088573,북구 산격동 1253-25,,북구
793,지하누수,35.8970928,128.6092451,북구 산격동 1253-32,,북구
794,지하누수,35.8970928,128.6092451,북구 산격동 1253-32 파랑새 ,,북구
795,지하누수,35.8966971,128.6105958,북구 산격동 1266-10,,북구
796,지하누수,35.8963962,128.6105147,북구 산격동 1267-16,,북구
797,지하누수,35.8966144,128.6107966,북구 산격동 1268-15,2016-07-21 09:00:00,북구
798,지하누수,35.8951658,128.6115137,북구 산격동 1304-18,,북구
799,지하누수,35.8961338,128.6104798,북구 산격동 1305-4,,북구
800,지하누수,35.8958113,128.6104771,북구 산격동 1306-24,,북구
801,지하누수,35.8957776,128.6097453,북구 산격동 1306-41,,북구
802,지하누수,35.8957771,128.6102088,북구 산격동 1306-52,,북구
803,지하누수,35.8951477,128.6098643,북구 산격동 1307-29,,북구
804,지하누수,35.8950253,128.6107087,북구 산격동 1307-38 드림하이,,북구
805,지하누수,35.8954119,128.6098672,북구 산격동 1307-46 비너스 ,,북구
806,지하누수,35.8950258,128.6105732,북구 산격동 1307-54 상록,2016-07-27 13:00:00,북구
807,지하누수,35.8942865,128.6098394,북구 산격동 1309-20,,북구
808,지하누수,35.8939763,128.6096061,북구 산격동 1309-43,2014-07-04 16:51:00,북구
809,지하누수,35.8961794,128.6087292,북구 산격동 1310-16,,북구
810,지하누수,35.8961398,128.6081966,북구 산격동 1310-24,,북구
811,지하누수,35.8956918,128.6087921,북구 산격동 1311-12,2016-07-19 10:00:00,북구
812,지하누수,35.8955785,128.6080436,북구 산격동 1311-46,,북구
813,지하누수,35.895638,128.6083125,북구 산격동 1311-73,,북구
814,지하누수,35.8956941,128.6084596,북구 산격동 1311-75,,북구
815,지하누수,35.8954103,128.6093837,북구 산격동 1312,,북구
816,지하누수,35.8954078,128.6092462,북구 산격동 1312-1 피렌체빌 ,,북구
817,지하누수,35.8954223,128.6087186,북구 산격동 1312-2 발리 ,2016-02-29 14:50:00,북구
818,지하누수,35.895288,128.6092459,북구 산격동 1312-54  ,,북구
819,지하누수,35.8954175,128.6090856,북구 산격동 1312-56,,북구
820,지하누수,35.8952836,128.6090348,북구 산격동 1312-9,,북구
821,지하누수,35.894499,128.6093913,북구 산격동 1313-31,,북구
822,지하누수,35.8937085,128.6093782,북구 산격동 1313-62 야끼한남자 ,2016-03-28 09:30:00,북구
823,지하누수,35.8948441,128.6087573,북구 산격동 1314,,북구
824,지하누수,35.894758,128.6085124,북구 산격동 1314-20,,북구
825,지하누수,35.8937338,128.60859,북구 산격동 1314-40 (비디오),,북구
826,지하누수,35.8948443,128.6084927,북구 산격동 1314-43 미니레이디 ,,북구
827,지하누수,35.8948474,128.608344,북구 산격동 1314-44,,북구
828,지하누수,35.8936404,128.6103236,북구 산격동 1319-1,,북구
829,지하누수,35.8947167,128.6112692,북구 산격동 1321-2 봉대박스파게티,,북구
830,지하누수,35.8943289,128.6105665,북구 산격동 1325-4 희진빌 (공용함),,북구
831,지하누수,35.8944408,128.6104986,북구 산격동 1325-7 레인보우(다락),,북구
832,지하누수,35.8948505,128.6081292,북구 산격동 1326 14,,북구
833,지하누수,35.8942635,128.610443,북구 산격동 1327,2016-07-28 09:00:00,북구
834,지하누수,35.8935752,128.6095498,북구 산격동 1331-10,,북구
835,지하누수,35.8936902,128.6096401,북구 산격동 1331-2 감자탕연구소 ,,북구
836,지하누수,35.88871,128.6020298,북구 산격동 1382-11,,북구
837,지하누수,35.8891053,128.6025241,북구 산격동 1392-5 초코하우스(투) ,,북구
838,지하누수,35.8899382,128.6026823,북구 산격동 1395-15 성광TV,,북구
839,지하누수,35.893335,128.608099,북구 산격동 1397-25 김스타치킨 경대점 ,,북구
840,지하누수,35.8924506,128.6083,북구 산격동 1399-3,,북구
841,지하누수,35.892445,128.6080946,북구 산격동 1400,,북구
842,지하누수,35.892445,128.6080946,북구 산격동 1400 마실커피경북대점,,북구
843,지하누수,35.8906662,128.6032595,북구 산격동 1401-113,2014-12-19 17:08:00,북구
844,지하누수,35.8905797,128.6029416,북구 산격동 1401-12,,북구
845,지하누수,35.8905487,128.6031583,북구 산격동 1401-13,,북구
846,지하누수,35.8904984,128.603317,북구 산격동 1401-66,,북구
847,지하누수,35.8908966,128.602927,북구 산격동 1401-7,2016-07-21 09:00:00,북구
848,지하누수,35.8908924,128.603033,북구 산격동 1401-79,2016-01-14 15:30:00,북구
849,지하누수,35.8903619,128.6032938,북구 산격동 1401-88 대림싱크공장 ,,북구
850,지하누수,35.8911832,128.6026666,북구 산격동 1404-27,,북구
851,지하누수,35.8909411,128.6022038,북구 산격동 1404-81,,북구
852,지하누수,35.8913343,128.6028039,북구 산격동 1404-99 정수헤어아트,2014-10-06 12:55:00,북구
853,지하누수,35.8959168,128.6074355,북구 산격동 1406-1,,북구
854,지하누수,35.8959178,128.6070107,북구 산격동 1406-34,2016-07-27 09:00:00,북구
855,지하누수,35.8955879,128.6064074,북구 산격동 1406-37,,북구
856,지하누수,35.8955894,128.6061974,북구 산격동 1406-45,,북구
857,지하누수,35.8953065,128.6067474,북구 산격동 1407-13,2016-01-19 13:30:00,북구
858,지하누수,35.8950599,128.6068585,북구 산격동 1407-41,,북구
859,지하누수,35.8950599,128.6068585,북구 산격동 1407-41 반올림피자샵 ,,북구
860,지하누수,35.8950278,128.6062918,북구 산격동 1407-54 옥스포드수학 ,,북구
861,지하누수,35.8951585,128.6060191,북구 산격동 1407-56,,북구
862,지하누수,35.8959163,128.6058311,북구 산격동 1408,,북구
863,지하누수,35.8945458,128.6062248,북구 산격동 1409-19,2016-01-21 10:04:00,북구
864,지하누수,35.8944989,128.6060147,북구 산격동 1409-21,2016-03-18 13:30:00,북구
865,지하누수,35.8937395,128.6055498,북구 산격동 1410-6 힐하우스(원룸),,북구
866,지하누수,35.8939504,128.6058123,북구 산격동 1410-9 아트라스 ,2016-07-27 09:00:00,북구
867,지하누수,35.8931406,128.6061747,북구 산격동 1411-13 신동스마트룸 ,,북구
868,지하누수,35.8935497,128.6061279,북구 산격동 1411-24,,북구
869,지하누수,35.8926445,128.6060532,북구 산격동 1412-24,,북구
870,지하누수,35.8926412,128.6075201,북구 산격동 1412-35 김상진헤어,,북구
871,지하누수,35.8932908,128.6053603,북구 산격동 1413-11 불곰구이 ,2014-06-30 08:42:00,북구
872,지하누수,35.8931854,128.6057473,북구 산격동 1413-16,,북구
873,지하누수,35.8935606,128.6053668,북구 산격동 1413-27,,북구
874,지하누수,35.8931473,128.6053519,북구 산격동 1413-8,,북구
875,지하누수,35.8923979,128.60716,북구 산격동 1414-1 마사 ,,북구
876,지하누수,35.892458,128.6074693,북구 산격동 1414-61 최군맥주 ,,북구
877,지하누수,35.892233,128.6062489,북구 산격동 1414-70,,북구
878,지하누수,35.8924093,128.606037,북구 산격동 1414-85,,북구
879,지하누수,35.891736,128.6067072,북구 산격동 1416-10,,북구
880,지하누수,35.8917384,128.6065541,북구 산격동 1416-11,,북구
881,지하누수,35.891616,128.6067147,북구 산격동 1416-9 금광블루빌,,북구
882,지하누수,35.89152,128.6055689,북구 산격동 1418-7,,북구
883,지하누수,35.8957088,128.6050327,북구 산격동 1422-1 리치웰빙,2014-09-04 09:03:00,북구
884,지하누수,35.8953882,128.6029958,북구 산격동 1424-2,,북구
885,지하누수,35.8952829,128.6036773,북구 산격동 1424-22,,북구
886,지하누수,35.8940489,128.6048683,북구 산격동 1425-3,,북구
887,지하누수,35.8933403,128.6041584,북구 산격동 1430-34,,북구
888,지하누수,35.8933403,128.6041584,북구 산격동 1430-34,,북구
889,지하누수,35.8933403,128.6041584,북구 산격동 1430-34,,북구
890,지하누수,35.8919931,128.6048395,북구 산격동 1433-18,,북구
891,지하누수,35.8955827,128.6009649,북구 산격동 1434-10,,북구
892,지하누수,35.8960865,128.6010963,북구 산격동 1434-48,,북구
893,지하누수,35.8953934,128.6011361,북구 산격동 1434-56,,북구
894,지하누수,35.8962904,128.6010969,북구 산격동 1434-6,,북구
895,지하누수,35.8957377,128.6011203,북구 산격동 1434-87,,북구
896,지하누수,35.8951736,128.6005645,북구 산격동 1435-12,,북구
897,지하누수,35.8944666,128.6007764,북구 산격동 1435-42,,북구
898,지하누수,35.8952894,128.6011513,북구 산격동 1435-49,2014-10-10 13:13:00,북구
899,지하누수,35.8949974,128.6011109,북구 산격동 1435-54,,북구
900,지하누수,35.8944816,128.6011167,북구 산격동 1436-20,2017-06-07 10:30:00,북구
901,지하누수,35.8952896,128.6012526,북구 산격동 1437,,북구
902,지하누수,35.8954243,128.6020765,북구 산격동 1437-15,,북구
903,지하누수,35.8951768,128.6018861,북구 산격동 1437-22,,북구
904,지하누수,35.895618,128.6016666,북구 산격동 1437-40,,북구
905,지하누수,35.89565,128.6023315,북구 산격동 1437-7,,북구
906,지하누수,35.894683,128.6021927,북구 산격동 1437-82,2016-07-27 15:00:00,북구
907,지하누수,35.8944146,128.6019027,북구 산격동 1439-22,,북구
908,지하누수,35.8895971,128.601464,북구 산격동 1441-62,2014-12-13 14:54:00,북구
909,지하누수,35.8909882,128.6021372,북구 산격동 1442-54,,북구
910,지하누수,35.8939779,128.6008284,북구 산격동 1445-9 관사,,북구
911,지하누수,35.8916045,128.603594,북구 산격동 1497-33,,북구
912,지하누수,35.8920443,128.6037541,북구 산격동 1497-35,,북구
913,지하누수,35.8913073,128.6035472,북구 산격동 1497-51,,북구
914,지하누수,35.8923845,128.6030124,북구 산격동 1498-1,,북구
915,지하누수,35.8906313,128.6041447,북구 산격동 1498-105,2016-10-12 09:00:00,북구
916,지하누수,35.890274,128.6040782,북구 산격동 1498-128,,북구
917,지하누수,35.8916774,128.6029474,북구 산격동 1498-157 강나루매운탕,,북구
918,지하누수,35.8893267,128.6025295,북구 산격동 1498-166,,북구
919,지하누수,35.8893267,128.6025295,북구 산격동 1498-166,,북구
920,지하누수,35.8896577,128.6031403,북구 산격동 1498-177,,북구
921,지하누수,35.8910342,128.604078,북구 산격동 1498-186,,북구
922,지하누수,35.8908316,128.6034761,북구 산격동 1498-206,2016-10-12 09:00:00,북구
923,지하누수,35.8906845,128.6035591,북구 산격동 1498-215,2016-02-17 10:15:00,북구
924,지하누수,35.8897404,128.6027238,북구 산격동 1498-67,,북구
925,지하누수,35.890282,128.6036756,북구 산격동 1498-88,,북구
926,지하누수,35.9015936,128.6040458,북구 산격동 517,2017-01-09 19:00:00,북구
927,지하누수,35.8940995,128.597477,북구 산격동 878-35,,북구
928,지하누수,35.8937662,128.5975818,북구 산격동 878-7,2016-02-17 10:11:00,북구
929,지하누수,35.8916993,128.5961649,북구 산격동 981,,북구
930,지하누수,35.8913639,128.5966834,북구 산격동 993-16,,북구
931,지하누수,35.8920735,128.6055943,북구 산격로 14-13 (산격동) / 1421-51번지,,북구
932,지하누수,35.892493,128.6053595,북구 산격로 22-1 (산격동) / 1418-1번지,,북구
933,지하누수,35.8946962,128.6053718,북구 산격로 46-1 (산격동) / 1410-48번지,2016-10-12 13:00:00,북구
934,지하누수,35.8954967,128.6048364,북구 산격로 53-6 (산격동) / 1422-11번지,,북구
935,지하누수,35.8957129,128.6050808,북구 산격로 57-2 (산격동) / 1422-1번지,,북구
936,지하누수,35.8958578,128.6049185,북구 산격로 59-4 (산격동) / 1422-26번지,,북구
937,지하누수,35.8959196,128.6054125,북구 산격로 60-2 (산격동) / 1408-25번지,,북구
938,지하누수,35.8962961,128.6053979,북구 산격로 64-1 (산격동) / 1229-15번지,,북구
939,지하누수,35.8983695,128.6072313,북구 산격로 96 (산격동) / 1232-1번지,,북구
940,지하누수,35.8951971,128.6068576,북구 산격로10길 15-1 (산격동) / 1407-39번지,,북구
941,지하누수,35.8950259,128.6069784,북구 산격로10길 15-2 (산격동) / 1407-9번지,,북구
942,지하누수,35.8950275,128.6071764,북구 산격로10길 17-2 (산격동) / 1407-62번지,,북구
943,지하누수,35.8948612,128.6083472,북구 산격로10길 28 (산격동) / 1314-44번지,,북구
944,지하누수,35.8951854,128.6092512,북구 산격로10길 35-6 (산격동) / 1312-72번지,,북구
945,지하누수,35.8948463,128.6092167,북구 산격로10길 36 (산격동) / 1313-11번지,,북구
946,지하누수,35.8950196,128.6097072,북구 산격로10길 39 (산격동) / 1307-53번지,,북구
947,지하누수,35.8950004,128.6102705,북구 산격로10길 45 (산격동) / 1307-66번지,,북구
948,지하누수,35.8950104,128.610865,북구 산격로10길 49-2 (산격동) / 1307-24번지,,북구
949,지하누수,35.8960005,128.6017319,북구 산격로11길 32-1 (산격동) / 1434-61번지,,북구
950,지하누수,35.8954473,128.6010038,북구 산격로11길 35-14 (산격동) / 1434-23번지,,북구
951,지하누수,35.8954767,128.6006315,북구 산격로11길 43-19 (산격동) / 1435-1번지,,북구
952,지하누수,35.8957562,128.6004581,북구 산격로11길 43-2 (산격동) / 1161-59번지,,북구
953,지하누수,35.8962062,128.6043354,북구 산격로11길 8-4 (산격동) / 1225-14번지,,북구
954,지하누수,35.8972922,128.6038361,북구 산격로13길 12-7 (산격동) / 1221-9번지,,북구
955,지하누수,35.8970944,128.6024783,북구 산격로13길 25 (산격동) / 1185-67번지,,북구
956,지하누수,35.8970944,128.6024783,북구 산격로13길 25 (산격동) / 1185-67번지,,북구
957,지하누수,35.8971252,128.6023369,북구 산격로13길 27 (산격동) / 1185-59번지,,북구
958,지하누수,35.8970346,128.6017844,북구 산격로13길 35-18 (산격동) / 1186-29번지,,북구
959,지하누수,35.8959332,128.6097411,북구 산격로14길 42 (산격동) / 1306-20번지,2016-10-12 09:00:00,북구
960,지하누수,35.8957856,128.6104631,북구 산격로14길 48-2 (산격동) / 1306-24번지,2016-10-12 09:00:00,북구
961,지하누수,35.895782,128.6105861,북구 산격로14길 50-1 (산격동) / 1306-2번지,,북구
962,지하누수,35.8958366,128.6107121,북구 산격로14길 50-2 (산격동) / 1306-27번지,,북구
963,지하누수,35.8908886,128.603272,북구 산격로1길 31-18 (산격동) / 1401-89번지,,북구
964,지하누수,35.8908484,128.6031797,북구 산격로1길 31-22 (산격동) / 1401-96번지,,북구
965,지하누수,35.892427,128.6063502,북구 산격로6길 10-2 (산격동) / 1414-90번지,,북구
966,지하누수,35.8924244,128.6071713,북구 산격로6길 18 (산격동) / 1414-1번지,2017-10-16 18:05:00,북구
967,지하누수,35.892469,128.6075684,북구 산격로6길 22-1 (산격동) / 1414번지,,북구
968,지하누수,35.892469,128.6075684,북구 산격로6길 22-1 (산격동) / 1414번지,2017-10-13 17:30:00,북구
969,지하누수,35.8924787,128.605816,북구 산격로6길 6-1 (산격동) / 1418번지,,북구
970,지하누수,35.8924757,128.6060081,북구 산격로6길 8 (산격동) / 1414-8번지,,북구
971,지하누수,35.8937504,128.6065046,북구 산격로8길 11 (산격동) / 1409-35번지,,북구
972,지하누수,35.8938019,128.6078556,북구 산격로8길 23-2 (산격동) / 1326-24번지,,북구
973,지하누수,35.8937026,128.608004,북구 산격로8길 25 (산격동) / 1326-12번지,,북구
974,지하누수,35.8951417,128.602664,"북구 산격로북9길 1 (산격동,떡집) / 1437-98번지",,북구
975,지하누수,35.895978,128.6022858,북구 산격로북9길 9-11 (산격동) / 1195-29번지,,북구
976,지하누수,35.8953107,128.6014414,북구 산격로서9길 14-4 (산격동) / 1437-24번지,,북구
977,지하누수,35.8953064,128.6008748,북구 산격로서9길 16-5 (산격동) / 1435번지,,북구
978,지하누수,35.8947713,128.6010511,북구 산격로서9길 17-7 (산격동) / 1435-37번지,,북구
979,지하누수,35.8952061,128.5998821,북구 산격로서9길 26-1 (산격동) / 1148-8번지,,북구
980,지하누수,35.8947912,128.6023991,북구 산격로서9길 3-5 (산격동) / 1437-77번지,,북구
981,지하누수,35.8947381,128.6019531,북구 산격로서9길 7-13 (산격동) / 1437-123번지,,북구
982,지하누수,35.8956611,128.6023469,북구 산격로서9길 8-46 (산격동) / 1437-7번지,,북구
983,지하누수,35.895665,128.6022169,북구 산격로서9길 8-48 (산격동) / 1437-8번지,,북구
984,지하누수,35.8924513,128.596775,북구 연암공원로 14 (산격동) / 1048-4번지,,북구
985,지하누수,35.8925156,128.5967567,북구 연암공원로 14-1 (산격동) / 1048-1번지,,북구
986,지하누수,35.8929004,128.597316,북구 연암공원로 20-1 (산격동) / 1062-2번지,,북구
987,지하누수,35.8929799,128.5973392,북구 연암공원로 22 (산격동) / 1062-1번지,,북구
988,지하누수,35.8941463,128.5974834,북구 연암공원로 31-14 (산격동) / 878-1번지,,북구
989,지하누수,35.8941542,128.5979098,북구 연암공원로 37-7 (산격동) / 1133-2번지,,북구
990,지하누수,35.8944692,128.5984373,북구 연암공원로 41 (산격동) / 1141-4번지,,북구
991,지하누수,35.8963338,128.5998717,북구 연암공원로 66 (산격동) / 1163-40번지,,북구
992,지하누수,35.8962166,128.6000401,북구 연암공원로 66-22 (산격동) / 1163-10번지,,북구
993,지하누수,35.8963653,128.6000976,북구 연암공원로 66-5 (산격동) / 1161-44번지,,북구
994,지하누수,35.896816,128.6006497,북구 연암공원로 76-6 (산격동) / 1184-8번지,,북구
995,지하누수,35.8920784,128.5963469,북구 연암공원로 8 (산격동) / 1043-2번지,,북구
996,지하누수,35.897234,128.6011778,북구 연암공원로 82-26 (산격동) / 1186-61번지,,북구
997,지하누수,35.8948747,128.6014267,북구 연암공원로10길 31-16 (산격동) / 1437-106번지,,북구
998,지하누수,35.8945447,128.60202,북구 연암공원로10길 31-4 (산격동) / 1437-110번지,,북구
999,지하누수,35.8946495,128.6017077,북구 연암공원로10길 31-6 (산격동) / 1437-108번지,,북구
1000,지하누수,35.8946636,128.602393,북구 연암공원로10길 33-6 (산격동) / 1437-78번지,,북구
1001,지하누수,35.8964518,128.5985146,북구 연암공원로11길 3-15 (산격동) / 1168-7번지,,북구
1002,지하누수,35.8962741,128.598792,북구 연암공원로11길 3-20 (산격동) / 1166-4번지,,북구
1003,지하누수,35.8962741,128.598792,북구 연암공원로11길 3-20 (산격동) / 1166-4번지,,북구
1004,지하누수,35.8962449,128.5985717,북구 연암공원로11길 3-9 (산격동) / 1169-3번지,,북구
1005,지하누수,35.8955177,128.5998111,북구 연암공원로12길 7 (산격동) / 1160-2번지,,북구
1006,지하누수,35.8968842,128.5999283,북구 연암공원로13길 2-6 (산격동) / 1182-4번지,,북구
1007,지하누수,35.8971117,128.5998117,북구 연암공원로13길 2-7 (산격동) / 1180-18번지,,북구
1008,지하누수,35.8971117,128.5998117,북구 연암공원로13길 2-7 (산격동) / 1180-18번지,,북구
1009,지하누수,35.896796,128.5992992,북구 연암공원로13길 8 (산격동) / 1180-72번지,,북구
1010,지하누수,35.8969617,128.6013846,북구 연암공원로14길 13-35 (산격동) / 1186-75번지,,북구
1011,지하누수,35.8971366,128.6013529,북구 연암공원로14길 13-37 (산격동) / 1186-9번지,,북구
1012,지하누수,35.8965898,128.6016523,북구 연암공원로14길 15 (산격동) / 1186-46번지,,북구
1013,지하누수,35.8968833,128.6021024,북구 연암공원로14길 19-21 (산격동) / 1186-41번지,,북구
1014,지하누수,35.8968833,128.6021024,북구 연암공원로14길 19-21 (산격동) / 1186-41번지,,북구
1015,지하누수,35.8967516,128.6020507,북구 연암공원로14길 19-3 (산격동) / 1186-48번지,,북구
1016,지하누수,35.8962259,128.6025329,북구 연암공원로14길 22-5 (산격동) / 1195-35번지,,북구
1017,지하누수,35.8962259,128.6025329,북구 연암공원로14길 22-5 (산격동) / 1195-35번지,,북구
1018,지하누수,35.8961417,128.602339,북구 연암공원로14길 22-8 (산격동) / 1195-64번지,,북구
1019,지하누수,35.8965775,128.6025858,북구 연암공원로14길 23 (산격동) / 1195-109번지,,북구
1020,지하누수,35.8960892,128.604461,북구 연암공원로14길 46 (산격동) / 1225-10번지,,북구
1021,지하누수,35.8957266,128.6037964,북구 연암공원로14길 50-16 (산격동) / 1423-31번지,,북구
1022,지하누수,35.8956114,128.6038041,북구 연암공원로14길 50-18 (산격동) / 1423-32번지,,북구
1023,지하누수,35.8973991,128.5999957,북구 연암공원로15길 5-1 (산격동) / 1180-140번지,,북구
1024,지하누수,35.8974681,128.5989688,북구 연암공원로17길 23-13 (산격동) / 1180-154번지,,북구
1025,지하누수,35.8977546,128.6028124,"북구 연암공원로20길 14, C동 (산격동,낙원빌라) / 1185-112번지",,북구
1026,지하누수,35.8976002,128.603555,북구 연암공원로20길 20-11 (산격동) / 1188-51번지,,북구
1027,지하누수,35.898456,128.6049009,북구 연암공원로20길 34-3 (산격동) / 1222-34번지,,북구
1028,지하누수,35.8983877,128.6047369,북구 연암공원로20길 34-4 (산격동) / 1197-5번지,,북구
1029,지하누수,35.898598,128.6061009,북구 연암공원로32길 46 (산격동) / 1222-28번지,,북구
1030,지하누수,35.8980324,128.6046759,북구 연암공원로32길 62-13 (산격동) / 1197-15번지,,북구
1031,지하누수,35.8981948,128.6044607,북구 연암공원로32길 62-19 (산격동) / 1197-12번지,,북구
1032,지하누수,35.8982006,128.6047688,북구 연암공원로32길 62-20 (산격동) / 1197-34번지,,북구
1033,지하누수,35.8976226,128.6048668,북구 연암공원로32길 62-4 (산격동) / 1197-6번지,,북구
1034,지하누수,35.8976226,128.6048668,북구 연암공원로32길 62-4 (산격동) / 1197-6번지,,북구
1035,지하누수,35.8976825,128.6045625,북구 연암공원로32길 64-10 (산격동) / 1197-25번지,,북구
1036,지하누수,35.8978824,128.6045353,북구 연암공원로32길 64-14 (산격동) / 1197-19번지,,북구
1037,지하누수,35.897478,128.6044319,북구 연암공원로32길 64-32 (산격동) / 1197-60번지,,북구
1038,지하누수,35.8976416,128.6036774,북구 연암공원로32길 64-58 (산격동) / 1193번지,,북구
1039,지하누수,35.8975146,128.6045759,북구 연암공원로32길 64-6 (산격동) / 1197-33번지,,북구
1040,지하누수,35.8949701,128.5979517,북구 연암공원로7길 6-25 (산격동) / 1136-7번지,,북구
1041,지하누수,35.89345,128.5989036,북구 연암공원로8길 13-4 (산격동) / 1106-13번지,,북구
1042,지하누수,35.8936833,128.5991138,북구 연암공원로8길 13-9 (산격동) / 1106-14번지,,북구
1043,지하누수,35.8936833,128.5991138,북구 연암공원로8길 13-9 (산격동) / 1106-14번지,,북구
1044,지하누수,35.8934617,128.5984185,북구 연암공원로8길 17 (산격동) / 1103번지,,북구
1045,지하누수,35.8937043,128.5989861,북구 연암공원로8길 9 (산격동) / 1106-16번지,,북구
1046,지하누수,35.8898263,128.6010129,북구 연암로 18-9 (산격동) / 1441-51번지,,북구
1047,지하누수,35.8899651,128.6009332,북구 연암로 22 (산격동) / 1441-4번지,,북구
1048,지하누수,35.8911309,128.5975278,북구 연암로 56-3 (산격동) / 1017-2번지,,북구
1049,지하누수,35.8915342,128.5965834,북구 연암로 66-5 (산격동) / 988-3번지,,북구
1050,지하누수,35.8915603,128.596439,북구 연암로 68-4 (산격동) / 988-4번지,,북구
1051,지하누수,35.8918673,128.5973152,북구 연암로12길 10 (산격동) / 1037-1번지,2014-02-17 17:25:00,북구
1052,지하누수,35.892329,128.597797,북구 연암로12길 12-14 (산격동) / 1091번지,,북구
1053,지하누수,35.8925856,128.5968797,북구 연암로12길 17 (산격동) / 1058-4번지,,북구
1054,지하누수,35.8919995,128.597909,북구 연암로12길 6-29 (산격동) / 1089-2번지,,북구
1055,지하누수,35.8917733,128.5973032,북구 연암로12길 8 (산격동) / 1037-2번지,,북구
1056,지하누수,35.8921276,128.5969563,북구 연암로12길 9-2 (산격동) / 1052번지,,북구
1057,지하누수,35.8891615,128.6026163,북구 연암로2길 18 (산격동) / 1392-4번지,,북구
1058,지하누수,35.8889189,128.6020764,북구 연암로2길 3 (산격동) / 1389-3번지,,북구
1059,지하누수,35.8906725,128.6043161,북구 연암로2길 67-8 (산격동) / 1498-107번지,,북구
1060,지하누수,35.8907824,128.6046677,북구 연암로2길 70 (산격동) / 1498-46번지,,북구
1061,지하누수,35.8907876,128.6044362,북구 연암로2길 71 (산격동) / 1498-183번지,,북구
1062,지하누수,35.8898477,128.6024933,북구 연암로4길 23 (산격동) / 1395-12번지,2016-10-12 09:00:00,북구
1063,지하누수,35.8899212,128.6024098,북구 연암로4길 23-1 (산격동) / 1395-11번지,,북구
1064,지하누수,35.8894594,128.6016559,북구 연암로4길 3-8 (산격동) / 1441-70번지,2016-10-12 09:00:00,북구
1065,지하누수,35.8899459,128.6034124,북구 연암로4길 42-12 (산격동) / 1498-95번지,,북구
1066,지하누수,35.8906243,128.6037134,북구 연암로4길 49 (산격동) / 1498-220번지,,북구
1067,지하누수,35.8907982,128.6036585,북구 연암로4길 53-3 (산격동) / 1498-209번지,,북구
1068,지하누수,35.8893451,128.6020508,북구 연암로4길 8 (산격동) / 1389-18번지,,북구
1069,기타공사,35.8936393,128.6034359,북구 산격동 1427-1 2층,,북구
1070,기타공사,35.8945089,128.5990098,북구 산격동 1125-1,,북구
1071,기타공사,35.894912,128.5983583,북구 산격동 1139-4,,북구
1072,기타공사,35.8945176,128.5979996,북구 산격동 1135-28,,북구
1073,기타공사,35.8908545,128.6028273,북구 산격동 1401-11,,북구
1074,기타공사,35.8905811,128.6032962,북구 산격동 1401-65,,북구
1075,기타공사,35.8908965,128.6026341,북구 산격동 1404-61,,북구
1076,기타공사,35.8950289,128.6090777,북구 산격동 1312-60 소피아 ,,북구
1077,기타공사,35.8968314,128.6046401,북구 산격동 1223-15,,북구
1078,기타공사,35.8981896,128.6074701,북구 산격동 1234-1,,북구
1079,기타공사,35.8958307,128.6044147,북구 산격동 1423-8,,북구
1080,기타공사,35.8965898,128.6016523,북구 연암공원로14길 15 (산격동) / 1186-46번지,,북구
1081,기타공사,35.8958978,128.608558,북구 산격로14길 30 (산격동) / 1311-2번지,2009-01-14 15:42:00,북구
1082,기타공사,35.8976825,128.6045625,북구 연암공원로32길 64-10 (산격동) / 1197-25번지,2009-01-28 09:37:00,북구
1083,기타공사,35.8935601,128.6062494,북구 산격로8길 8-1 (산격동) / 1411-2번지,2008-12-09 17:35:00,북구
1084,기타공사,35.8966337,128.6042461,북구 연암공원로14길 37-2 (산격동) / 1223-14번지,2008-12-09 09:22:00,북구
1085,기타공사,35.8968513,128.6079403,북구 대동로8길 28-2 (산격동) / 1251-7번지,2008-12-08 09:12:00,북구
1086,기타공사,35.8931867,128.6065617,북구 산격동 1411-78광성하이츠102/101,2008-12-01 14:51:00,북구
1087,기타공사,35.895388,128.5999986,북구 산격로11길 47-10 (산격동) / 1161-14번지,2008-12-29 13:40:00,북구
1088,기타공사,35.8916117,128.6065452,북구 대학로 59-28 (산격동) / 1416-12번지,2008-11-29 10:05:00,북구
1089,기타공사,35.8936796,128.6034325,북구 대구체육관로 39 (산격동) / 1427-1번지,2009-03-10 14:38:00,북구
1090,기타공사,35.895782,128.6105861,북구 산격로14길 50-1 (산격동) / 1306-2번지,2009-04-23 11:37:00,북구
1091,기타공사,35.8976253,128.6072523,"북구 대학로9길 80, 로즈가든 (산격동) / 1241-8번지",2009-11-23 14:33:00,북구
1092,기타공사,35.8937032,128.6074447,북구 산격로8길 19-1 (산격동) / 1409-58번지,2009-10-14 16:39:00,북구
1093,기타공사,35.8942835,128.6062351,북구 대학로9길 38-3 (산격동) / 1409-3번지,2009-03-28 10:20:00,북구
1094,기타공사,35.8964057,128.6088621,북구 대동로8길 17-4 (산격동) / 1249-18번지,2009-09-07 10:30:00,북구
1095,기타공사,35.8969765,128.6028555,"북구 산격로13길 21, 코사마트 (산격동) / 1185-41번지",2009-08-26 11:15:00,북구
1096,기타공사,35.8926899,128.6072286,북구 산격로6길 17-2 (산격동) / 1412-4번지,2010-01-14 11:59:00,북구
1097,기타공사,35.8975081,128.602293,북구 연암공원로 90-22 (산격동) / 1185-23번지,2010-01-05 22:34:00,북구
1098,기타공사,35.8965185,128.6077883,북구 대학로13길 54 (산격동) / 1249-1번지,2009-09-25 14:42:00,북구
1099,기타공사,35.8947414,128.6077693,북구 대학로13길 32-1 (산격동) / 1326-50번지,2009-10-19 11:33:00,북구
1100,기타공사,35.8956611,128.6023469,북구 산격로서9길 8-46 (산격동) / 1437-7번지,2010-01-19 09:57:00,북구
1101,기타공사,35.8937502,128.6103499,"북구 대학로 97, 헤어살롱 (산격동) / 1329-7번지",2010-01-25 20:34:00,북구
1102,기타공사,35.8956355,128.6073607,"북구 대학로25길 46-1, 힐스타운 (산격동) / 1406-31번지",2010-01-11 10:37:00,북구
1103,기타공사,35.8944732,128.5982139,북구 산격동 1140,2009-06-16 10:38:00,북구
1104,기타공사,35.8949035,128.6113556,"북구 대학로23길 6, (미용실) (산격동) / 1304-15번지",2009-12-04 14:52:00,북구
1105,기타공사,35.8950275,128.6071764,북구 산격로10길 17-2 (산격동) / 1407-62번지,,북구
1106,기타공사,35.8924907,128.5980447,북구 연암공원로 22-49 (산격동) / 1096-1번지,2010-01-08 14:06:00,북구
1107,기타공사,35.8974173,128.6079726,북구 대동로4길 8 (산격동) / 1252-23번지,2009-07-07 09:23:00,북구
1108,기타공사,35.898985,128.6046675,북구 산격동 63-2,2009-12-08 13:16:00,북구
1109,기타공사,35.8977752,128.6025297,"북구 연암공원로20길 10-1, 낙원빌라 B동 101 (산격동) / 1185-111번지",,북구
1110,기타공사,35.8932065,128.6058283,북구 대학로9길 25-2 (산격동) / 1413-16번지,2010-01-28 14:33:00,북구
1111,기타공사,35.8931251,128.6073457,북구 대학로13길 15-14 (산격동) / 1411-53번지,2010-05-28 17:23:00,북구
1112,기타공사,35.8946784,128.6104871,"북구 대학로23길 12-1, 이모내 (산격동) / 1308-4번지",2010-08-03 17:33:00,북구
1113,기타공사,35.8977299,128.6050038,북구 연암공원로32길 58-2 (산격동) / 1197-44번지,2010-03-15 10:33:00,북구
1114,기타공사,35.8962297,128.6085394,북구 산격로14길 29-2 (산격동) / 1310-2번지,2010-10-01 13:06:00,북구
1115,기타공사,35.8971252,128.6023369,북구 산격로13길 27 (산격동) / 1185-59번지,2010-03-26 15:12:00,북구
1116,기타공사,35.8947414,128.6077693,북구 대학로13길 32-1 (산격동) / 1326-50번지,2011-01-20 09:43:00,북구
1117,기타공사,35.8916059,128.6059874,북구 대학로9길 8 (산격동) / 1416-61번지,2010-03-11 11:35:00,북구
1118,기타공사,35.8959332,128.6097411,북구 산격로14길 42 (산격동) / 1306-20번지,,북구
1119,기타공사,35.895782,128.6105861,북구 산격로14길 50-1 (산격동) / 1306-2번지,2010-01-11 11:06:00,북구
1120,기타공사,35.8945532,128.6096309,북구 대동로6길 31 (산격동) / 1309-12번지,2010-08-19 15:22:00,북구
1121,기타공사,35.8945203,128.6096357,북구 산격동 1309-13,2010-08-23 10:54:00,북구
1122,기타공사,35.8938377,128.5989477,북구 연암공원로8길 6 (산격동) / 1126-19번지,2010-08-03 11:47:00,북구
1123,기타공사,35.8922475,128.6063896,북구 대학로9길 14-13 (산격동) / 1414-9번지,2010-04-06 11:04:00,북구
1124,기타공사,35.8941917,128.6098301,"북구 대학로23길 20, 쉬리 (산격동) / 1309-7번지",2010-08-24 14:32:00,북구
1125,기타공사,35.8930049,128.5984109,북구 연암공원로6길 5-6 (산격동) / 1099-39번지,2010-09-08 15:11:00,북구
1126,기타공사,35.8914474,128.5961195,북구 연암로 68-1 (산격동) / 980-2번지,,북구
1127,기타공사,35.8946381,128.6083309,북구 대학로15길 30-1 (산격동) / 1314-29번지,2010-04-05 17:20:00,북구
1128,기타공사,35.8925102,128.6007659,"북구 연암로 40, 본청 (산격동) / 1445-3번지",2010-04-19 10:45:00,북구
1129,기타공사,35.8926446,128.6067602,"북구 산격로6길 13, 서남왕족발 (산격동) / 1412-15번지",2011-01-17 12:09:00,북구
1130,기타공사,35.8963254,128.6083443,북구 대동로8길 23-2 (산격동) / 1249-39번지,2011-01-19 10:50:00,북구
1131,기타공사,35.8955524,128.6011078,북구 산격로11길 35-10 (산격동) / 1434-55번지,2011-01-28 13:49:00,북구
1132,기타공사,35.8961555,128.6025458,북구 연암공원로14길 22-7 (산격동) / 1195-69번지,2011-01-31 11:36:00,북구
1133,기타공사,35.8950986,128.6053886,"북구 산격로 50, 혜인어린이집자납 (산격동) / 1408-39번지",2010-06-09 20:34:00,북구
1134,기타공사,35.893389,128.5980934,북구 연암공원로8길 20-1 (산격동) / 1102-7번지,2010-06-07 14:33:00,북구
1135,기타공사,35.8969001,128.60745,북구 대학로13길 59-3 (산격동) / 1242-23번지,2010-07-09 09:10:00,북구
1136,기타공사,35.8972017,128.6020827,북구 산격로13길 29 (산격동) / 1185-21번지,2010-09-10 17:08:00,북구
1137,기타공사,35.8931789,128.6065641,북구 대학로9길 24-19 (산격동) / 1411-78번지,2010-04-14 18:02:00,북구
1138,기타공사,35.8970184,128.5987428,"북구 연암공원로13길 12-7, 원룸 (산격동) / 1180-15번지",2010-05-19 17:12:00,북구
1139,기타공사,35.8958723,128.6120701,북구 대학로 127-12 (산격동) / 1279-30번지,2011-01-19 18:39:00,북구
1140,기타공사,35.8951696,128.6090785,북구 산격로10길 35-3 (산격동) / 1312-69번지,2010-04-27 09:06:00,북구
1141,기타공사,35.8972017,128.6020827,북구 산격로13길 29 (산격동) / 1185-21번지,2010-08-07 18:07:00,북구
1142,기타공사,35.8980579,128.6015417,북구 산격동 1185 000C   낙원빌라C동,,북구
1143,기타공사,35.8969001,128.60745,북구 대학로13길 59-3 (산격동) / 1242-23번지,2010-11-19 11:50:00,북구
1144,기타공사,35.8969841,128.60109,북구 연암공원로 82-16 (산격동) / 1186-88번지,2011-01-05 13:23:00,북구
1145,기타공사,35.8971117,128.5998117,북구 연암공원로13길 2-7 (산격동) / 1180-18번지,2011-01-17 16:30:00,북구
1146,기타공사,35.8924787,128.6055683,북구 산격로6길 2 (산격동) / 1418-2번지,2010-12-28 09:57:00,북구
1147,기타공사,35.8907444,128.601725,북구 대구체육관로 12 (산격동) / 1442-4번지,2011-02-01 20:57:00,북구
1148,기타공사,35.8941995,128.6043022,북구 대구체육관로11길 35-1 (산격동) / 1426-23번지,2010-12-16 14:50:00,북구
1149,기타공사,35.8980579,128.6015417,북구 산격동 1185 낙원빌라C동 201호,,북구
1150,기타공사,35.890926,128.6030211,북구 대구체육관로4길 7-9 (산격동) / 1401-79번지,2010-04-05 15:03:00,북구
1151,기타공사,35.8938377,128.5989477,"북구 연암공원로8길 6, 로얄하이츠빌라B동 202 (산격동) / 1126-19번지",2010-07-30 21:41:00,북구
1152,기타공사,35.8926771,128.606472,"북구 산격로6길 11, 왕 가 (산격동) / 1412-42번지",2011-03-22 17:42:00,북구
1153,기타공사,35.8950312,128.6070576,"북구 산격로10길 17, 피아노 (산격동) / 1407-64번지",2011-03-09 14:42:00,북구
1154,기타공사,35.8971064,128.6012248,"북구 연암공원로 82-36, (노타리수퍼문의942-0583) (산격동) / 1186-58번지",2010-12-20 12:59:00,북구
1155,기타공사,35.8969092,128.5987512,북구 연암공원로13길 12-3 (산격동) / 1180-131번지,2011-08-10 09:24:00,북구
1156,기타공사,35.8972472,128.6082531,북구 대동로4길 12-14 (산격동) / 1252-7번지,2011-04-18 09:41:00,북구
1157,기타공사,35.895689,128.6104822,북구 대학로25길 18-4 (산격동) / 1306-55번지,2011-02-01 10:56:00,북구
1158,기타공사,35.8951425,128.6102863,북구 산격로10길 45-1 (산격동) / 1307-65번지,2011-02-01 12:05:00,북구
1159,기타공사,35.8959163,128.6058311,북구 산격동 1408 안동수퍼,2011-10-17 10:58:00,북구
1160,기타공사,35.8907824,128.6046677,"북구 연암로2길 70, 청원빌라 (산격동) / 1498-46번지",2011-07-18 08:44:00,북구
1161,기타공사,35.8950312,128.6070576,"북구 산격로10길 17, 피아노 (산격동) / 1407-64번지",2011-10-28 16:23:00,북구
1162,기타공사,35.8938686,128.6070015,북구 산격로8길 15-1 (산격동) / 1409-70번지,2011-04-28 09:50:00,북구
1163,기타공사,35.8924384,128.6066901,북구 산격로6길 14 (산격동) / 1414-76번지,2011-04-28 13:17:00,북구
1164,기타공사,35.8927745,128.6092027,"북구 대학로 83, 지하DVD (산격동) / 1341-2번지",2012-03-13 17:21:00,북구
1165,기타공사,35.891192,128.6050644,"북구 산격로 7, 카젠 (산격동) / 1433-58번지",2011-12-29 17:03:00,북구
1166,기타공사,35.8980021,128.6077981,"북구 대동로 8 (산격동,아가네의상실) / 1241-12번지",2012-05-04 09:45:00,북구
1167,기타공사,35.897901,128.6010927,북구 연암공원로 87 (산격동) / 1183-55번지,,북구
1168,기타공사,35.8913008,128.6053531,북구 산격로 8 (산격동) / 1418-6번지,2011-04-20 11:29:00,북구
1169,기타공사,35.8980429,128.6054633,"북구 연암공원로32길 54, 영남마트 (산격동) / 1222-41번지",2011-04-08 10:00:00,북구
1170,기타공사,35.8961499,128.608525,북구 산격로14길 29-1 (산격동) / 1310-21번지,2011-12-20 10:13:00,북구
1171,기타공사,35.8939193,128.5991765,"북구 연암공원로8길 7, 로얄하이츠C동 201호 (산격동) / 1126-17번지",2011-11-22 08:47:00,북구
1172,기타공사,35.897379,128.6022512,북구 산격로13길 28 (산격동) / 1185-27번지,2011-12-19 09:34:00,북구
1173,기타공사,35.8934052,128.6077535,북구 대학로13길 20 (산격동) / 1397-42번지,2011-09-19 16:21:00,북구
1174,기타공사,35.8913156,128.606595,"북구 대학로 53-1, 영진소파 (산격동) / 1417-13번지",2011-09-30 15:36:00,북구
1175,기타공사,35.8965918,128.6013299,북구 연암공원로14길 13 (산격동) / 1163-29번지,2012-03-26 09:02:00,북구
1176,기타공사,35.8904244,128.6012719,"북구 대구체육관로 10, 한빛인테리어 (산격동) / 1442-49번지",2012-02-10 12:47:00,북구
1177,기타공사,35.8954107,128.6092375,북구 대학로25길 27 (산격동) / 1312-1번지,2011-12-29 09:17:00,북구
1178,기타공사,35.8933795,128.6078768,북구 대학로13길 20-1 (산격동) / 1397-39번지,2012-02-23 11:56:00,북구
1179,기타공사,35.8908911,128.5987649,"북구 연암로 42, 경북도청정문 (산격동) / 1009-13번지",2012-03-13 09:58:00,북구
1180,기타공사,35.8911947,128.6034905,북구 산격로1길 30 (산격동) / 1497-4번지,2012-05-10 12:00:00,북구
1181,기타공사,35.8927036,128.6079642,북구 대학로15길 7-1 (산격동) / 1397-11번지,2012-02-07 10:17:00,북구
1182,기타공사,35.8939851,128.6100777,북구 대학로23길 19-6 (산격동) / 1327-33번지,,북구
1183,기타공사,35.8899489,128.6025001,북구 산격동 1395-9,,북구
1184,기타공사,35.894484,128.6087472,북구 산격동 1314-55 윈고시텔,2011-12-22 14:21:00,북구
1185,기타공사,35.8969092,128.5987512,북구 연암공원로13길 12-3 (산격동) / 1180-131번지,2011-12-05 09:48:00,북구
1186,기타공사,35.8913997,128.6043448,"북구 대구체육관로12길 26, 노블힐즈 (산격동) / 1490-7번지",2012-02-03 11:36:00,북구
1187,기타공사,35.8943401,128.5988184,북구 연암공원로8길 3-6 (산격동) / 1126-1번지,2012-01-25 13:27:00,북구
1188,기타공사,35.8923529,128.5980818,북구 연암공원로 22-53 (산격동) / 1097-2번지,2011-12-13 08:08:00,북구
1189,기타공사,35.8957469,128.6019636,북구 산격로11길 29 (산격동) / 1434-28번지,2012-02-22 10:31:00,북구
1190,기타공사,35.8942042,128.6062323,북구 대학로9길 38-2 (산격동) / 1409-29번지,2011-12-14 09:36:00,북구
1191,기타공사,35.8932952,128.6055758,북구 산격로 32-2 (산격동) / 1413-9번지,2011-11-22 07:52:00,북구
1192,기타공사,35.8976416,128.6036774,북구 연암공원로32길 64-58 (산격동) / 1193번지,2011-12-25 13:29:00,북구
1193,기타공사,35.8962741,128.598792,북구 연암공원로11길 3-20 (산격동) / 1166-4번지,2011-11-03 10:20:00,북구
1194,기타공사,35.8950004,128.6102705,"북구 산격로10길 45, 왕중손짜장942-0637 (산격동) / 1307-66번지",2011-12-14 07:15:00,북구
1195,기타공사,35.8951696,128.6090785,북구 산격로10길 35-3 (산격동) / 1312-69번지,2012-04-17 11:27:00,북구
1196,기타공사,35.8973096,128.6094513,"북구 대동로 26, 동방씽크 (산격동) / 1253-5번지",2012-01-16 11:01:00,북구
1197,기타공사,35.8948668,128.6081383,"북구 대학로15길 31-1 (산격동,대전전업사) / 1326번지",2012-09-25 10:00:00,북구
1198,기타공사,35.8958366,128.6107121,북구 산격로14길 50-2 (산격동) / 1306-27번지,,북구
1199,기타공사,35.8924229,128.6061559,북구 산격로6길 8-3 (산격동) / 1414-87번지,2012-10-26 12:26:00,북구
1200,기타공사,35.8937318,128.6044382,북구 대구체육관로11길 25 (산격동) / 1426-35번지,2012-09-10 16:00:00,북구
1201,기타공사,35.8972616,128.6015956,북구 산격로13길 35-9 (산격동) / 1186-21번지,2012-09-18 15:10:00,북구
1202,기타공사,35.8948476,128.6077659,"북구 산격로10길 22 (산격동,애플피자) / 1326-8번지",2012-08-25 14:00:00,북구
1203,기타공사,35.8963146,128.6087015,북구 대동로8길 21-5 (산격동) / 1249-16번지,,북구
1204,기타공사,35.8975072,128.6089707,북구 대동로 20 (산격동) / 1253-3번지,2014-01-17 07:35:00,북구
1205,기타공사,35.8961112,128.6001309,북구 연암공원로 66-20 (산격동) / 1163-3번지,2013-12-26 09:00:00,북구
1206,기타공사,35.8936796,128.6034325,"북구 대구체육관로 39, B동 (산격동,대구체육관) / 1427-1번지",,북구
1207,기타공사,35.8925102,128.6007659,"북구 연암로 40 (산격동,별관2식당) / 1449-1번지",2013-09-11 14:04:00,북구
1208,기타공사,35.8978985,128.6080259,북구 산격동 1241-21 오복세탁소,2014-11-04 11:17:00,북구
1209,기타공사,35.8952784,128.6102857,북구 산격동 1307-60,2014-11-17 09:12:00,북구
1210,기타공사,35.8933097,128.6063765,북구 산격동 1411-3,2014-11-17 08:30:00,북구
1211,기타공사,35.8966819,128.6057206,북구 산격동 1230-5,2014-11-27 09:51:00,북구
1212,기타공사,35.8965019,128.6100277,북구 대동로8길 9 (산격동) / 1267-25번지,,북구
1213,기타공사,35.8964916,128.6090544,북구 대동로8길 17 (산격동) / 1249-23번지,,북구
1214,기타공사,35.8949248,128.6113522,북구 산격동 1304-15,,북구
1215,기타공사,35.8889357,128.6022712,북구 연암로2길 10 (산격동) / 1392-9번지,,북구
1216,기타공사,35.8916085,128.5981186,북구 산격동 1013-1 09.9.2중지연장,,북구
1217,기타공사,35.8906243,128.6037134,북구 연암로4길 49 (산격동) / 1498-220번지,,북구
1218,기타공사,35.895666,128.6021079,북구 산격로서9길 8-50 (산격동) / 1437-9번지,,북구
1219,기타공사,35.890631,128.6037241,북구 산격동 1498-220,,북구
1220,기타공사,35.8968328,128.6051482,북구 산격로 69 (산격동) / 1228-1번지,,북구
1221,기타공사,35.8947804,128.6002504,북구 산격동 1117-26,,북구
1222,기타공사,35.8952896,128.6012526,북구 산격동 1437-1,,북구
1223,기타공사,35.8952121,128.6038735,북구 산격로9길 14-6 (산격동) / 1424-23번지,,북구
1224,기타공사,35.8961547,128.5988809,북구 연암공원로11길 3-16 (산격동) / 1166-6번지,,북구
1225,기타공사,35.8934871,128.5985558,북구 산격동 1106-2,,북구
1226,기타공사,35.8946727,128.6005333,북구 연암공원로10길 15-6 (산격동) / 1435-34번지,,북구
1227,기타공사,35.8914337,128.5963278,북구 산격동 990 유일도료,,북구
1228,기타공사,35.8913298,128.5968238,북구 산격동 993-15,,북구
1229,기타공사,35.8946882,128.6050909,북구 산격동 1425-39 체육관주유소,,북구
1230,기타공사,35.8973449,128.6011675,북구 연암공원로 82-8 (산격동) / 1186-65번지,,북구
1231,기타공사,35.8937698,128.5991186,북구 산격동 1106-1,,북구
1232,기타공사,35.8968971,128.6089178,북구 산격동 1250-20,,북구
1233,기타공사,35.8963673,128.5987611,북구 산격동 1167-3 금고본인,,북구
1234,기타공사,35.898052,128.6017082,북구 연암공원로 90-5 (산격동) / 1185-8번지,,북구
1235,기타공사,35.8914557,128.5961285,북구 산격동 980-2,,북구
1236,기타공사,35.8982422,128.60562,북구 산격동 1222-14 자납,,북구
1237,기타공사,35.893401,128.5981047,북구 산격동 1102-7,,북구
1238,기타공사,35.8927748,128.5978637,북구 산격동 1099-51,,북구
