CLUSTER_ID,REPAIR_COUNT,CNT_JNT,PIPE_TYPE,DISTANCE_M,IS_FREQUENT
39.0,3.0,3,PIPE_LM,36.78732041144954,False
137.0,2.0,2,SPLY_LS,9.015219826350107,False
275.0,5.0,2,SPLY_LS,12.372644861970885,True
380.0,5.0,2,SPLY_LS,6.912443832644288,True
561.0,2.0,3,PIPE_LM,3.6681720053372446,False
566.0,3.0,1,SPLY_LS,9.552491727717147,False
600.0,3.0,2,SPLY_LS,4.7629252280056615,False
766.0,3.0,2,PIPE_LM,8.622521029746885,False
1149.0,2.0,2,SPLY_LS,7.789520131763869,False
1150.0,2.0,2,PIPE_LM,6.721720311862138,False
1544.0,5.0,1,SPLY_LS,4.920251622407805,True
1632.0,2.0,2,SPLY_LS,8.575769266379154,False
1727.0,3.0,1,SPLY_LS,7.27587058039627,False
1851.0,3.0,4,PIPE_LM,14.877508373453862,False
1921.0,3.0,2,SPLY_LS,12.136334677338914,False
2051.0,2.0,2,SPLY_LS,5.0006807050714865,False
2055.0,3.0,1,SPLY_LS,11.886802434266333,False
2681.0,2.0,2,PIPE_LM,5.386677448238441,False
2762.0,2.0,3,PIPE_LM,17.002244569060736,False
2942.0,3.0,1,SPLY_LS,6.888884230087686,False
3063.0,2.0,2,SPLY_LS,7.906338783237903,False
3524.0,2.0,2,SPLY_LS,8.048803186993121,False
3537.0,3.0,2,SPLY_LS,9.721408252250104,False
3849.0,3.0,2,SPLY_LS,6.532141719777262,False
4094.0,2.0,2,SPLY_LS,5.8612701796106474,False
4168.0,2.0,1,SPLY_LS,4.963460386382178,False
4266.0,3.0,3,PIPE_LM,6.305080582941665,False
4290.0,2.0,2,SPLY_LS,7.194632799567671,False
4301.0,3.0,3,PIPE_LM,7.198357291313274,False
4409.0,2.0,3,PIPE_LM,4.819376077707506,False
4493.0,2.0,3,PIPE_LM,5.878551570385383,False
4615.0,4.0,2,PIPE_LM,27.94378445132717,True
4626.0,2.0,3,PIPE_LM,5.567698872070991,False
4633.0,2.0,1,SPLY_LS,6.203849249761718,False
4854.0,3.0,2,SPLY_LS,6.664178643076145,False
4860.0,2.0,2,SPLY_LS,7.347278407942516,False
4921.0,2.0,2,SPLY_LS,6.474758448805209,False
4994.0,2.0,2,SPLY_LS,7.890934098699868,False
5024.0,2.0,2,PIPE_LM,32.8746237290374,False
5207.0,2.0,2,SPLY_LS,5.844528309192045,False
5223.0,2.0,5,PIPE_LM,4.25165451640859,False
5330.0,2.0,2,PIPE_LM,6.331272830635856,False
5482.0,2.0,3,PIPE_LM,4.295685552022313,False
5497.0,3.0,4,PIPE_LM,5.1307137545763775,False
5561.0,3.0,4,PIPE_LM,3.7735903076367108,False
5588.0,2.0,2,SPLY_LS,8.559068873256804,False
5825.0,2.0,2,SPLY_LS,6.748684471938312,False
5843.0,2.0,2,SPLY_LS,4.612098802916275,False
5863.0,2.0,2,SPLY_LS,5.6305202291747785,False
6020.0,6.0,1,PIPE_LM,13.012695197481985,True
6067.0,2.0,3,PIPE_LM,15.456085749049507,False
6161.0,2.0,4,PIPE_LM,8.843910505319728,False
6220.0,4.0,2,SPLY_LS,8.875481283186373,True
6263.0,3.0,2,SPLY_LS,7.632236936095994,False
6272.0,2.0,2,SPLY_LS,10.87960495395244,False
6422.0,3.0,3,PIPE_LM,13.32359626713336,False
6490.0,2.0,1,SPLY_LS,4.381943563579271,False
6513.0,2.0,2,SPLY_LS,6.689120849444198,False
6521.0,3.0,2,SPLY_LS,4.893178949121127,False
6523.0,3.0,3,PIPE_LM,5.938142905141889,False
6620.0,2.0,4,PIPE_LM,9.54471789535826,False
6621.0,2.0,2,PIPE_LM,48.29399310804641,False
6744.0,2.0,2,PIPE_LM,17.366264786341564,False
6889.0,3.0,1,SPLY_LS,7.834342179466967,False
6936.0,2.0,2,SPLY_LS,5.837301904888152,False
6948.0,2.0,2,SPLY_LS,9.418546499588805,False
7032.0,2.0,2,SPLY_LS,12.518904576159562,False
7309.0,2.0,1,SPLY_LS,8.412969406283866,False
7367.0,3.0,2,SPLY_LS,8.464682061627425,False
7368.0,2.0,2,SPLY_LS,4.86472793678283,False
7649.0,2.0,2,SPLY_LS,7.180146652439736,False
7676.0,2.0,3,PIPE_LM,7.430389865590485,False
7724.0,3.0,2,SPLY_LS,8.314212986898562,False
7832.0,2.0,1,SPLY_LS,6.827367078923376,False
7870.0,3.0,2,PIPE_LM,6.902917400191056,False
8021.0,4.0,2,SPLY_LS,10.039393964809637,True
8268.0,3.0,2,SPLY_LS,5.8174499963625905,False
8273.0,3.0,3,PIPE_LM,7.828730765458863,False
8344.0,2.0,3,PIPE_LM,5.127132620420241,False
8367.0,2.0,2,PIPE_LM,9.598885149966641,False
8472.0,5.0,1,SPLY_LS,39.43910335039056,True
8697.0,2.0,3,PIPE_LM,6.696042422999848,False
8777.0,2.0,2,SPLY_LS,6.678755032597203,False
8854.0,2.0,4,PIPE_LM,5.9760680363302185,False
8973.0,3.0,2,SPLY_LS,3.0069319213365624,False
9092.0,2.0,1,SPLY_LS,5.435528063079175,False
9155.0,3.0,2,SPLY_LS,12.471362047850844,False
9294.0,2.0,2,PIPE_LM,19.119337120363728,False
9412.0,3.0,1,PIPE_LM,15.327501668090097,False
9445.0,2.0,3,SPLY_LS,10.76349538673819,False
9465.0,2.0,2,SPLY_LS,7.538951424931833,False
9578.0,2.0,2,SPLY_LS,4.8112614037343,False
9624.0,2.0,3,PIPE_LM,9.521358834983145,False
9682.0,3.0,2,PIPE_LM,9.288691247490208,False
9822.0,2.0,1,SPLY_LS,6.22752543596843,False
9877.0,3.0,3,PIPE_LM,6.892310116149098,False
10080.0,3.0,2,SPLY_LS,1.602065810601449,False
10229.0,2.0,2,SPLY_LS,8.136965311829712,False
10242.0,3.0,2,SPLY_LS,8.048429959038302,False
10265.0,3.0,2,PIPE_LM,6.07411470938897,False
10506.0,2.0,2,SPLY_LS,13.21160777958038,False
10524.0,2.0,1,SPLY_LS,6.125458382209455,False
10555.0,3.0,2,SPLY_LS,5.596745110092009,False
10616.0,3.0,1,SPLY_LS,8.897081979011855,False
10693.0,4.0,1,SPLY_LS,45.50082693642163,True
10716.0,2.0,3,PIPE_LM,9.472024148249066,False
10800.0,2.0,2,SPLY_LS,4.602987268959729,False
10824.0,2.0,2,SPLY_LS,6.8508920228742385,False
10854.0,2.0,4,PIPE_LM,9.26245035181692,False
10930.0,3.0,4,PIPE_LM,18.773379843022997,False
10970.0,2.0,2,SPLY_LS,11.126525362141903,False
11051.0,3.0,2,SPLY_LS,7.129410206424666,False
11064.0,3.0,2,SPLY_LS,8.090238479778446,False
11107.0,5.0,2,SPLY_LS,5.4557574251431635,True
11253.0,3.0,2,SPLY_LS,10.329907833136367,False
11282.0,3.0,1,SPLY_LS,10.141827886840911,False
11291.0,3.0,2,SPLY_LS,44.06463857344656,False
11318.0,2.0,1,SPLY_LS,8.175453930818607,False
11353.0,2.0,4,PIPE_LM,8.50984227262244,False
11447.0,2.0,4,PIPE_LM,14.656106202322388,False
11504.0,3.0,4,PIPE_LM,6.36287345115589,False
11585.0,2.0,3,SPLY_LS,5.129856156095779,False
11643.0,2.0,3,PIPE_LM,5.343331042384264,False
11677.0,3.0,3,PIPE_LM,25.91759032026913,False
11787.0,2.0,4,PIPE_LM,8.756063768628936,False
11798.0,2.0,2,SPLY_LS,9.097846213662745,False
11812.0,2.0,1,SPLY_LS,14.101185952198376,False
11850.0,3.0,2,SPLY_LS,5.942158343255992,False
11983.0,2.0,2,SPLY_LS,11.227748875039087,False
12108.0,3.0,1,SPLY_LS,9.556393529074857,False
12284.0,2.0,2,SPLY_LS,6.398264046064691,False
12295.0,3.0,4,PIPE_LM,41.15299329421355,False
12360.0,2.0,2,SPLY_LS,6.6300738757237045,False
12364.0,4.0,3,PIPE_LM,14.103885424699296,True
12445.0,2.0,3,PIPE_LM,7.596149239043417,False
12573.0,2.0,2,SPLY_LS,2.534950034611794,False
12833.0,3.0,4,PIPE_LM,6.727800974583282,False
12869.0,2.0,4,PIPE_LM,7.046541047266477,False
12970.0,2.0,1,SPLY_LS,9.964890355243199,False
13048.0,2.0,2,SPLY_LS,12.06536243033254,False
13117.0,2.0,2,SPLY_LS,6.835812283093419,False
13159.0,2.0,3,PIPE_LM,36.678473706363,False
13229.0,2.0,1,SPLY_LS,7.249292898718988,False
13300.0,3.0,1,SPLY_LS,9.22089431721172,False
13305.0,2.0,2,SPLY_LS,7.888586782143399,False
13478.0,2.0,2,SPLY_LS,5.710390459727396,False
13558.0,2.0,2,SPLY_LS,8.442334869813305,False
13733.0,3.0,4,PIPE_LM,22.06755283104553,False
13751.0,2.0,4,PIPE_LM,3.2967534542455468,False
13909.0,2.0,4,PIPE_LM,8.783975381492196,False
13951.0,2.0,1,PIPE_LM,22.472398392514307,False
13952.0,4.0,2,SPLY_LS,8.049269817938805,True
13996.0,2.0,3,PIPE_LM,8.08004143209699,False
14056.0,3.0,2,SPLY_LS,5.555539331662165,False
14117.0,3.0,2,SPLY_LS,7.090213910422372,False
14274.0,2.0,2,SPLY_LS,4.486046916923699,False
14275.0,2.0,2,PIPE_LM,5.209349436096676,False
14305.0,2.0,2,SPLY_LS,7.62099407880206,False
14421.0,2.0,2,SPLY_LS,13.657818442844743,False
14445.0,4.0,2,SPLY_LS,3.7248807664985946,True
14465.0,2.0,1,PIPE_LM,26.525717807837697,False
14563.0,3.0,1,SPLY_LS,3.3039028909527755,False
14588.0,3.0,1,SPLY_LS,5.51786675291204,False
14624.0,2.0,2,SPLY_LS,7.7779730175648405,False
14851.0,3.0,2,SPLY_LS,7.20170717752503,False
14917.0,2.0,3,PIPE_LM,25.974752537133757,False
15015.0,3.0,2,SPLY_LS,8.776648624108939,False
15016.0,2.0,2,PIPE_LM,5.837178658560439,False
15122.0,2.0,4,PIPE_LM,9.233855082537653,False
15185.0,3.0,2,SPLY_LS,11.327747546733468,False
15292.0,2.0,2,SPLY_LS,8.990562232367395,False
15360.0,4.0,2,SPLY_LS,4.638066828102575,True
15396.0,2.0,1,SPLY_LS,7.276689887214294,False
15432.0,2.0,2,SPLY_LS,10.614545935353503,False
15477.0,2.0,1,SPLY_LS,15.246369160660603,False
15483.0,2.0,2,SPLY_LS,6.389366333556232,False
15516.0,2.0,2,SPLY_LS,19.380417365671374,False
15741.0,2.0,4,PIPE_LM,5.3353013283348725,False
15938.0,2.0,2,PIPE_LM,6.630072016738646,False
16011.0,3.0,2,SPLY_LS,6.643717891494081,False
16147.0,3.0,1,PIPE_LM,32.858777363409104,False
16203.0,2.0,1,SPLY_LS,7.915422569215086,False
16284.0,2.0,2,SPLY_LS,6.867110803476107,False
16348.0,2.0,2,SPLY_LS,6.663203591231944,False
16349.0,2.0,2,SPLY_LS,7.084533761008759,False
16365.0,2.0,1,SPLY_LS,10.279749435351352,False
16392.0,2.0,3,PIPE_LM,5.51774229548533,False
16437.0,2.0,2,PIPE_LM,6.532826367560246,False
16462.0,2.0,1,SPLY_LS,6.932808026182026,False
16508.0,2.0,2,SPLY_LS,6.203900403929051,False
16545.0,2.0,2,PIPE_LM,18.21193580965747,False
16548.0,2.0,1,SPLY_LS,6.768476107955635,False
16579.0,2.0,2,SPLY_LS,7.654984637296462,False
16624.0,2.0,3,PIPE_LM,14.83122207281979,False
16625.0,2.0,2,SPLY_LS,5.727448787604554,False
16626.0,2.0,4,PIPE_LM,7.425153191750828,False
16657.0,2.0,2,SPLY_LS,4.3826403138399765,False
16700.0,2.0,2,SPLY_LS,5.577436251252771,False
16945.0,2.0,2,PIPE_LM,7.57725727195071,False
17005.0,3.0,2,SPLY_LS,8.156810139203618,False
17046.0,2.0,2,SPLY_LS,44.29629642540427,False
17185.0,2.0,1,SPLY_LS,7.118416747615147,False
17284.0,3.0,2,SPLY_LS,4.577643991172215,False
17598.0,2.0,2,SPLY_LS,12.529384708956002,False
17632.0,2.0,2,SPLY_LS,6.281655388230902,False
17731.0,2.0,1,SPLY_LS,7.493768831269128,False
20234.0,2.0,1,SPLY_LS,5.692890777006618,False
20235.0,2.0,2,SPLY_LS,7.323432361334144,False
20242.0,2.0,2,SPLY_LS,6.3981069046973875,False
20243.0,2.0,2,SPLY_LS,6.193627546818328,False
20244.0,3.0,3,PIPE_LM,6.586590161541537,False
20245.0,3.0,2,SPLY_LS,8.320613274548418,False
20246.0,2.0,1,SPLY_LS,7.177281906042183,False
20247.0,2.0,3,PIPE_LM,7.72608374107932,False
20248.0,2.0,3,SPLY_LS,8.076884254578186,False
20249.0,2.0,2,SPLY_LS,7.037232285920311,False
20250.0,2.0,3,PIPE_LM,7.315164322743953,False
20344.0,2.0,3,PIPE_LM,2.1639415115066645,False
20345.0,2.0,1,SPLY_LS,6.638525828295344,False
20346.0,2.0,4,PIPE_LM,6.8872230846322084,False
20347.0,3.0,3,PIPE_LM,3.501799859055167,False
20348.0,2.0,2,SPLY_LS,9.142369056175683,False
20349.0,3.0,2,SPLY_LS,8.170415934249359,False
20350.0,2.0,2,SPLY_LS,7.998310098297824,False
20351.0,2.0,1,SPLY_LS,4.470226458369422,False
20352.0,2.0,2,SPLY_LS,5.39603273855621,False
20353.0,2.0,4,PIPE_LM,10.060009078949845,False
20354.0,2.0,3,PIPE_LM,9.328383674639147,False
20355.0,2.0,2,SPLY_LS,7.397980471297024,False
20356.0,2.0,1,PIPE_LM,45.78145168563032,False
20358.0,2.0,2,PIPE_LM,48.57948167939753,False
20359.0,2.0,4,PIPE_LM,34.291013616881635,False
20360.0,2.0,2,SPLY_LS,6.269157416084799,False
20361.0,3.0,2,SPLY_LS,4.464490876960888,False
20362.0,2.0,2,SPLY_LS,8.92546927536182,False
20363.0,2.0,2,PIPE_LM,6.711391484155691,False
20367.0,2.0,1,SPLY_LS,3.9000587907610194,False
20368.0,2.0,3,PIPE_LM,7.869326985982939,False
20369.0,2.0,4,PIPE_LM,8.288246187103912,False
20370.0,2.0,2,SPLY_LS,5.715128627157089,False
20371.0,2.0,2,SPLY_LS,8.168078602157209,False
20372.0,3.0,1,SPLY_LS,6.280763106699145,False
20373.0,2.0,3,PIPE_LM,8.993615340811864,False
20374.0,2.0,2,SPLY_LS,7.35324632405952,False
20375.0,2.0,2,SPLY_LS,4.498090638973032,False
20376.0,2.0,3,PIPE_LM,8.635256334882747,False
20377.0,3.0,2,PIPE_LM,7.33319839553846,False
20378.0,2.0,3,PIPE_LM,7.013599829151322,False
20379.0,3.0,1,SPLY_LS,9.072870512712564,False
20380.0,3.0,3,PIPE_LM,6.891100052689184,False
20381.0,3.0,2,SPLY_LS,6.594126610739173,False
20403.0,2.0,1,SPLY_LS,5.576533319620788,False
20407.0,3.0,4,PIPE_LM,8.52915029288615,False
20408.0,2.0,4,PIPE_LM,5.934359465285816,False
20409.0,2.0,3,PIPE_LM,6.25849715660104,False
20410.0,2.0,2,SPLY_LS,3.817961819982101,False
20411.0,3.0,1,SPLY_LS,4.5740582349508845,False
20412.0,2.0,3,PIPE_LM,0.4407468670077102,False
20413.0,2.0,4,PIPE_LM,9.384125777868574,False
20418.0,2.0,1,SPLY_LS,6.940136456335102,False
20419.0,3.0,2,PIPE_LM,8.132250128171398,False
20420.0,3.0,2,SPLY_LS,8.393932912652952,False
20421.0,2.0,3,PIPE_LM,8.359181409428372,False
20422.0,2.0,2,SPLY_LS,8.584386101216808,False
20423.0,2.0,2,SPLY_LS,10.002596645193343,False
20424.0,2.0,2,SPLY_LS,5.996033047064651,False
20425.0,2.0,2,SPLY_LS,7.572264353368445,False
20430.0,2.0,2,SPLY_LS,11.699664158343023,False
20431.0,3.0,3,PIPE_LM,5.230550909528347,False
22046.0,3.0,3,PIPE_LM,49.95799084172588,False
22290.0,2.0,2,SPLY_LS,11.772007522626355,False
22391.0,2.0,2,SPLY_LS,9.06118094920856,False
22442.0,2.0,1,SPLY_LS,6.354235050229993,False
22459.0,2.0,2,SPLY_LS,10.21031758639386,False
22460.0,2.0,2,PIPE_LM,7.887329763674499,False
22478.0,2.0,2,SPLY_LS,6.492898943179268,False
22492.0,2.0,2,SPLY_LS,8.716239470515776,False
22531.0,2.0,3,PIPE_LM,4.883316583130245,False
