rank,lithoidx,lithoname,count,total_area,avg_area,total_length,unique_ages,ages,map_count,maps
1,Jgr,화강암,602,18559770070.151634,30830182.840783447,14966459.494580097,1,중생대 쥐라기(602),9,"강릉, 광주, 남천점, 대전, 백아도, 부산, 서울, 속초, 안동"
2,PCEkbgn,서산층군 경기변성암복합체 호상편마암,274,8352430663.040745,30483323.587739944,8725310.461095719,1,선캄브리아시대(274),5,"강릉, 남천점, 대전, 서울, 속초"
3,Qa,충적층,524,8194304464.817244,15637985.619880237,21469655.519038085,1,신생대 제4기(524),10,"강릉, 광주, 남천점, 대전, 목포, 부산, 서울, 속초, 안동, 여수"
4,Kav,유문암및유문암질응회암,1172,4203028186.310687,3586201.524155876,6237265.624648832,1,중생대 백악기(1172),6,"광주, 목포, 백아도, 안동, 여수, 제주"
5,Kiv,경상누층군중성및염기성화산암,404,2384076434.3656564,5901179.2929842975,3579195.127917924,1,중생대 백악기(404),4,"광주, 목포, 안동, 여수"
6,Kat,"유천층군안산암,안산암질응회암",136,2192453577.504423,16120982.187532524,2326240.250282936,1,중생대 백악기(136),1,부산
7,Kbgr,흑운모화강암,217,2149719233.419722,9906540.246173834,2505360.284355842,1,중생대 백악기(217),5,"대전, 목포, 부산, 안동, 여수"
8,Jfgr,대보관입암류엽리상화강암,78,1958393826.936078,25107613.165847156,2043810.806104809,1,중생대 쥐라기(78),2,"광주, 목포"
9,Km7,하양층군진동층,66,1934677145.919183,29313290.08968459,1970267.5451743538,1,중생대 백악기(66),2,"부산, 여수"
10,PCEkgrgn,화강편마암,60,1419443931.8833323,23657398.864722203,1562281.880816309,1,선캄브리아시대(60),4,"강릉, 광주, 대전, 속초"
11,PCEjpgn,지리산편마암복합체반상변,52,1415414052.2852235,27219501.005485065,1365581.176578298,1,선캄브리아시대(52),4,"광주, 목포, 부산, 여수"
12,PCEjgrgn,소백산육괴 화강편마암,71,1318637142.32968,18572354.117319435,1577499.6377610222,1,선캄브리아시대(71),5,"강릉, 광주, 목포, 부산, 여수"
13,Khgr,각섬석화강암,88,1228745534.8111572,13963017.441035878,1396501.237262778,1,중생대 백악기(88),3,"부산, 안동, 여수"
14,Km6,하양층군함안층,28,1170313803.4883728,41796921.553156175,883126.128858526,1,중생대 백악기(28),2,"부산, 여수"
15,Km3,경상계층군 신동층군 진주층,41,1143463257.8829927,27889347.753243726,817821.24233486,1,중생대 백악기(41),3,"부산, 안동, 여수"
16,gr,화강암,21,1124383933.247672,53542092.059412956,821229.2738389199,1,시대 미상(21),1,안동
17,0,0,474,981140703.0061208,2069917.094949622,6393557.198325635,1,시대 미상(474),11,"강릉, 광주, 남천점, 대전, 목포, 부산, 서울, 속초, 안동, 여수, 진남포"
18,Km2,신동층군하산동층,83,970804820.0568346,11696443.615142586,900403.4883699451,1,중생대 백악기(83),3,"부산, 안동, 여수"
19,PCEses,서산층군편암류,183,968457647.8829904,5292118.29444257,1991762.2139081303,1,선캄브리아시대(183),3,"대전, 백아도, 서울"
20,PCEks,경기편마암복합체편암류,168,964571529.181596,5741497.1975095,2081500.6548247,1,선캄브리아시대(168),5,"강릉, 광주, 남천점, 대전, 서울"
21,Km1,경상누층군신동층군낙동층,13,950396729.0648849,73107440.69729884,738672.5397151199,1,중생대 백악기(13),3,"부산, 안동, 여수"
22,og2,옥천층군 하부천매암대,109,930694199.6022032,8538478.895433057,2195194.3661467982,1,시대 미상(109),4,"강릉, 광주, 대전, 안동"
23,PCEsbgn,소백산편마암복합체흑운모,13,911484087.7568,70114160.59667693,732171.5550128499,1,선캄브리아시대(13),3,"광주, 대전, 부산"
24,PCEkgrtgn,서산층군 경기변성암복합체 함석류석 화강편마암,44,859158224.6676881,19526323.287902,804712.29123368,1,선캄브리아시대(44),4,"강릉, 남천점, 서울, 속초"
25,CEOyls,영월형 조선누층군,7,817200361.885871,116742908.84083872,472987.16733364004,1,고생대 오르도비스기~캄브리아기(7),1,강릉
26,PCEgrgn,화강편마암,69,797234811.4316955,11554127.70190863,1094839.269133982,1,선캄브리아시대(69),4,"강릉, 목포, 서울, 안동"
27,Qr,매립지,50,751354728.481037,15027094.56962074,1493083.3495207103,1,신생대 제4기(50),4,"대전, 목포, 서울, 여수"
28,og1,옥쳔층군 변성사질암대,61,748149502.4591625,12264745.941953484,1199715.476611588,1,시대 미상(61),3,"강릉, 대전, 안동"
29,Odls,상부대석회암층군,37,735491657.5314307,19878152.906254884,1030618.3591848459,1,고생대 오르도비스기(37),1,강릉
30,PCEyl,율리층군,23,694616571.6261932,30200720.50548666,705474.05110312,1,선캄브리아시대(23),2,"강릉, 안동"
31,Ke8,경상누층군하양층군춘산층,23,676871409.5531312,29429191.719701357,623022.154967246,1,중생대 백악기(23),1,안동
32,Jbgr,흑운모화강암,48,663580752.1227555,13824599.002557406,871888.231111865,1,중생대 쥐라기(48),2,"목포, 여수"
33,PCEsgrgn,소백산편마암복합체화강편,45,629707572.3270531,13993501.607267845,1013518.0373777299,1,선캄브리아시대(45),3,"광주, 대전, 부산"
34,PCEjmgn,지리산편마암합체미그마타이트질편마암,38,618316783.6447588,16271494.306441022,808101.6201368701,1,선캄브리아시대(38),4,"광주, 목포, 부산, 여수"
35,Ky5,경상누층군하양층군도계동층,7,595066088.271842,85009441.18169172,310260.44800488,1,중생대 백악기(7),1,안동
36,Ky3,경상누층군하양층군가송동층,17,570845060.966808,33579121.23334164,719496.5071173301,1,중생대 백악기(17),1,안동
37,Krt,"유천층군류문암,류문암질응회암",30,568964973.9851382,18965499.13283794,546230.34507527,1,중생대 백악기(30),1,부산
38,PCEkggn,경기편마암복합체화강암질편마암,12,564212696.409417,47017724.70078475,468590.10179394996,1,선캄브리아시대(12),1,대전
39,Kad,불국사 관입암류 산성암맥,197,558424124.1136515,2834640.223927165,1873541.97032113,2,"중생대 백악기(160), 중생대 쥐라기(37)",7,"광주, 남천점, 대전, 목포, 부산, 서울, 안동"
40,TRp3,평안층군상부평안층군,18,548248956.267666,30458275.348203667,444110.75578324,2,"시대 미상(11), 중생대 트라이아스기(7)",3,"강릉, 광주, 안동"
41,CEdls,하부대석회암층군,26,531348681.805372,20436487.761745077,982873.4905859501,1,고생대 캄브리아기(26),1,강릉
42,PCEjbgn,지리산편마암복합체흑운모,54,518633010.4678186,9604315.008663308,834638.123568219,1,선캄브리아시대(54),4,"광주, 목포, 부산, 여수"
43,Jdi,섬록암,83,517029224.2259425,6229267.761758343,914702.15246641,1,중생대 쥐라기(83),7,"강릉, 광주, 대전, 부산, 서울, 속초, 안동"
44,Pp2,중부평안층군,68,494818380.15197146,7276740.884587816,1234041.3347405072,1,고생대 페름기(68),5,"강릉, 광주, 목포, 안동, 여수"
45,PCEmgn,미그마타이트질 편마암,10,487842868.275634,48784286.8275634,548315.5008360702,1,선캄브리아시대(10),2,"강릉, 안동"
46,TRpgr,반상화강암,14,471158015.6662621,33654143.97616158,495026.46757197,1,중생대 트라이아스기(14),2,"광주, 부산"
47,Cp1,평안층군하부평안층군,111,464225301.01023316,4182209.9190111095,1591679.41984921,2,"고생대 석탄기(100), 고생대 페름기~석탄기(11)",5,"강릉, 광주, 목포, 안동, 여수"
48,TRfgr,엽리상화강암,23,417860454.705003,18167845.85673926,630453.66108491,1,중생대 트라이아스기(23),2,"광주, 부산"
49,Qb(III),제4기 현무암(III),20,417639414.87016475,20881970.74350824,579267.4907896589,1,신생대 제4기(20),1,제주
50,og3,옥천층군 함역천매암대,40,411793708.3574261,10294842.708935652,812597.90039432,1,시대 미상(40),3,"강릉, 대전, 안동"
51,Qtb(III),제4기 조면현무암(III),23,398302525.59733844,17317501.112927757,604623.716880973,1,신생대 제4기(23),1,제주
52,PCEw,원남층군,12,391827468.463109,32652289.038592417,439274.51462639007,1,선캄브리아시대(12),2,"강릉, 안동"
53,PCEs,옥천대 편암류,66,382998263.54064405,5803003.993040062,846885.6182121132,1,선캄브리아시대(66),4,"광주, 목포, 안동, 진남포"
54,PCEjggn,지리산편마암합체화강암질편마암,14,380934357.13071,27209596.937907856,574285.8169793199,1,선캄브리아시대(14),3,"광주, 부산, 여수"
55,PCEbgrgn,분천 화강편마암,3,368664483.765962,122888161.25532067,266024.34704225004,1,선캄브리아시대(3),1,강릉
56,Ke4,경상누층군하양층군일직층,10,353544466.09622204,35354446.6096222,370327.74773204,1,중생대 백악기(10),1,안동
57,PCEycs,연천층군 편암류,9,353435572.56601703,39270619.174001895,302174.80284008,1,선캄브리아시대(9),1,남천점
58,PCEpgn,반상변정질편마암,67,352259985.87318766,5257611.729450562,672395.170192354,1,선캄브리아시대(67),3,"강릉, 서울, 안동"
59,Ke6,경상누층군하양층군점곡층,4,333805182.797904,83451295.699476,214426.11524001003,1,중생대 백악기(4),1,안동
60,Km4,하양층군칠곡층,13,325718936.2643271,25055302.789563622,448017.825397824,1,중생대 백악기(13),2,"부산, 여수"
61,Kjk,유천층군정각산층,29,317119283.776012,10935147.716414208,485142.72560531006,1,중생대 백악기(29),1,부산
62,Ke5,경상누층군하양층군후평동층,4,306657107.832393,76664276.95809825,266363.29433388,1,중생대 백악기(4),1,안동
63,PCEkpgn,반상변정질편마암,11,293929872.380336,26720897.489121452,268374.53908432997,1,선캄브리아시대(11),2,"강릉, 속초"
64,Tgr,화강암,19,284101036.115779,14952686.11135679,339266.27205272997,1,신생대 신진기~고진기(19),1,부산
65,Tav,산성화산암류,12,281604922.236956,23467076.853079665,295177.11506673,1,신생대 신진기~고진기(12),2,"부산, 안동"
66,PCEsggn,소백산편마암합체화강암질편마암,5,277590675.2626,55518135.05252,202979.83305,1,선캄브리아시대(5),2,"광주, 부산"
67,PCEkmgn,서산층군 경기변성암복합체 미그마타이트질편마암,7,272537112.01292,38933873.14470286,254027.36420302,1,선캄브리아시대(7),3,"강릉, 남천점, 서울"
68,PCEhgr,홍제사 화강암,1,268671190.96,268671190.96,202442.140049,1,선캄브리아시대(1),1,강릉
69,Ke7,경상누층군하양층군사곡층,3,266675447.6258,88891815.87526667,223702.33522819998,1,중생대 백악기(3),1,안동
70,PCEccgn,편마암류,12,255225356.30851802,21268779.6923765,369830.77873441007,1,선캄브리아시대(12),2,"강릉, 서울"
71,Ols1,조선누층군중부대석회암층군,14,248825038.60482404,17773217.04320172,320269.8783885199,1,고생대 오르도비스기(14),1,안동
72,Ojls,정선형 조선누층군,7,241102047.6093713,34443149.65848161,336835.26593281,1,고생대 오르도비스기(7),1,강릉
73,PCEklgn,우백질편마암,53,240746894.647121,4542394.238624925,576673.06860288,1,선캄브리아시대(53),2,"강릉, 서울"
74,ls,소백산편마암복합체 원남층군,181,237855662.25082612,1314119.6809437908,1144107.84402543,2,"선캄브리아시대(110), 시대 미상(71)",6,"강릉, 광주, 남천점, 대전, 서울, 안동"
75,CEdy,양덕층군,36,237423169.951284,6595088.054202333,743859.7315728401,1,고생대 캄브리아기(36),1,강릉
76,Kap,불국사관입암류산성반암,38,229142575.28819397,6030067.770741947,547437.3467443801,1,중생대 백악기(38),2,"부산, 안동"
77,q,서산층군 호상편마암,237,229007788.3307792,966277.5878935831,1626492.4626576789,2,"선캄브리아시대(182), 시대 미상(55)",5,"강릉, 광주, 대전, 서울, 안동"
78,PCEbgn,소백산편마암복합체흑운모편마암,8,225404849.8799142,28175606.234989274,191491.544942117,1,선캄브리아시대(8),2,"목포, 안동"
79,PCEt,서산층군 태안층,12,219628036.04876703,18302336.33739725,297405.06461146,1,선캄브리아시대(12),2,"대전, 서울"
80,PCEns,서산층군 춘천계층군 편암류,44,209313200.1939474,4757118.186226077,534501.06946642,1,선캄브리아시대(44),1,서울
81,Kv,경상계층군 화산암류,38,206600502.80822048,5436855.337058433,211703.29200273397,1,중생대 백악기(38),2,"남천점, 서울"
82,Km5,하양층군신라력암,29,205246498.3766791,7077465.461264797,491575.05114016397,1,중생대 백악기(29),2,"부산, 여수"
83,Jn2,"남포(대동)층군중부남포층군(백운사층,초계리층)",20,203762791.89157602,10188139.5945788,439854.62411350996,1,중생대 쥐라기(20),1,대전
84,Ky4,경상누층군하양층군청양산층,9,200541931.68454298,22282436.85383811,292868.6313259,1,중생대 백악기(9),1,안동
85,PCEan,회장암,5,194188939.01686,38837787.803372,152856.82100619,1,선캄브리아시대(5),1,부산
86,PCElgn,우백질화강암,19,191516051.1504613,10079792.165813752,297637.0603989,1,선캄브리아시대(19),2,"강릉, 안동"
87,Kjs,진안층군산수동층,9,189527780.05963498,21058642.22884833,283119.76620332,1,중생대 백악기(9),1,광주
88,Qtb(VII),제4기 조면현무암(VII),28,185456737.9089451,6623454.925319469,350120.47286835103,1,신생대 제4기(28),1,제주
89,Kgc,유천층군건천리층,11,185102134.482539,16827466.77113991,304648.36846945,1,중생대 백악기(11),1,부산
90,Jb,반송층군,25,177522580.9624027,7100903.238496108,428092.35993085,1,중생대 쥐라기(25),2,"강릉, 안동"
91,Te2,연일층군중부연일층군,8,175902399.22600502,21987799.903250627,209318.62046926,1,신생대 신진기~고진기(8),2,"부산, 안동"
92,og4,옥천층군 상부천매암대,21,172854854.7137883,8231183.557799443,418605.23106907,1,시대 미상(21),3,"강릉, 대전, 안동"
93,Knst,사암및응회암,61,164968033.30808127,2704393.98865707,394161.86512823094,1,중생대 백악기(61),1,목포
94,PCEjlgn,지리산편마암합체우백질편마암,11,154532159.99109,14048378.181008182,233454.73560550998,1,선캄브리아시대(11),3,"광주, 목포, 부산"
95,PCEggn,옥천대 화강암질편마암,19,152039279.1634531,8002067.324392268,219137.39683956598,1,선캄브리아시대(19),2,"목포, 안동"
96,Kns,진안층군사암및이암,11,145933857.96934998,13266714.360849999,281183.01977594,1,중생대 백악기(11),2,"광주, 여수"
97,Opls,평창형 조선누층군,4,143975458.305284,35993864.576321,152721.81530237,1,고생대 오르도비스기(4),1,강릉
98,Kagr,화강암,17,141772416.3784123,8339553.904612489,149271.705317158,1,중생대 백악기(17),1,여수
99,PCEslgn,소백산편마암합체우백질편마암,5,141652758.255021,28330551.651004203,208790.79840365003,1,선캄브리아시대(5),2,"광주, 부산"
100,Jn1,"남포(대동)층군하부남포층군(아미산층,하조층)",28,132775519.591237,4741982.8425441785,380451.45356999,1,중생대 쥐라기(28),1,대전
101,Kjd,진안층군달길층,5,129940508.09463999,25988101.618927997,180729.13891401002,1,중생대 백악기(5),1,광주
102,Teo,어일층군,8,128132198.162913,16016524.770364124,151426.10158198,1,신생대 신진기~고진기(8),1,부산
103,Kd3,경상누층군영동층군동정리층,8,127263434.27789699,15907929.284737123,200580.42459681001,1,중생대 백악기(8),1,안동
104,PCEsebgn,서산층군 호상편마암,19,126607368.06911944,6663545.687848392,204489.69025803698,1,선캄브리아시대(19),3,"대전, 백아도, 서울"
105,Qtb(IV),제4기 조면현무암(IV),29,123509884.2966682,4258961.527471317,332688.0250287581,1,신생대 제4기(29),1,제주
106,Ky2,경상누층군하양층군동화치층,9,122922335.48010899,13658037.275567666,237492.29174163003,1,중생대 백악기(9),1,안동
107,Knas,사암및이암,30,122593564.9159432,4086452.1638647737,234655.914604546,1,중생대 백악기(30),2,"광주, 목포"
108,TRgrgn,화강편마암,12,121895430.208073,10157952.517339418,177146.50861440002,1,미분류(12),2,"남천점, 서울"
109,Qtb(VI),제4기 조면현무암(VI),13,118892829.7357513,9145602.287365485,251909.74260049997,1,신생대 제4기(13),1,제주
110,Kan,안산암,12,114481700.963171,9540141.746930918,164200.61962512002,1,중생대 백악기(12),3,"강릉, 목포, 여수"
111,Kp,반암류,54,113618138.40208875,2104039.6000386807,245443.55133784996,1,중생대 백악기(54),2,"목포, 여수"
112,am,각섬암,47,111662189.56915312,2375791.2674287898,401513.89045249,4,"시대 미상(32), 선캄브리아시대(6), 고생대 오르도비스기~캄브리아기(5), 고생대 캄브리아기(4)",5,"강릉, 남천점, 대전, 서울, 안동"
113,Kgr,화강암,20,111518525.279019,5575926.26395095,178091.55387565,1,중생대 백악기(20),3,"강릉, 광주, 제주"
114,Kgp,화강반암,15,109230307.216313,7282020.481087534,214645.73017037,1,중생대 백악기(15),3,"강릉, 광주, 속초"
115,Qt,제4기 조면암,60,106742669.97524111,1779044.499587352,429320.97925931204,1,신생대 제4기(60),1,제주
116,Tj,장기층군,2,105892575.2298,52946287.6149,98082.71628240001,1,신생대 신진기~고진기(2),2,"부산, 안동"
117,Kjm,유천층군장목리층,8,101328029.7742188,12666003.72177735,171629.198002606,1,중생대 백악기(8),2,"광주, 부산"
118,Qtb(VIII),제4기 조면현무암(VIII),15,100225808.12985711,6681720.541990474,185839.37591335998,1,신생대 제4기(15),1,제주
119,PCEgd,갈두층,9,99203081.01041295,11022564.55671255,143000.50234244298,1,선캄브리아시대(9),1,목포
120,Ky1,경상누층군하양층군울연산층,5,96668175.30008401,19333635.060016803,138301.23437244998,1,중생대 백악기(5),1,안동
121,Qb(II),제4기 현무암(II),7,95060332.15097901,13580047.45013986,154478.17026543,1,신생대 제4기(7),1,제주
122,chgr,청산화강암,1,93799122.4243,93799122.4243,79647.6321334,1,고생대 페름기(1),1,대전
123,PCEccs,편암류,27,89135292.19142799,3301307.1182010365,277152.53004097,1,선캄브리아시대(27),2,"강릉, 서울"
124,Ksy,섬장암,8,88447307.60379681,11055913.450474601,104073.365093397,1,중생대 백악기(8),2,"목포, 부산"
125,Qtb(II),제4기 조면현무암(II),5,86220346.035079,17244069.2070158,138482.37773956,1,신생대 제4기(5),1,제주
126,Kc2,경상루층군초평층군중부초평층군,1,77904476.2077,77904476.2077,82389.449098,1,중생대 백악기(1),1,대전
127,PCEjbbgn,지리산편마암합체호상편마암,2,74227749.4673,37113874.73365,114889.0570377,1,선캄브리아시대(2),1,부산
128,Kygs,경상계층군 유천층군 고성층,16,72559331.96213773,4534958.247633608,115021.67467707301,1,중생대 백악기(16),1,여수
129,Knjs,진안층군사암및이암,22,71449987.687284,3247726.713058363,217302.68094758003,1,중생대 백악기(22),1,광주
130,Jn3,남포(대동)층군상부남포층군(성주리층),4,70397339.26376,17599334.81594,115618.86036631001,1,중생대 쥐라기(4),1,대전
131,Te1,연일층군하부연일층군,6,70124549.66539499,11687424.9442325,147514.82480224,1,신생대 신진기~고진기(6),2,"부산, 안동"
132,Kdi,섬록암,29,68369324.8416214,2357562.9255731516,186413.173775383,1,중생대 백악기(29),3,"강릉, 목포, 여수"
133,Ktsv,퇴적암 및 화산암,5,66513615.154528,13302723.0309056,94724.05166772999,1,중생대 백악기(5),1,강릉
134,Kdd,유천층군다대포층,24,65905711.6876484,2746071.3203186835,140860.705461152,1,중생대 백악기(24),1,부산
135,Qb(I),제4기 현무암(I),21,65761111.14625509,3131481.483155004,215774.714896141,1,신생대 제4기(21),1,제주
136,Kd2,경상루층군영동층군산이리층,2,59736178.49672,29868089.24836,96528.56404580001,1,중생대 백악기(2),1,대전
137,Kk1,경상루층군공주층군하부공주층군,7,54127439.21887901,7732491.316982715,136836.16728273,1,중생대 백악기(7),1,대전
138,PCEp,소백산편마암복합체평해층군,8,54069572.389251,6758696.548656375,101418.23413336,1,선캄브리아시대(8),1,안동
139,Knyc,유치역암,4,53858372.477299005,13464593.119324751,87411.23350009,1,중생대 백악기(4),1,목포
140,PCEgn,소백산편마암복합체호상편마암,8,53676310.8363,6709538.8545375,108632.02137686999,1,선캄브리아시대(8),1,안동
141,PCEsegrgn,서산층군화강편마암,19,53023021.26491421,2790685.329732327,176398.55247936997,1,선캄브리아시대(19),1,대전
142,PCEkagn,경기편마암복합체안구장편마암,10,51281980.299659,5128198.0299659,129105.71972491,1,선캄브리아시대(10),1,대전
143,PCEfgr,세립질화강암,2,47162921.223120004,23581460.611560002,45482.83462449,1,중생대 백악기(2),1,광주
144,Kpgr,반상화강암,1,46159050.1103,46159050.1103,41743.3866799,1,중생대 백악기(1),1,부산
145,Kc1,경상루층군초평층군하부초평층군,9,43454422.4767081,4828269.164078678,107703.673417615,1,중생대 백악기(9),1,대전
146,PCEss,소백산편마암복합체편암류,6,40486188.541028,6747698.090171333,72877.94283002999,1,선캄브리아시대(6),1,광주
147,Jsy,섬장암,14,39746032.843412,2839002.3459579996,106358.714363043,1,중생대 쥐라기(14),3,"강릉, 대전, 서울"
148,Qtt,조면암 및 조면안산암,5,39731489.686280996,7946297.937256199,61850.76435909,1,신생대 제4기(5),1,강릉
149,Tb,현무암,11,37942202.450279996,3449291.131843636,85975.84212352999,1,신생대 신진기~고진기(11),4,"강릉, 부산, 안동, 진남포"
150,TRga,반려암,2,37766214.84185,18883107.420925,69702.37681477,1,중생대 트라이아스기(2),1,광주
151,PCEjs,지리산편마암합체편암,20,37384838.601245,1869241.93006225,172235.49125505003,1,선캄브리아시대(20),4,"광주, 목포, 부산, 여수"
152,bg,방림층군,1,37179155.7231,37179155.7231,137695.40332,1,시대 미상(1),1,강릉
153,Te3,연일층군상부연일층군,2,37030023.71655,18515011.858275,47962.1353442,1,신생대 신진기~고진기(2),1,안동
154,yic,양평화성복합체,4,36838357.517574,9209589.3793935,66647.41027841001,1,시대 미상(4),1,서울
155,Kk2,경상루층군공주층군중부공주층군,6,35245118.701179,5874186.4501965,79303.21275608,1,중생대 백악기(6),1,대전
156,Qtb(III)(S),제4기 조면현무암(III),80,35193502.912964106,439918.7864120513,196590.53311193798,1,신생대 제4기(80),1,제주
157,Qtb(V),제4기 조면현무암(V),4,32162963.6497866,8040740.91244665,63886.959136931,1,신생대 제4기(4),1,제주
158,PCEspgn,소백산편마암합체반상변성질편마암,3,30527367.31358,10175789.104526667,45626.5226136,1,선캄브리아시대(3),1,부산
159,Tbv,염기성화산암,1,28896697.3071,28896697.3071,30339.036124,1,신생대 신진기~고진기(1),1,부산
160,Kmb,진안층군방이리층,1,28524364.2325,28524364.2325,24255.9085348,1,중생대 백악기(1),1,광주
161,Kyjm,경상계층군 유천층군  장목리층,12,27867547.959087122,2322295.6632572603,63133.539519838,1,중생대 백악기(12),1,여수
162,Pp3,평안층군 상부평안층군,12,26898637.712222,2241553.1426851666,131684.30155955002,1,고생대 페름기(12),1,목포
163,ogs,옥천층군 변성사질암류,10,26529078.448432002,2652907.8448432004,97460.48584539001,1,시대 미상(10),1,목포
164,Kysi,경상계층군 유천층군 신성리층,28,26515450.37534013,946980.3705478618,111302.118746781,1,중생대 백악기(28),1,여수
165,Kmg,진안층군길왕리층,4,26374854.489600003,6593713.622400001,58648.0227908,1,중생대 백악기(4),1,광주
166,PCEja,선캠브리아시대 백령층군 장촌층,5,26358184.696495,5271636.939299,80525.18159011999,1,선캄브리아시대(5),1,진남포
167,Qtb,조면암 및 현무암,6,25890014.34350909,4315002.390584848,45264.636458413,1,신생대 제4기(6),1,강릉
168,Kgsv,퇴적암 및 화산암,4,25207386.333110698,6301846.583277674,44669.20595663,1,중생대 백악기(4),1,강릉
169,Qta,제4기 조면안산암,15,24677332.4003897,1645155.4933593133,116097.31526168899,1,신생대 제4기(15),1,제주
170,Jkt,대동층군 통진층,4,24435355.219954997,6108838.804988749,60979.058794369994,1,중생대 쥐라기(4),1,서울
171,Ksdw,경상계층군 신동층군 두원층,9,24406298.15489144,2711810.906099049,57273.266961211,1,중생대 백악기(9),1,여수
172,Jgb,반휘암,3,22528935.03152,7509645.010506667,41325.6809308,1,중생대 쥐라기(3),1,부산
173,CEy,조선누층군양덕층군,4,22510170.092559997,5627542.523139999,51212.668095659996,1,고생대 캄브리아기(4),1,안동
174,Kkv,경상루층군 공주층군 화산암류,10,22058074.550021,2205807.4550021,73687.05495631,1,중생대 백악기(10),1,대전
175,Ktm,경상계층군 초평층군 문수산층,5,20142566.515772,4028513.3031544,43737.974459649995,1,중생대 백악기(5),1,서울
176,TRmqp,변성석영반암,13,19690109.4993448,1514623.8076419076,96652.02003538,2,"중생대 트라이아스기(11), 미분류(2)",2,"광주, 여수"
177,Qs,퇴적암,13,19640870.052102003,1510836.1578540003,100539.00471016,1,신생대 제4기(13),3,"강릉, 제주, 진남포"
178,Kd4,경상누층군영동층군선유동층,6,19454712.846440002,3242452.1410733336,59786.37501227001,1,중생대 백악기(6),1,안동
179,CEls,조선누층군하부대석회암층군,5,19129706.942576,3825941.3885151995,62076.78652732,1,고생대 캄브리아기(5),1,안동
180,Kjv,경상루층군진안층군화산암류,5,18514830.695908,3702966.1391816,37956.80105994,1,중생대 백악기(5),1,대전
181,PCEy,용암산층,8,17660717.548248,2207589.693531,92804.53915135,1,선캄브리아시대(8),1,광주
182,Ke9,경상누층군하양층군신양동층,9,15802022.60317,1755780.2892411111,77760.47010675,1,중생대 백악기(9),1,안동
183,Kjmd,진안층군만덕산층,4,15077015.378081,3769253.84452025,44529.07238676,1,중생대 백악기(4),1,광주
184,Kssv,퇴적암 및 화산암,4,14325084.427593,3581271.10689825,39463.087707340004,1,중생대 백악기(4),2,"강릉, 속초"
185,Qtb(IV)(S),제4기 조면현무암(IV),28,14129132.7971717,504611.88561327505,74828.57911800798,1,신생대 제4기(28),1,제주
186,Jga,대보관입암류 섬록암,7,14100128.882162001,2014304.126023143,49093.799287279995,1,중생대 쥐라기(7),2,"남천점, 서울"
187,Qtb(VII)(S),제4기 조면현무암(VII),40,13728892.1429886,343222.303574715,84265.731993891,1,신생대 제4기(40),1,제주
188,Qb,제사기 현무암,18,13619319.4359387,756628.8575521499,112354.06301157501,1,신생대 제4기(18),2,"남천점, 서울"
189,PCEkbpgrgn,부산반상질화강편마암,2,13489274.775035001,6744637.387517501,18099.73610744,1,선캄브리아시대(2),1,강릉
190,Kpsv,퇴적암 및 화산암,4,13324417.888225999,3331104.4720564997,48420.01616926,1,중생대 백악기(4),1,강릉
191,Jhb,대보관입암류섬록암,6,13147419.600788997,2191236.6001314996,45110.62583302,1,중생대 쥐라기(6),2,"광주, 여수"
192,Kmj,진안층군적상산층,3,12156741.952930002,4052247.3176433337,26885.112374090004,1,중생대 백악기(3),1,광주
193,PCEdoo,선캠브리아시대 백령층군 두무진층,8,12150818.824761,1518852.353095125,56755.02554057,1,선캄브리아시대(8),1,진남포
194,Kid,맥암류,18,12148280.035091,674904.4463939444,69861.21554779,1,중생대 백악기(18),3,"목포, 부산, 안동"
195,PCEqt,선캠브리아시대 백령층군 규암,5,11939601.6572237,2387920.33144474,36424.150311365,1,선캄브리아시대(5),1,진남포
196,Qtb(I),제4기 조면현무암(I),11,11878768.466791999,1079888.0424356363,69192.68939342,1,신생대 제4기(11),1,제주
197,Qb(III)(S),제4기 현무암(III),39,11729939.909505898,300767.6899873307,81940.190933733,1,신생대 제4기(39),1,제주
198,dq,덕용산규암,7,11716486.505265001,1673783.7864664288,76952.62285248001,1,시대 미상(7),1,목포
199,h,혼펠스(hornfels) 화성 관입에 의해 형성된 접촉변성암 (추정),4,10867259.269899,2716814.81747475,38449.83310548,1,시대 미상(4),1,부산
200,Kgb,불국사관입암류반려암,3,9938786.31091,3312928.770303333,26046.102339800003,1,중생대 백악기(3),1,안동
201,Ky6,경상누층군하양층군신양동층,2,9679559.121580001,4839779.5607900005,32734.938479000004,1,중생대 백악기(2),1,안동
202,Jmj,대동층군 적성층,7,9626644.419476,1375234.9170680002,47424.116084429996,1,중생대 쥐라기(7),1,서울
203,y,용암산층,8,9206118.871932,1150764.8589915,69696.24714844,1,시대 미상(8),1,목포
204,kq,면수산규암,1,8906792.28672,8906792.28672,19986.3752699,1,시대 미상(1),1,강릉
205,v,소백산편마암복합체 평해층군,3,8807876.77618,2935958.925393333,30373.09216851,1,선캄브리아시대(3),1,안동
206,Ks,진안층군사암및이암,18,8632484.474067241,479582.4707815134,48603.55848278601,1,중생대 백악기(18),1,광주
207,Qtb(I)(T),제4기 조면현무암(I),16,8299370.1890218,518710.6368138625,43623.004505398,1,신생대 제4기(16),1,제주
208,Knuh,우항리층,4,8275758.219584,2068939.554896,38512.33221893,1,중생대 백악기(4),1,목포
209,Jda,휘록암,4,8051393.542199999,2012848.3855499998,27781.19362924,1,중생대 쥐라기(4),1,대전
210,Kd5,경상누층군영동층군원촌리층,2,8032671.595944,4016335.797972,33373.72557948,1,중생대 백악기(2),1,안동
211,Kd1,경상누층군영동층군만계리층,5,7763594.884264,1552718.9768528,32974.37055854,1,중생대 백악기(5),2,"대전, 안동"
212,Qtb(VI)(S),제4기 조면현무암(VI),20,7760271.513142999,388013.57565714995,45466.77179996001,1,신생대 제4기(20),1,제주
213,Kyjp,경상계층군 유천층군 장평리층,6,6816883.29913832,1136147.2165230534,29785.024614203,1,중생대 백악기(6),1,여수
214,Kcv,경상루층군초평층군화산암류,6,6738276.430661,1123046.0717768334,36579.90190781,1,중생대 백악기(6),1,대전
215,PCEkpgrgn,박달령화강편마암,1,6566610.49338,6566610.49338,18291.4149192,1,선캄브리아시대(1),1,강릉
216,Knhd,홍도층,15,6437927.1337365005,429195.1422491,25152.377926107998,1,중생대 백악기(15),1,목포
217,Kjss,경상계층군 초평층군 사암및셰일,2,6408235.61798,3204117.80899,13939.15715891,1,중생대 백악기(2),1,남천점
218,s,경기편마암복합체 호상편마암,1,6099535.8491,6099535.8491,14149.0015436,1,선캄브리아시대(1),1,대전
219,Pm,평안층군마로층,1,5564951.34576,5564951.34576,23328.878316,1,고생대 페름기(1),1,대전
220,Qt(S),제4기 조면암,16,5058847.5521679,316177.97201049374,35020.695531221994,1,신생대 제4기(16),1,제주
221,Kncg,진안층군역암,1,3875692.48181,3875692.48181,10155.5657755,1,중생대 백악기(1),1,광주
222,Khsv,퇴적암 및 화산암,3,3717676.874339,1239225.6247796665,16272.81280412,1,중생대 백악기(3),1,강릉
223,PCEju,선캠브리아시대 백령층군 중화동층,2,3599537.3349,1799768.66745,20587.98482063,1,선캄브리아시대(2),1,진남포
224,Qtb(II)(S),제4기 조면현무암(II),8,3522205.913958,440275.73924475,21612.457079289998,1,신생대 제4기(8),1,제주
225,Ols,조선루층군대석회암층군석회암대,1,3152293.33179,3152293.33179,27043.4396968,1,고생대 오르도비스기~캄브리아기(1),1,대전
226,Qtb(VIII)(T),제4기 조면현무암(VIII),1,3035622.59873,3035622.59873,10197.6115783,1,신생대 제4기(1),1,제주
227,Kyss,경상계층군 유천층군 선소층,1,2788584.78265,2788584.78265,16196.3214084,1,중생대 백악기(1),1,여수
228,Kcl,경상계층군 초평층군 하부초평층군,1,2763484.47364,2763484.47364,7797.89734242,1,중생대 백악기(1),1,서울
229,Jscs,대동층군 역암 및 사암,2,2686218.01105,1343109.005525,12564.29271634,1,중생대 쥐라기(2),1,서울
230,Kchv,경상루층군천수만층군화산암류,7,2373148.0195782003,339021.14565402863,19608.162493372,1,중생대 백악기(7),1,대전
231,Qtb(VIII)((T),제4기 조면현무암(VIII),1,2348272.72704,2348272.72704,7646.2285193,1,신생대 제4기(1),1,제주
232,Kgd,화강섬록암,2,2306630.7126390003,1153315.3563195001,9519.85514077,1,중생대 백악기(2),1,강릉
233,Km,경상누층군묘곡층,1,2150211.90288,2150211.90288,7308.63650816,1,중생대 백악기(1),1,안동
234,Qb(II)(S),제4기 현무암(II),8,2048090.755621,256011.344452625,16369.399487670002,1,신생대 제4기(8),1,제주
235,Qtb(VIII)(S),제4기 조면현무암(VIII),4,2013578.0277179999,503394.50692949997,10237.97785716,1,신생대 제4기(4),1,제주
236,Kch1,경상루층군천수만층군남당리층,3,1954826.650435,651608.8834783334,11738.598442179999,1,중생대 백악기(3),1,대전
237,Qtb(V)(S),제4기 조면현무암(V),3,1774702.153738,591567.3845793334,8949.63214706,1,신생대 제4기(3),1,제주
238,Knsm,경상계층군 초평층군 사암 및 이암,4,1520665.845379,380166.46134475,9245.20901042,1,중생대 백악기(4),1,서울
239,Jjss,대동층군 사암및셰일,1,1280949.3525,1280949.3525,7204.63883146,1,중생대 쥐라기(1),1,남천점
240,Jjs,대동층군 석문층,1,1078673.93796,1078673.93796,6234.6611188,1,중생대 쥐라기(1),1,서울
241,Qb(I)(T),제4기 현무암(I),1,967299.1894,967299.1894,3677.37368662,1,신생대 제4기(1),1,제주
242,PCEls,선캠브리아시대 백령층군 석회암,3,925717.938207,308572.646069,9344.508463959999,1,선캄브리아시대(3),1,진남포
243,Kd,백악기 맥암,2,761248.97949,380624.489745,7800.665644569999,1,중생대 백악기(2),1,진남포
244,SF,제3기 서귀포층,1,261442.539703,261442.539703,3233.62348473,1,신생대 신진기~고진기(1),1,제주
245,Kycs,경상계층군 초평층군 역질사암,1,251478.775562,251478.775562,2044.07632102,1,중생대 백악기(1),1,서울
246,Qta(S),제4기 조면안산암,1,85002.4217635,85002.4217635,1231.67800571,1,신생대 제4기(1),1,제주
