cluster_id,repair_count,avg_lat,avg_lon,nearest_pipe,nearest_type,nearest_dist,pipe_count,nearest_K_age,max_K_age,avg_K_age,nearest_K_soil,max_K_soil,avg_K_soil,nearest_K_traffic,max_K_traffic,avg_K_traffic,nearest_hoop_stress,max_hoop_stress,avg_hoop_stress,nearest_K_stress,max_K_stress,avg_K_stress,nearest_K_total,max_K_total,avg_K_total,nearest_STD_DIP,max_STD_DIP,avg_STD_DIP,nearest_D_final,max_D_final,avg_D_final
0,1,35.8932559,128.6040557,211474,SPLY_LS,4.319057244275564,41,1.6672142368240932,1.7526899383983574,1.6456953248249482,1.0,1.0,1.0,1.0,1.6,1.066443726052904,7.471264367816092,14.285714285714286,7.728498118795521,1.547126436781609,2.466666666666667,1.6692920839979206,2.3468337419948377,7.145312427849419,3.666734854559227,13,100,23.786820854492852,0.0121388801887811,0.0369587712674297,0.01896600269846483
1,1,35.890437,128.6039201,73313,PIPE_LM,3.7182269888809656,64,1.373223819301848,1.862532511978097,1.5921060375824758,1.0,1.0,1.0,1.2,1.6,1.0995493903708171,17.857142857142858,17.857142857142858,8.876388814889777,2.585714285714286,2.840816326530613,1.726461522958153,4.345598302338505,44.320708637351565,6.847639329088463,50,100,22.811806370020264,0.0224773899389308,0.2292466493912691,0.03541907204774358
2,1,35.8895649,128.6026112,144002,SPLY_LS,7.155341793227471,60,1.6483778234086242,1.7326488706365502,1.6357188020933306,1.0,1.0,1.0,1.2,1.6,1.0987404978702056,7.471264367816092,16.3265306122449,7.9906891518129655,1.547126436781609,2.840816326530613,1.649258827624555,3.066153717033244,9.405768966380684,5.592771772970265,13,100,20.79212237419717,0.0158595267936686,0.0486508696901557,0.02892833235709999
3,1,35.8902294,128.6026617,37842,SPLY_LS,5.774196674566099,41,1.5474606433949352,1.7366461327857632,1.6366460141323946,1.0,1.0,1.0,1.0,1.4,1.0621620983937976,9.523809523809524,17.857142857142858,8.350705054876961,1.7523809523809524,2.840816326530613,1.7080762076647005,4.90147561708402,9.356712345911442,4.784603467216478,20,100,24.089165545392497,0.0253526375555862,0.0483971267736096,0.024748122204003832
4,2,35.8898263,128.6010129,47811,PIPE_LM,5.243801288955055,29,1.7526899383983574,1.8396988364134157,1.607386086763032,1.0,1.3,1.0258073003734696,1.4,1.6,1.214034855428473,17.857142857142858,17.857142857142858,10.965683655449505,2.585714285714286,3.9746031746031742,2.206770877669654,5.564177350837856,17.38257339502749,5.813228411185657,50,200,56.463089620878804,0.0287804291383412,0.0899104917571099,0.03006863329543719
5,1,35.8910713,128.6032933,143987,SPLY_LS,5.498747908627607,58,1.6576317590691307,1.747542778918549,1.6030860726771379,1.0,1.0,1.0,1.0,1.6,1.0636867074911354,7.471264367816092,17.857142857142858,8.777357969683782,1.547126436781609,3.3000000000000003,1.8270558923375007,4.395524493969576,13.56709127596379,5.615729176492746,13,150,32.89674834244716,0.0227356306688329,0.0701751012703589,0.029047078378949855
6,1,35.8918995,128.6034968,246389,SPLY_LS,4.771798551848591,49,1.648542094455852,1.9878165639972625,1.6609380403952254,1.0,1.0,1.0,1.0,1.6,1.0542565018202799,7.471264367816092,14.22222222222222,8.197879154313767,1.547126436781609,2.5777777777777775,1.6784860194089417,5.6124150381981055,10.042587287638728,4.142988334513432,13,80,22.636774483832834,0.0290299361643277,0.0519447806159469,0.021429400010853937
7,3,35.89056696666667,128.60295126666668,212347,SPLY_LS,5.637814287125581,56,1.7051060917180014,1.7366461327857632,1.6060970718103598,1.0,1.0,1.0,1.0,1.4,1.0205532063410776,7.471264367816092,17.857142857142858,8.454704921288645,1.547126436781609,2.840816326530613,1.6862327905085888,9.289543945694785,13.56709127596379,6.587400658226345,13,100,20.98772351081663,0.0480497015819089,0.0701751012703589,0.03407300053464281
8,1,35.8899291,128.6016472,212339,PIPE_LM,4.549724586415585,44,1.7326488706365502,1.8396988364134157,1.6523827254361632,1.0,1.0,1.0,1.2,1.6,1.0617331258232052,6.666666666666667,17.857142857142858,8.337169984814793,2.1333333333333337,2.585714285714286,1.7877102690090405,5.198572325417898,6.503592268146396,3.8262144872966317,80,80,32.099637689543606,0.0268893554246078,0.0336395058273738,0.01979090312481743
9,1,35.8906833,128.6034433,4787,PIPE_LM,3.736222570247524,61,1.6726899383983571,1.862532511978097,1.6245534353171882,1.0,1.0,1.0,1.2,1.6,1.069184497503654,6.666666666666667,17.857142857142858,8.473509311271352,2.1333333333333337,3.3000000000000003,1.7356910807893438,5.995465734703333,44.320708637351565,8.47947600472487,80,150,26.17645152193029,0.0310112467394662,0.2292466493912691,0.04385966566063908
10,1,35.8934782,128.6041763,211472,SPLY_LS,6.946781621349357,46,1.6401095140314852,1.7526899383983574,1.6325806742997477,1.0,1.0,1.0,1.0,1.6,1.0514444959496865,7.471264367816092,14.285714285714286,7.808010182864174,1.547126436781609,2.466666666666667,1.6759407797231136,2.386724718991373,7.145312427849419,3.6310151973351634,13,100,24.204140981430147,0.0123452142727469,0.0369587712674297,0.018781244557456216
11,2,35.895324,128.6036788,143155,SPLY_LS,5.823973846325402,45,1.6149760438056124,1.760958247775496,1.588233795448631,1.0,1.0,1.0,1.0,1.4,1.0698302748465738,7.471264367816092,20.833333333333332,8.374705266446936,1.547126436781609,4.966666666666667,1.7371356564667835,2.823445147161141,11.180281039269092,3.301299636200675,13,300,27.313072652148588,0.0146041288514336,0.0578294446615674,0.017075807303266136
12,1,35.8887528,128.6024193,178238,SPLY_LS,7.454697082571225,32,1.7093771389459276,2.160793976728268,1.6425540010893454,1.0,1.0,1.0,1.0,1.6,1.1900339617044213,7.471264367816092,15.873015873015872,8.37419500022371,1.547126436781609,3.9746031746031742,1.8121780561087426,3.30739001239499,12.69137420831549,4.659888891549043,13,200,35.3499849481913,0.0171073094696124,0.0656454985238014,0.024103042297092807
13,2,35.897172,128.6035242,324769,PIPE_LM,5.890196878792716,20,1.6326625598904858,1.7438193018480497,1.5975482769411733,1.0,1.0,1.0,1.0,1.0,1.0,8.333333333333334,11.428571428571429,8.106251323885008,2.466666666666667,2.466666666666667,1.8526524408814637,4.639615564243669,4.920394340643395,3.963084728215179,100,100,40.16197608707173,0.0239981795252721,0.0254504937072609,0.02049885760245657
14,2,35.8898124,128.6029721,4789,PIPE_LM,5.543329350060753,66,1.6526488706365503,1.7250924024640657,1.624453960277782,1.0,1.0,1.0,1.2,1.6,1.0893995429617025,9.846153846153848,16.3265306122449,8.205398557787731,2.0307692307692307,2.840816326530613,1.6851219647798825,3.168853961489305,9.405768966380684,5.383991799885862,40,100,22.25348024554799,0.0163907386731053,0.0486508696901557,0.027848428385319587
15,2,35.88985515,128.6014137,245194,SPLY_LS,6.105905239968603,44,1.6573579739904176,1.8396988364134157,1.6434865206187796,1.0,1.3,1.0037493647701903,1.0,1.6,1.084652869834763,7.471264367816092,17.857142857142858,8.878155153642224,1.547126436781609,3.9746031746031742,1.8031606364711634,5.730940451287324,12.69137420831549,4.416947250683959,13,200,29.905928014047152,0.0296430029372611,0.0656454985238014,0.022846438806800196
16,1,35.8947785,128.6051035,3935,SPLY_LS,1.9257229751081257,23,1.615249828884326,1.7526899383983574,1.5588481626681523,1.0,1.0,1.0,1.0,1.6,1.140482097861583,7.471264367816092,20.0,10.367005124372378,1.547126436781609,3.9746031746031742,2.0389746660410317,3.5395949304902565,10.694240619905973,4.281850671785975,13,200,51.742188790867054,0.0183083777982143,0.0553154248944326,0.02214765850727934
17,2,35.8903448,128.603526,48168,PIPE_LM,4.246751345794138,67,1.6926762491444216,1.862532511978097,1.5903312004753993,1.0,1.0,1.0,1.4,1.4,1.0936790893886503,8.333333333333334,17.857142857142858,8.884156885273194,2.466666666666667,2.840816326530613,1.8021267024206047,7.734045304449008,44.320708637351565,7.49636323911384,100,100,30.638309497129264,0.0400039626349972,0.2292466493912691,0.038774564036154334
18,2,35.8958578,128.6049185,38020,SPLY_LS,7.160362741625836,41,1.6375359342915812,1.7726762491444217,1.5715644346127584,1.0,1.0,1.0,1.0,1.4,1.0386616106990114,7.471264367816092,20.0,9.09910388698102,1.547126436781609,3.9746031746031742,1.893585512359685,4.60944602477637,9.37339816098739,4.180881122028407,13,200,38.16134929698374,0.0238421290908545,0.0484834333177992,0.021625398559635783
19,1,35.8899151,128.601287,177107,PIPE_LM,5.224894916006969,46,1.6326625598904858,1.8396988364134157,1.6406301052216168,1.0,1.3,1.0044959529157975,1.4,1.6,1.126217935394398,9.846153846153848,17.857142857142858,9.163511198396224,2.0307692307692307,3.9746031746031742,1.896092346079765,3.2412683814087124,17.38257339502749,4.757898345792892,40,200,36.65447397548985,0.0167652986394174,0.0899104917571099,0.02460999129869639
20,1,35.8912066,128.6040328,73352,SPLY_LS,2.9750483236936103,49,1.2855578370978782,1.7582751540041066,1.5717506761484525,1.0,1.0,1.0,1.0,1.4,1.0298922551194232,9.523809523809524,17.857142857142858,8.851081440390022,1.7523809523809524,3.3000000000000003,1.8544627749169391,2.469581372453203,11.436825879622178,4.224249892988697,20,150,35.17065850740691,0.0127737861699455,0.0591564100210517,0.021849721358989327
21,1,35.8929963,128.6041747,38038,SPLY_LS,8.385984627790894,46,1.6731279945242985,1.7526899383983574,1.625614408091782,1.0,1.0,1.0,1.0,1.6,1.1105008598618296,7.471264367816092,25.3968253968254,8.143649607226719,1.547126436781609,3.9746031746031742,1.7193795859104124,2.0843619646713663,12.482253272236944,3.503927347980218,13,200,26.93619219760617,0.0107812580441644,0.0645638309379819,0.018123889011060233
22,1,35.8948223,128.6031508,106607,PIPE_LM,6.373821021314283,29,1.7526899383983574,1.7526899383983574,1.5343408368088058,1.0,1.0,1.0,1.4,1.4,1.184132068377377,8.333333333333334,20.833333333333332,9.639683769499195,2.466666666666667,4.966666666666667,2.015306475152042,6.678736130809035,11.180281039269092,3.766727945017995,100,300,48.16108873241196,0.0345454286998032,0.0578294446615674,0.01948321195920828
23,1,35.8954748,128.604678,72458,SPLY_LS,6.325206303218988,48,1.6454757015742645,1.7425598904859685,1.5951708773307982,1.0,1.0,1.0,1.0,1.4,1.0451347734349186,8.928571428571429,20.0,8.928596504287851,1.692857142857143,3.3000000000000003,1.8257362935830337,4.754717685188042,6.742653620780288,3.8144491969713132,25,150,33.291143674176126,0.0245935394907508,0.034876038720805,0.019730047748874227
24,1,35.890979,128.6032946,143987,SPLY_LS,6.927565607859949,66,1.6576317590691307,1.747542778918549,1.6056541733526712,1.0,1.0,1.0,1.0,1.6,1.0424723494609671,7.471264367816092,17.857142857142858,8.496822559361751,1.547126436781609,3.3000000000000003,1.7306218409584984,4.395524493969576,18.040642052711146,6.398906870535881,13,150,25.129971594303516,0.0227356306688329,0.0933143189855457,0.03309802584250329
25,2,35.8952327,128.6046783,245452,SPLY_LS,7.989790726363709,49,1.18984257357974,1.760958247775496,1.581507966688508,1.0,1.0,1.0,1.0,1.4,1.0913975743879007,9.523809523809524,20.833333333333332,9.54003365314239,1.7523809523809524,4.966666666666667,1.9711608305741704,2.5330238203988515,11.180281039269092,3.971396306671508,20,300,44.404715450330755,0.013101939059822,0.0578294446615674,0.020541848826442995
26,1,35.8966337,128.6042461,245230,SPLY_LS,6.555749360882078,41,1.657741273100616,1.7726762491444217,1.648828510773363,1.0,1.0,1.0,1.0,1.0,1.0,7.471264367816092,12.5,7.863017031281972,1.547126436781609,2.3625,1.637837774473422,2.0230431209284228,4.543343835532926,2.633684148152108,13,80,19.96641739648983,0.0104640893908462,0.0235002188221022,0.013622599572109336
27,2,35.89027725,128.60406135,4800,SPLY_LS,3.6948961378843603,57,1.515811088295688,1.862532511978097,1.5946394917356375,1.0,1.0,1.0,1.0,1.6,1.1135900812971942,7.471264367816092,17.857142857142858,8.62350609102914,1.547126436781609,3.9746031746031742,1.7226823218583949,5.161000428812136,44.320708637351565,5.915491529869489,13,200,23.839412575463122,0.0266950166680093,0.2292466493912691,0.030597584163673395
28,1,35.8941678,128.6048861,3933,SPLY_LS,5.997074593048818,47,1.622861054072553,1.7526899383983574,1.6105174434425809,1.0,1.0,1.0,1.0,1.6,1.0125613457119216,7.471264367816092,20.0,8.228186363323752,1.547126436781609,3.3000000000000003,1.65826742233231,3.979182113932101,7.415815044904918,3.202438250962473,13,150,21.636904960192645,0.020582120525208,0.0383579325290184,0.016564451731190796
29,1,35.8958428,128.6037225,38009,SPLY_LS,7.151126052600448,53,1.688788501026694,1.7526899383983574,1.60146326666077,1.0,1.0,1.0,1.0,1.4,1.0147887818977757,7.471264367816092,15.873015873015872,8.475841853877451,1.547126436781609,3.9746031746031742,1.7375358054215593,4.417613073596565,9.37339816098739,3.3710950268944573,13,200,26.82422250626803,0.0228498827425245,0.0484834333177992,0.017436820471860195
30,1,35.8948437,128.6038297,106607,PIPE_LM,3.6087770252907525,38,1.7526899383983574,1.760958247775496,1.644298454490579,1.0,1.0,1.0,1.4,1.6,1.1877402000287145,8.333333333333334,20.833333333333332,8.986395999393718,2.466666666666667,4.966666666666667,1.9819384349226141,6.678736130809035,11.180281039269092,3.8976921717756574,100,300,49.03759904512242,0.0345454286998032,0.0578294446615674,0.020160617873900943
31,1,35.8903724,128.6026803,212350,SPLY_LS,3.6700252173478445,47,1.5474606433949352,1.7366461327857632,1.626045778441053,1.0,1.0,1.0,1.0,1.4,1.0428325624937962,7.471264367816092,17.857142857142858,8.29002638841708,1.547126436781609,2.840816326530613,1.7249314526832502,4.741615498529746,10.722337949692731,4.748994757382522,13,100,25.648003011335067,0.0245257690853701,0.0554607569278881,0.024563937932823188
32,3,35.8940868,128.6042889,106591,SPLY_LS,6.070892210299506,40,1.671649555099247,1.7526899383983574,1.6771829605983377,1.0,1.0,1.0,1.0,1.6,1.013758286785691,7.471264367816092,9.523809523809524,7.62644394026863,1.547126436781609,2.466666666666667,1.61791801271576,2.25748597500695,7.145312427849419,2.9892766930846233,13,100,19.64625325549932,0.0116767333314246,0.0369587712674297,0.015461884231145504
33,1,35.8938755,128.6048677,177356,SPLY_LS,5.752353895985947,47,1.1613141683778234,1.7526899383983574,1.5628920487093496,1.0,1.0,1.0,1.0,1.6,1.0338640313047203,8.928571428571429,20.0,8.3597259163334,1.692857142857143,3.3000000000000003,1.7022988851127971,2.749997473805887,7.415815044904918,3.194012369208205,25,150,25.79073607117577,0.0142242244333872,0.0383579325290184,0.01652086927911093
34,1,35.8921406,128.6034955,38913,SPLY_LS,4.809404724134049,46,1.6628884325804243,1.750171115674196,1.640160069147317,1.0,1.0,1.0,1.0,1.6,1.1334357313828383,8.928571428571429,20.0,8.824944695495585,1.692857142857143,3.3000000000000003,1.7965731083753684,3.762495078485829,10.837046917320585,4.642293997217267,25,150,32.79365003342523,0.019461317668714,0.0560540833274948,0.024012033585906405
35,1,35.8947789,128.6033482,106603,SPLY_LS,6.5454125223678306,31,1.2578507871321012,1.7526899383983574,1.5294196975643823,1.0,1.0,1.0,1.0,1.4,1.1543647945006563,9.523809523809524,20.833333333333332,9.586701771723627,1.7523809523809524,4.966666666666667,1.9449890993455707,2.392370808313286,11.180281039269092,3.4501038452656174,20,300,41.01718629623129,0.01237441838746,0.0578294446615674,0.01784548963444409
36,2,35.8924255,128.6048535,4828,SPLY_LS,3.411209979538882,32,1.681615331964408,1.7526899383983574,1.542105166858235,1.0,1.0,1.0,1.6,1.6,1.4280510162580002,8.928571428571429,25.3968253968254,9.52328331543862,1.692857142857143,3.9746031746031742,1.9998309712318667,4.869544371840548,16.32730907103399,4.882082223917998,25,200,51.53733093625967,0.0251874747861266,0.0844521898044697,0.02525232619910461
37,1,35.8950531,128.6048475,3958,PIPE_LM,8.46698508059092,38,1.6126762491444215,1.7526899383983574,1.5703659314036873,1.0,1.0,1.0,1.4,1.6,1.1257715309783363,16.3265306122449,20.833333333333332,10.325880891093943,2.840816326530613,4.966666666666667,2.110617325091861,4.340139081146613,11.180281039269092,4.1636267933420505,100,300,55.68599173297711,0.0224491523902767,0.0578294446615674,0.02153615140722204
38,1,35.8901454,128.6032536,48168,PIPE_LM,5.797336802966337,62,1.6926762491444216,1.7366461327857632,1.5892235268365758,1.0,1.0,1.0,1.4,1.4,1.0782523872077479,8.333333333333334,17.857142857142858,8.66684067623895,2.466666666666667,2.840816326530613,1.7684653358388742,7.734045304449008,13.740405465818878,5.387872547698981,100,100,28.320234305525453,0.0400039626349972,0.0710715602516748,0.02786850135934554
39,1,35.8912155,128.6042629,246398,SPLY_LS,8.52475035599395,49,1.3081724845995892,1.7582751540041066,1.5428332841411103,1.0,1.0,1.0,1.0,1.4,1.0412633595738745,14.285714285714286,17.857142857142858,9.451263617305115,2.2285714285714286,3.3000000000000003,1.9185277709896622,4.771519794195564,11.436825879622178,4.157053669024584,40,150,38.23001421747553,0.0246804475594868,0.0591564100210517,0.021502152250346167
40,1,35.8905587,128.6027877,212348,SPLY_LS,7.594872928254892,44,1.6212731006160164,1.7366461327857632,1.617344870738775,1.0,1.0,1.0,1.0,1.2,1.0140868161119498,7.471264367816092,17.857142857142858,8.062196841917517,1.547126436781609,2.585714285714286,1.665250473372018,4.248121918934251,11.235439915270032,5.355259962342576,13,100,21.219316040466076,0.0219731982195914,0.0581147511897384,0.02769981439221879
41,2,35.8921334,128.6036122,107449,SPLY_LS,8.416872758581539,49,1.7346201232032854,1.74694045174538,1.620936064516379,1.0,1.0,1.0,1.0,1.6,1.108947469887084,7.471264367816092,20.0,8.57311904935537,1.547126436781609,3.3000000000000003,1.7755310621692246,2.958577870516867,10.837046917320585,4.358420019354555,13,150,32.07860633965416,0.0153030961063549,0.0560540833274948,0.02254370962911042
42,2,35.8902334,128.60391405000001,38889,SPLY_LS,4.628575281294,58,1.5129637234770703,1.862532511978097,1.5961035511097859,1.0,1.0,1.0,1.0,1.6,1.105120863800879,7.471264367816092,17.857142857142858,8.369727529898203,1.547126436781609,3.9746031746031742,1.697991617123556,8.24165666916451,44.320708637351565,6.625837537825773,13,200,23.2837660652238,0.0426295570384199,0.2292466493912691,0.03427181337252684
43,1,35.8892791,128.6026847,178202,SPLY_LS,3.4172225907246534,45,1.6339219712525668,1.765722108145106,1.6097386086768841,1.0,1.0,1.0,1.0,1.6,1.0972124292441012,7.471264367816092,15.873015873015872,8.242389251629177,1.547126436781609,3.9746031746031742,1.6899304477709876,4.941307228657365,12.69137420831549,4.893174955224901,13,200,23.065998990268,0.0255586645748687,0.0656454985238014,0.02530970279715299
44,1,35.8906001,128.6050173,439264,PIPE_LM,6.381055326430383,25,1.6126762491444215,1.7526899383983574,1.6368801647652138,1.0,1.0,1.0,1.6,1.6,1.1811022957357882,15.873015873015872,20.0,10.13937230129034,3.9746031746031742,3.9746031746031742,2.1033173127403786,12.69137420831549,12.69137420831549,4.403139768221148,200,200,54.64171842904342,0.0656454985238014,0.0656454985238014,0.02277502029413543
45,2,35.89030775,128.60371045,212354,SPLY_LS,5.35885292789294,61,1.6529774127310062,1.862532511978097,1.5997753209384513,1.0,1.0,1.0,1.0,1.6,1.0834040129044047,7.471264367816092,17.857142857142858,8.48012798939093,1.547126436781609,2.840816326530613,1.700648113362991,9.004023926559663,44.320708637351565,7.359673021911584,13,100,23.039434810645265,0.0465728635589335,0.2292466493912691,0.03806754072218653
46,1,35.8943564,128.6046949,3941,SPLY_LS,4.773447037054794,45,1.6567556468172486,1.7526899383983574,1.6531636961771448,1.0,1.0,1.0,1.0,1.6,1.0080325060185735,7.471264367816092,20.0,7.80385403405798,1.547126436781609,3.3000000000000003,1.644342587680507,1.9111982159492704,7.415815044904918,2.97264799150006,13,150,21.886303282530196,0.0098855772120868,0.0383579325290184,0.015375873103634457
47,1,35.888788,128.6021374,144001,SPLY_LS,3.9490427558616434,33,1.7237234770704997,2.160793976728268,1.676997800133896,1.0,1.0,1.0,1.0,1.6,1.1075118784803597,7.471264367816092,20.0,8.343163949324829,1.547126436781609,3.9746031746031742,1.75671887360818,5.233126785718812,12.69137420831549,4.292232801333571,13,200,30.128335072515306,0.0270680866427912,0.0656454985238014,0.022201359553257766
48,1,35.8935898,128.6044517,143182,PIPE_LM,4.483267994110968,52,1.7526899383983574,1.7526899383983574,1.627377784619722,1.0,1.0,1.0,1.6,1.6,1.081055255252649,6.666666666666667,14.285714285714286,7.785515916470037,2.1333333333333337,2.466666666666667,1.7306624024196449,6.6693469879793446,7.145312427849419,3.7460477387185684,80,100,30.376362268858774,0.0344968638279737,0.0369587712674297,0.0193762446261348
49,1,35.8899469,128.6035962,246360,SPLY_LS,6.823916804633943,49,1.2049555099247091,1.736536618754278,1.5671790347316996,1.0,1.0,1.0,1.0,1.6,1.1028712228319688,9.523809523809524,17.857142857142858,8.589727640762058,1.7523809523809524,3.9746031746031742,1.746065218635817,3.9677430735304102,12.69137420831549,4.975680664013793,20,200,26.052522036076756,0.0205229526606823,0.0656454985238014,0.025736459450578095
50,4,35.8905443,128.6033174,3686,SPLY_LS,3.6998837359629415,62,1.7244900752908967,1.862532511978097,1.6055220164131419,1.0,1.0,1.0,1.0,1.4,1.0535052039056778,7.471264367816092,17.857142857142858,8.646416480937823,1.547126436781609,2.840816326530613,1.7265425745321221,11.965419023345127,44.320708637351565,8.499972917490547,13,100,24.2869751384535,0.0618905316273015,0.2292466493912691,0.04396568491707394
51,1,35.8919494,128.6032447,142915,PIPE_LM,4.656914999506761,35,1.6726899383983571,1.9878165639972625,1.6731467818000585,1.0,1.0,1.0,1.0,1.6,1.0838170065686774,8.928571428571429,14.22222222222222,8.143019002270465,1.692857142857143,2.5777777777777775,1.688935214869643,3.0216943897750936,10.042587287638728,4.4934285324995935,25,80,24.604778714036854,0.0156295631463921,0.0519447806159469,0.023242034412927468
52,2,35.88993655,128.60264080000002,38874,SPLY_LS,4.407177054563697,59,1.7219712525667352,1.7366461327857632,1.653891934631058,1.0,1.0,1.0,1.2,1.4,1.1124708392163456,7.471264367816092,16.3265306122449,8.296403926312584,1.547126436781609,2.840816326530613,1.7071015547722186,7.408571640039762,9.405768966380684,5.82506408081265,13,100,24.531664457875543,0.0383204663795236,0.0486508696901557,0.030129852704799356
53,1,35.8922664,128.6035592,107448,SPLY_LS,8.596889272820608,44,1.6862149212867898,1.74694045174538,1.598948244837728,1.0,1.0,1.0,1.0,1.6,1.1913738045505373,9.523809523809524,25.3968253968254,9.35041288922979,1.7523809523809524,3.9746031746031742,1.9383922091274244,4.447080706902542,10.837046917320585,4.884452148811797,20,200,45.40495444583469,0.023002302602418,0.0560540833274948,0.02526458451712153
54,1,35.8909028,128.6040928,178215,PIPE_LM,6.030291907990004,50,1.6126762491444215,1.747542778918549,1.5690380624262,1.0,1.0,1.0,1.4,1.4,1.1233809666495989,16.3265306122449,17.857142857142858,9.307796118371169,2.840816326530613,3.3000000000000003,1.8867543799970978,5.1272716507466125,11.436825879622178,4.802120258658473,100,150,36.50525393570629,0.0265205562499043,0.0591564100210517,0.02483872693189797
55,3,35.89185536666667,128.60505253333332,107415,SPLY_LS,4.722843410721186,23,1.6576317590691307,1.7345106091718003,1.5719890482987053,1.0,1.0,1.0,1.0,1.6,1.0605192929192127,7.471264367816092,20.0,9.502147204583023,1.547126436781609,3.3000000000000003,1.8121257397170853,5.091211711707367,7.3152476107087345,3.8758480210468926,13,150,32.406823807928255,0.0263340380182207,0.0378377525040104,0.02004763009646396
56,1,35.8935864,128.6046368,211477,PIPE_LM,4.828993044710991,54,1.6326625598904858,1.7526899383983574,1.63632406802164,1.0,1.0,1.0,1.6,1.6,1.0822531630769696,6.666666666666667,20.0,7.6993607641907245,2.1333333333333337,3.3000000000000003,1.740202830080812,6.294781748592877,7.415815044904918,3.62865927803928,80,150,32.53739876519386,0.0325594438555092,0.0383579325290184,0.018769058682694226
57,1,35.8958679,128.6034297,406871,SPLY_LS,5.930343633449934,53,1.6867624914442163,1.7526899383983574,1.577122480090547,1.0,1.0,1.0,1.0,1.2,1.022399243540876,7.471264367816092,15.873015873015872,8.801388989833624,1.547126436781609,3.9746031746031742,1.8654045149155978,3.3001492612506995,9.37339816098739,3.654601411901463,13,200,37.245899181309504,0.0170698570463561,0.0484834333177992,0.01890324307298967
58,1,35.8927626,128.6040563,3955,SPLY_LS,4.085416386885011,42,1.6593292265571526,1.7526899383983574,1.5793004068705054,1.0,1.0,1.0,1.0,1.6,1.2572325236785036,9.523809523809524,25.3968253968254,9.218174965802996,1.7523809523809524,3.9746031746031742,2.0013723496720264,3.8060613620530166,12.482253272236944,4.534997823377589,20,200,50.69704669477069,0.0196866620921511,0.0645638309379819,0.02345704949152936
59,1,35.8959559,128.6044328,72486,PIPE_LM,5.919299172782952,52,1.6326625598904858,1.7726762491444217,1.6278679398101255,1.0,1.0,1.0,1.2,1.4,1.0521149997735837,15.873015873015872,16.3265306122449,8.789603773633253,3.9746031746031742,3.9746031746031742,1.9321691835428012,9.37339816098739,9.37339816098739,4.138087880549751,200,200,44.1379017833529,0.0484834333177992,0.0484834333177992,0.021404052657749497
60,1,35.89267,128.6042972,211469,SPLY_LS,7.0217188609512124,44,1.5867214236824094,1.7526899383983574,1.5606653761309945,1.0,1.0,1.0,1.6,1.6,1.3135113294613894,7.471264367816092,25.3968253968254,8.789450264437038,1.547126436781609,3.9746031746031742,1.9433522602114823,3.7302283968969783,12.482253272236944,4.274350087962348,13,200,48.285906317536515,0.0192944198715297,0.0645638309379819,0.022108862112480792
61,1,35.8917172,128.6032125,178247,SPLY_LS,11.272157699531196,49,1.738507871321013,1.9878165639972625,1.65389012389486,1.0,1.0,1.0,1.0,1.6,1.0770545273066432,7.471264367816092,14.22222222222222,8.06052450076462,1.547126436781609,3.3000000000000003,1.700036819546879,3.551043066479306,10.484975103170148,4.292207470769606,13,150,25.142606256500507,0.0183675927092108,0.0542330094723924,0.022201228532182187
62,1,35.8896873,128.6025124,48168,PIPE_LM,3.0578932446560456,63,1.6926762491444216,1.7326488706365502,1.6544040497982464,1.0,1.0,1.0,1.4,1.4,1.1309268275559001,8.333333333333334,16.3265306122449,8.19479975754317,2.466666666666667,2.840816326530613,1.7407221750000885,7.734045304449008,9.405768966380684,5.692999083885907,100,100,28.88370728889028,0.0400039626349972,0.0486508696901557,0.029446753111445588
63,2,35.8896752,128.6029024,107437,SPLY_LS,9.346293724272924,68,1.634360027378508,1.7250924024640657,1.627363310102247,1.0,1.0,1.0,1.0,1.6,1.1105475248355345,7.471264367816092,16.3265306122449,8.162835570457062,1.547126436781609,3.9746031746031742,1.6855225392094684,5.249210029588316,12.69137420831549,5.522456392581635,13,200,22.93389161709901,0.027151276417544,0.0656454985238014,0.028564629567808832
64,2,35.895536,128.60483725,38022,SPLY_LS,9.820887056000977,43,1.6271868583162217,1.7425598904859685,1.5720463890016971,1.0,1.0,1.0,1.0,1.4,1.0266076760769198,7.471264367816092,20.0,8.740300233120514,1.547126436781609,3.3000000000000003,1.7721003619483835,4.590118080421792,6.742653620780288,3.883487139861162,13,150,28.686363750793767,0.0237421562650777,0.034876038720805,0.02008714305657481
65,1,35.8915586,128.6029318,178244,SPLY_LS,4.887208627071667,48,1.757782340862423,1.9878165639972625,1.6595737543103684,1.0,1.0,1.0,1.0,1.6,1.1261388020088443,7.471264367816092,14.22222222222222,8.132759013088874,1.547126436781609,3.3000000000000003,1.8082523013889071,4.787635793148594,10.484975103170148,4.500274394862346,13,150,34.6983479092871,0.0247638067582714,0.0542330094723924,0.023277444293705707
66,1,35.8902302,128.6035788,246362,SPLY_LS,3.957317009927155,65,1.5475701574264202,1.862532511978097,1.5688320290555433,1.0,1.0,1.0,1.0,1.6,1.0627745381603955,7.471264367816092,17.857142857142858,8.582357686271106,1.547126436781609,2.840816326530613,1.7189319788951893,7.149036030163712,44.320708637351565,6.4699437987655095,13,100,23.831232800210287,0.0369780314142203,0.2292466493912691,0.03346546080192459
67,1,35.8901375,128.6034434,106340,PIPE_LM,2.010441323403995,56,1.712662559890486,1.7366461327857632,1.570322399543502,1.0,1.0,1.0,1.0,1.6,1.0553517370036662,9.523809523809524,17.857142857142858,8.674822818714457,1.7523809523809524,2.840816326530613,1.7249298369638777,3.887825976838121,14.603259347254806,5.351449704409048,20,100,23.866008649372173,0.0201095854738963,0.0755346288107081,0.027680106023570534
68,1,35.8912052,128.6036036,246392,SPLY_LS,7.394893483219724,51,1.6375359342915812,1.7582751540041066,1.6089084937243723,1.0,1.0,1.0,1.0,1.6,1.0472871676636388,7.471264367816092,17.857142857142858,8.732661886973174,1.547126436781609,3.3000000000000003,1.8107974732643077,3.902294198657991,12.393554671200482,4.5752263945351626,13,150,31.33320965805385,0.0201844216278485,0.0641050418590509,0.02366512976441337
69,1,35.8948172,128.6029839,106607,PIPE_LM,7.035497135092177,25,1.7526899383983574,1.7526899383983574,1.5806949512171378,1.0,1.0,1.0,1.4,1.4,1.2572050133618093,8.333333333333334,20.833333333333332,9.224060824125766,2.466666666666667,4.966666666666667,2.059569196764011,6.678736130809035,11.180281039269092,4.338351444738173,100,300,56.14050075483855,0.0345454286998032,0.0578294446615674,0.02243990593033592
70,1,35.8901949,128.6037756,4796,SPLY_LS,2.790633749202633,57,1.6468993839835728,1.862532511978097,1.5968447580989247,1.0,1.0,1.0,1.0,1.6,1.083186767168982,7.471264367816092,17.857142857142858,8.367711670988921,1.547126436781609,3.9746031746031742,1.695145744457532,8.972597673205806,44.320708637351565,6.765592744217224,13,200,22.95108027773982,0.0464103128347733,0.2292466493912691,0.03499469018982634
71,1,35.8921385,128.6031806,178208,SPLY_LS,12.672344107487646,29,1.6271868583162217,1.9878165639972625,1.6872585500307424,1.0,1.0,1.0,1.0,1.6,1.1425408942435273,8.928571428571429,14.22222222222222,8.2131403924803,1.692857142857143,2.5777777777777775,1.7443537551063069,5.507593525434799,10.042587287638728,5.045323457821989,25,80,30.045772393196742,0.0284877521306352,0.0519447806159469,0.026096683319411295
72,1,35.8961666,128.6033412,143146,SPLY_LS,4.851526595321443,45,1.6642026009582478,1.7726762491444217,1.6305516277255452,1.0,1.0,1.0,1.0,1.2,1.007868421594282,7.471264367816092,15.873015873015872,8.06434117403707,1.547126436781609,3.9746031746031742,1.6685824661501254,3.1249887075314624,9.37339816098739,3.0932741578039193,13,200,22.34935050708839,0.0161638478402711,0.0484834333177992,0.015999805917532837
73,3,35.88932763333333,128.6025250666667,246372,SPLY_LS,5.127299387863334,54,1.6339219712525668,1.8126488706365504,1.611759128524652,1.0,1.0,1.0,1.0,1.6,1.093112129642277,7.471264367816092,16.3265306122449,8.171252207033804,1.547126436781609,3.9746031746031742,1.68237667960281,4.617959936344495,12.69137420831549,4.80959647880929,13,200,23.221109167852642,0.023886166872745,0.0656454985238014,0.02487739730681707
74,1,35.8922573,128.6037306,73350,SPLY_LS,2.4099028639865434,47,1.6079671457905544,1.74694045174538,1.585819424119252,1.0,1.0,1.0,1.0,1.6,1.1454356006703692,7.471264367816092,25.3968253968254,9.02267186008117,1.547126436781609,3.9746031746031742,1.8900893527089502,2.086104132551441,12.482253272236944,4.3868740631532885,13,200,41.76703020413696,0.0107902693204157,0.0645638309379819,0.022690886747957186
75,2,35.8972954,128.6046739,324769,PIPE_LM,5.159396803091697,22,1.6326625598904858,1.7526899383983574,1.6097254573476099,1.0,1.0,1.0,1.0,1.0,1.0,8.333333333333334,12.5,8.448630315618304,2.466666666666667,3.3000000000000003,2.025086537291615,4.639615564243669,6.974590599096509,3.7655323308231172,100,150,53.714855525827396,0.0239981795252721,0.0360757211442967,0.019477027704565976
76,1,35.8961586,128.6031679,3921,SPLY_LS,5.663034599944632,40,1.6642026009582478,1.7526899383983574,1.6173229347842657,1.0,1.0,1.0,1.0,1.2,1.0079322532743156,7.471264367816092,15.873015873015872,8.121052823410999,1.547126436781609,3.9746031746031742,1.6775688295689652,3.0235357596606547,9.37339816098739,3.014943080755057,13,200,22.778997488221812,0.0156390875400567,0.0484834333177992,0.015594642338051449
77,1,35.8913032,128.603715,4822,SPLY_LS,7.786725069269138,52,1.705927446954141,1.7582751540041066,1.6181201981832642,1.0,1.0,1.0,1.0,1.6,1.0296022963024871,7.471264367816092,17.857142857142858,8.450376984087656,1.547126436781609,3.3000000000000003,1.7473818170189421,2.4065538775147717,6.959842449832864,4.1144950504288325,13,150,26.949723842805042,0.0124477796037512,0.035999437079638,0.02128201992359056
78,1,35.8961129,128.6042063,72446,SPLY_LS,4.668269784164309,50,1.6424640657084189,1.7726762491444217,1.6412304247936729,1.0,1.0,1.0,1.0,1.4,1.028049935494897,7.471264367816092,16.3265306122449,8.369004650039432,1.547126436781609,3.9746031746031742,1.7792995285032933,3.793784172959136,9.37339816098739,3.7093315684733468,13,200,31.22084606918561,0.0196231589454224,0.0484834333177992,0.019186332071349912
79,1,35.8940716,128.6047604,143170,SPLY_LS,7.875931440303188,49,1.586776180698152,1.7526899383983574,1.6192792367888145,1.0,1.0,1.0,1.0,1.6,1.0182528734695662,7.471264367816092,20.0,8.001316378698194,1.547126436781609,3.3000000000000003,1.659027814848314,2.420914666137049,7.415815044904918,3.2807593695690067,13,150,22.849820463153733,0.0125220600648605,0.0383579325290184,0.016969563801127165
80,1,35.893004,128.6040576,3953,SPLY_LS,6.509027037298501,41,1.7256399726214922,1.7526899383983574,1.6281581694619207,1.0,1.0,1.0,1.0,1.6,1.1258537286490715,7.471264367816092,25.3968253968254,8.2071696928041,1.547126436781609,3.9746031746031742,1.7636255178691902,3.055155599959475,12.482253272236944,3.752177526243755,13,200,30.962381278486706,0.0158026395830103,0.0645638309379819,0.019407950645619468
81,1,35.891653,128.6026597,178242,SPLY_LS,9.545214268511026,23,1.6133333333333333,1.9878165639972625,1.6614759664482621,1.0,1.0,1.0,1.2,1.6,1.155852998693022,9.523809523809524,12.5,8.247009922970136,1.7523809523809524,3.3000000000000003,1.825693735118778,3.074557462549585,10.484975103170148,4.592729325810995,20,150,35.7375874798002,0.0159029947471646,0.0542330094723924,0.02375566280129104
82,1,35.897163,128.6040123,3909,SPLY_LS,7.570854022008883,35,1.7250376454483232,1.7438193018480497,1.6527067343836854,1.0,1.0,1.0,1.0,1.0,1.0,7.471264367816092,11.428571428571429,7.93054804128249,1.547126436781609,2.466666666666667,1.6767321957359194,3.7671445304337783,4.920394340643395,3.2304185423079765,13,100,22.964939352076374,0.0194853667264422,0.0254504937072609,0.01670917838916085
83,1,35.8965494,128.6049679,38000,SPLY_LS,4.61934141839403,40,1.7469952087611225,1.7726762491444217,1.6043216715159319,1.0,1.0,1.0,1.0,1.4,1.0164340059549202,7.471264367816092,20.0,8.602227488312746,1.547126436781609,3.3000000000000003,1.7501069683057395,2.970943668565308,8.118412007315195,3.3167053334449794,13,150,26.38422666585331,0.0153670575784706,0.0419920801872374,0.01715549250197744
84,1,35.8917564,128.6040532,107456,SPLY_LS,6.602169229352243,38,1.635619438740589,1.7582751540041066,1.6333005924742294,1.0,1.0,1.0,1.0,1.0,1.0,7.471264367816092,14.285714285714286,8.104369114557594,1.547126436781609,2.2285714285714286,1.7158112033526347,2.2272010693959565,4.803170645047644,2.9967834329958807,13,80,27.56960699033979,0.0115200861713971,0.0248441600029766,0.015500712467999497
85,1,35.8964003,128.6048753,177338,SPLY_LS,5.68285643215315,41,1.6961806981519507,1.7726762491444217,1.6250036807446708,1.0,1.0,1.0,1.0,1.4,1.0121538508944632,7.471264367816092,20.0,8.469453903192996,1.547126436781609,3.9746031746031742,1.7416175454546294,2.7322826717053883,9.37339816098739,3.369937802821994,13,200,26.054363982551443,0.0141325955052625,0.0484834333177992,0.017430834788206576
86,1,35.8964629,128.6030102,324779,PIPE_LM,4.595515499068478,20,1.3818206707734428,1.7326488706365502,1.620556337134219,1.0,1.0,1.0,1.0,1.2,1.0225359055467307,8.333333333333334,8.928571428571429,7.824911818145306,2.466666666666667,2.466666666666667,1.8216713283896662,5.513319385215606,5.61980412402464,3.4625524036470123,100,100,38.845059312469964,0.0285173688540584,0.0290681558413112,0.017909879180243934
87,1,35.8913034,128.6038482,178251,SPLY_LS,4.918041700604356,45,1.7467214236824091,1.7582751540041066,1.6277264198269246,1.0,1.0,1.0,1.0,1.6,1.0202986055907903,7.471264367816092,17.857142857142858,8.342263392987201,1.547126436781609,3.3000000000000003,1.7648105188411294,4.803170645047644,6.578339711581055,4.057857452265441,13,150,29.466560022523772,0.0248441600029766,0.0340261332411674,0.020989064778970327
88,1,35.8963696,128.6051019,177339,SPLY_LS,3.9957762263072345,32,1.1470773442847364,1.7526899383983574,1.5318092575131894,1.0,1.0,1.0,1.0,1.4,1.043333634375522,8.928571428571429,20.0,9.404235384090974,1.692857142857143,3.9746031746031742,1.8465492206539253,3.575974272359531,9.37339816098739,3.7615511210014287,25,200,34.66422731915523,0.018496548125066,0.0484834333177992,0.01945643509582379
89,1,35.8900323,128.6015069,4784,SPLY_LS,4.152958585665703,45,1.5938398357289527,1.8396988364134157,1.6462525517537807,1.0,1.0,1.0,1.0,1.6,1.0899049956540652,9.846153846153848,14.22222222222222,8.76867459677211,2.0307692307692307,3.3000000000000003,1.84980795883801,4.415015503977646,9.114247129667458,3.8338966199193973,40,150,35.04727920937967,0.0228364469435491,0.0471429875658484,0.019830638571702048
90,1,35.8954407,128.6032973,245448,SPLY_LS,5.645170979604507,39,1.66403832991102,1.760684462696783,1.568285749324218,1.0,1.0,1.0,1.0,1.4,1.048974585026413,7.471264367816092,15.873015873015872,8.335918994389303,1.547126436781609,3.9746031746031742,1.8326427371214293,2.927061933210501,9.37339816098739,3.402769638204251,13,200,37.18376083219248,0.0151400814964346,0.0484834333177992,0.017600655815129523
91,1,35.8901195,128.603841,178224,SPLY_LS,5.641143739010636,54,1.6271868583162217,1.736536618754278,1.5868541459063663,1.0,1.0,1.0,1.0,1.6,1.1065142832043608,7.471264367816092,17.857142857142858,8.388914876915557,1.547126436781609,3.9746031746031742,1.7075692594258916,6.778420528174008,14.603259347254806,5.989667928398463,13,200,24.109559259370172,0.0350610412609536,0.0755346288107081,0.03098125787624459
92,1,35.889404,128.603045,212361,SPLY_LS,9.31538217820211,39,1.635893223819302,1.724709103353867,1.6064281318664613,1.0,1.0,1.0,1.6,1.6,1.2338809428483157,7.471264367816092,15.873015873015872,8.411675582524156,1.547126436781609,3.9746031746031742,1.7449534716012607,3.6247897347087705,12.69137420831549,5.0538072526643285,13,200,27.50609172050642,0.0187490436632943,0.0656454985238014,0.026140565324043564
93,2,35.8907982,128.6036585,73321,SPLY_LS,11.932318144183869,60,1.7261875427789186,1.862532511978097,1.6268122053326053,1.0,1.0,1.0,1.2,1.6,1.0983771365035573,7.471264367816092,17.857142857142858,8.60854287531227,1.547126436781609,3.3000000000000003,1.749711246127873,3.5256310236215107,44.320708637351565,7.810745890891881,13,150,26.568575797225506,0.018236150188131,0.2292466493912691,0.040400692583343695
94,2,35.897032249999995,128.6038321,106558,SPLY_LS,5.3405339459748395,35,1.7356605065023958,1.7438193018480497,1.6313812144340563,1.0,1.0,1.0,1.0,1.0,1.0,7.471264367816092,11.428571428571429,7.947439102016255,1.547126436781609,2.466666666666667,1.6926391941739218,4.0739184106042785,4.920394340643395,3.3033184837046274,13,100,24.78412257122289,0.0210721392829301,0.0254504937072609,0.017086249691037954
95,1,35.8961235,128.6038212,143144,SPLY_LS,7.594391350688745,44,1.6565913757700206,1.7726762491444217,1.6193760946307856,1.0,1.0,1.0,1.0,1.2,1.0194834328682725,7.471264367816092,15.873015873015872,8.431357633141943,1.547126436781609,3.9746031746031742,1.76713456184303,3.1565391384506603,9.37339816098739,3.3921072201802955,13,200,30.02397372609235,0.0163270408666791,0.0484834333177992,0.017545504991021532
96,1,35.8954636,128.6044445,211478,PIPE_LM,4.7249702956471324,51,1.6726899383983571,1.760958247775496,1.608425260628313,1.0,1.0,1.0,1.0,1.4,1.0466155626392635,6.666666666666667,16.3265306122449,8.476303998042642,2.1333333333333337,2.840816326530613,1.8172174530163627,4.0592215170813075,6.742653620780288,3.5481797813858855,80,100,34.91216923823148,0.0209961203360272,0.034876038720805,0.018352782510229378
97,1,35.8901372,128.6023267,212340,PIPE_LM,9.619439808976377,42,1.6926762491444216,1.7366461327857632,1.65016022710412,1.0,1.0,1.0,1.2,1.4,1.0664498495101271,9.846153846153848,16.3265306122449,8.214182207446285,2.0307692307692307,2.840816326530613,1.6960748139887474,3.1057521963315065,9.356712345911442,4.705488966614423,40,100,23.04084726875717,0.0160643479479149,0.0483971267736096,0.024338906405364718
98,1,35.8911814,128.6047287,212380,SPLY_LS,5.74767330954938,40,1.13678302532512,1.756249144421629,1.5239773461948152,1.0,1.0,1.0,1.0,1.6,1.0294463115751458,9.523809523809524,20.0,9.625284184952058,1.7523809523809524,3.3000000000000003,1.9595977988432347,2.244367909145432,11.436825879622178,3.3406445631952315,20,150,41.97441813166574,0.0116088807916592,0.0591564100210517,0.017279316970899142
99,1,35.8952046,128.6036947,162065,SPLY_LS,5.6220611131125215,48,1.760684462696783,1.760958247775496,1.5981770343493265,1.0,1.0,1.0,1.0,1.6,1.0992837885736477,7.471264367816092,20.833333333333332,8.503565502898942,1.547126436781609,4.966666666666667,1.762729949146137,2.6035398439973956,11.180281039269092,3.297249775984576,13,300,29.51110166680547,0.0134666796660843,0.0578294446615674,0.01705485960379137
100,1,35.8897958,128.6022121,212338,PIPE_LM,5.5402266455760625,45,1.6526488706365503,1.7326488706365502,1.638543541294306,1.0,1.0,1.0,1.0,1.4,1.0828462421954625,8.928571428571429,16.3265306122449,8.012207321806622,1.692857142857143,2.840816326530613,1.6622865605731356,2.263040029264196,9.356712345911442,4.348854429881874,25,100,22.02893079188145,0.0117054613993675,0.0483971267736096,0.022494232095842434
101,1,35.8929896,128.6046873,469696,SPLY_LS,10.545141531529493,43,1.0868446269678302,1.7526899383983574,1.6143788897471063,1.0,1.0,1.0,1.0,1.6,1.115742996996014,8.928571428571429,25.3968253968254,8.098964789431008,1.692857142857143,3.9746031746031742,1.6826618637443846,1.939333114631907,9.041964545819942,3.1555138110714562,25,200,24.687718357067325,0.0100311035687778,0.0467691095150263,0.01632173741207651
102,1,35.8902971,128.6031375,212346,SPLY_LS,6.235601681147281,65,1.6874743326488706,1.7366461327857632,1.6054838065812624,1.0,1.0,1.0,1.2,1.4,1.079662407002825,8.928571428571429,17.857142857142858,8.906854377917883,1.692857142857143,2.840816326530613,1.7767540805737414,7.0359468193698405,14.603259347254806,5.906181477805601,25,100,27.940049813559302,0.0363930831258495,0.0755346288107081,0.030549428384875534
103,1,35.8912521,128.6046144,4826,SPLY_LS,4.1561756232205465,43,1.0655989048596852,1.756249144421629,1.5005984313538179,1.0,1.0,1.0,1.0,1.6,1.027851746486993,8.928571428571429,20.0,9.306864425177732,1.692857142857143,3.3000000000000003,1.9029313991265786,2.1448849723119245,11.436825879622178,3.245841226639735,25,150,38.92561032911875,0.0110943102750348,0.0591564100210517,0.016788951452732653
104,1,35.8947758,128.6046433,106606,PIPE_LM,6.899950679069789,43,1.7526899383983574,1.7526899383983574,1.6024381101460832,1.0,1.0,1.0,1.0,1.6,1.1083654946889747,6.666666666666667,20.833333333333332,9.171565777623412,2.1333333333333337,4.966666666666667,2.0266384004087805,4.216093199302392,11.180281039269092,3.7246750378949023,80,300,52.846577681892214,0.0218075312687316,0.0578294446615674,0.019265695399759458
105,1,35.8909603,128.6027368,72215,PIPE_LM,3.8542550058606833,51,1.6726899383983571,1.736536618754278,1.5894324347986413,1.0,1.0,1.0,1.0,1.6,1.0188703844019205,8.928571428571429,17.857142857142858,8.604074018075933,1.692857142857143,3.3000000000000003,1.7187745314177603,2.3435564373005677,13.56709127596379,4.475255154428288,25,150,23.468992942408768,0.0121219284941153,0.0701751012703589,0.023148033523522564
106,1,35.891356,128.6032407,211241,PIPE_LM,3.9876462009823115,53,1.6726899383983571,1.9878165639972625,1.6361854906158488,1.0,1.0,1.0,1.0,1.6,1.0649987030851744,9.523809523809524,17.857142857142858,8.25861326142167,1.7523809523809524,3.3000000000000003,1.7170556149336746,2.786154353826453,10.484975103170148,4.055434578653388,20,150,25.148905514304012,0.0144112440874496,0.0542330094723924,0.020976532586355675
107,1,35.8944037,128.6041922,72480,SPLY_LS,7.859324207530046,36,1.6529774127310062,1.7526899383983574,1.6820659404403293,1.0,1.0,1.0,1.0,1.6,1.0241329535509063,7.471264367816092,9.523809523809524,7.500436644286335,1.547126436781609,2.466666666666667,1.6149557695507237,1.8040455857654032,7.145312427849419,2.707295088659362,13,100,19.76484256266197,0.0093313355900922,0.0369587712674297,0.014003348481336065
108,1,35.8892473,128.6028408,4805,SPLY_LS,8.953886309618383,38,1.724709103353867,1.724709103353867,1.6052415290015787,1.0,1.0,1.0,1.6,1.6,1.2230764730960406,7.471264367816092,15.873015873015872,8.274599379693852,1.547126436781609,3.9746031746031742,1.7180019324612588,4.583818869594893,12.69137420831549,5.197876320135616,13,200,25.904333740763406,0.0237095739120361,0.0656454985238014,0.02688575537208541
109,1,35.8971634,128.6038306,72439,SPLY_LS,7.456579193276557,30,1.7438193018480497,1.7438193018480497,1.640940003627363,1.0,1.0,1.0,1.0,1.0,1.0,7.471264367816092,11.428571428571429,8.013781404412446,1.547126436781609,2.466666666666667,1.7029231979467976,3.6819098541932607,4.920394340643395,3.4760667153583595,13,100,25.079376531169668,0.0190444946253219,0.0254504937072609,0.017979781281855307
110,1,35.8965447,128.6043002,177336,SPLY_LS,4.9014661398720785,47,1.6657905544147846,1.7726762491444217,1.6639301543706846,1.0,1.0,1.0,1.0,1.0,1.0,7.471264367816092,12.5,7.744828950019473,1.547126436781609,2.3625,1.6375631333974034,3.5741430487102037,4.543343835532926,2.853058941477641,13,80,20.660868040950923,0.018487076212301,0.0235002188221022,0.014757304721845986
111,1,35.8964067,128.6044953,72445,SPLY_LS,2.4878709451024306,49,1.6531416837782342,1.7726762491444217,1.6646273871965753,1.0,1.0,1.0,1.0,1.4,1.0131465230415728,7.471264367816092,16.3265306122449,7.9239355273161705,1.547126436781609,3.9746031746031742,1.7100745532372281,3.865882648134512,9.37339816098739,3.459211496522121,13,200,26.579063704073725,0.0199960847033433,0.0484834333177992,0.017892598505185795
112,1,35.8968205,128.6051151,143139,SPLY_LS,5.1511588318322445,30,1.6240657084188912,1.7526899383983574,1.5560706127354578,1.0,1.0,1.0,1.2,1.4,1.0704676177701682,7.471264367816092,20.0,9.2417840195322,1.547126436781609,3.3000000000000003,1.8984710416104493,3.6579529967181017,8.118412007315195,3.6102208647778196,13,150,39.340403768006276,0.0189205789778745,0.0419920801872374,0.018673686912019993
113,1,35.88871,128.6020298,73333,SPLY_LS,4.015217581902529,31,1.6892265571526353,2.160793976728268,1.6614405838586828,1.0,1.0,1.0,1.0,1.6,1.138241204112506,7.471264367816092,20.0,8.556131022849076,1.547126436781609,3.9746031746031742,1.8165255208237852,4.3099157362032825,12.69137420831549,4.405160557446548,13,200,34.4978051177081,0.0222928236497246,0.0656454985238014,0.022785472725364336
114,1,35.8891053,128.6025241,178233,SPLY_LS,6.769016534323877,38,1.2890622861054073,2.160793976728268,1.6040822877907948,1.0,1.0,1.0,1.0,1.6,1.1030499002058414,9.523809523809524,15.873015873015872,8.351020026873142,1.7523809523809524,3.9746031746031742,1.6989037272921346,4.942703398634759,12.69137420831549,4.503394987138587,20,200,23.594922645862145,0.0255658861942683,0.0656454985238014,0.023293585401224937
115,1,35.8906662,128.6032595,246333,SPLY_LS,3.463817903337964,58,1.6469541409993156,1.862532511978097,1.6168402407445563,1.0,1.0,1.0,1.0,1.4,1.035391244570252,7.471264367816092,17.857142857142858,8.414366971943437,1.547126436781609,2.840816326530613,1.6738575460489833,3.460066017257229,44.320708637351565,8.141665027361604,13,100,20.207792736589298,0.0178970184709621,0.2292466493912691,0.04211235527077648
116,1,35.8905487,128.6031583,246334,SPLY_LS,3.149123937508973,66,1.664147843942505,1.862532511978097,1.6032531531908278,1.0,1.0,1.0,1.0,1.4,1.0358528391270048,7.471264367816092,17.857142857142858,8.656468667080372,1.547126436781609,2.840816326530613,1.7078459270537218,9.115680766143967,44.320708637351565,7.655494264043013,13,100,22.011649495091607,0.0471504029788413,0.2292466493912691,0.03959766130604925
117,2,35.8908945,128.60298,4780,SPLY_LS,3.8113653274574237,65,1.657467488021903,1.736536618754278,1.5788527471788794,1.0,1.0,1.0,1.0,1.6,1.016031809867833,7.471264367816092,17.857142857142858,8.38290935243639,1.547126436781609,3.3000000000000003,1.6801602422752535,7.690390070686613,13.56709127596379,6.01277601300501,13,150,21.003475951958684,0.0397781581211229,0.0701751012703589,0.031100783288467698
118,1,35.8903619,128.6032938,143983,SPLY_LS,0.054567136657509646,68,1.7218069815195074,1.862532511978097,1.6190441223127194,1.0,1.0,1.0,1.0,1.4,1.0635117365001183,7.471264367816092,17.857142857142858,8.91902171828316,1.547126436781609,2.840816326530613,1.7635929661031764,3.66198175787893,44.320708637351565,6.177502314237143,13,100,26.35813071470308,0.0189414175435408,0.2292466493912691,0.031952821845275856
119,1,35.8911832,128.6026666,177121,SPLY_LS,6.744094371552525,45,1.7033538672142368,1.757782340862423,1.6134949612959033,1.0,1.0,1.0,1.0,1.6,1.0758570451297738,7.471264367816092,17.857142857142858,8.468500081679684,1.547126436781609,3.3000000000000003,1.7980380373627565,2.224639112077501,10.484975103170148,4.07066619992444,13,150,31.601748549458982,0.0115068345752652,0.0542330094723924,0.021055317385799136
120,2,35.89096465,128.6021705,4781,SPLY_LS,8.211775295730973,19,1.5602190280629706,1.736536618754278,1.5883661364242574,1.0,1.0,1.0,1.0,1.6,1.1632017461994253,8.928571428571429,17.857142857142858,9.601801058756287,1.692857142857143,3.3000000000000003,2.051713362153378,2.43386172849662,10.484975103170148,4.352613979701369,25,150,50.19237614279373,0.0125890280975623,0.0542330094723924,0.022513678179306308
121,1,35.8913343,128.6028039,178218,PIPE_LM,4.887900327055317,46,1.6126762491444215,1.9878165639972625,1.640315535625506,1.0,1.0,1.0,1.0,1.6,1.0863929204685348,12.5,17.857142857142858,8.54686890320662,3.3000000000000003,3.3000000000000003,1.868410798321209,6.247954502078533,10.484975103170148,4.240897581131605,150,150,37.53437405962478,0.0323172322642761,0.0542330094723924,0.02193583069352413
122,2,35.89571085,128.60505675000002,245473,PIPE_LM,6.466836781406502,34,1.6526488706365503,1.7526899383983574,1.5361560264642582,1.0,1.0,1.0,1.0,1.4,1.0429860225470842,9.846153846153848,20.0,9.590185971447475,2.0307692307692307,3.9746031746031742,1.9066485184474586,2.2836133388148725,9.37339816098739,4.05898150044906,40,200,37.1532717718004,0.0118118758143529,0.0484834333177992,0.020994878861997694
123,1,35.8953882,128.6029958,105678,PIPE_LM,7.4292508793466885,27,1.6726899383983571,1.7326488706365502,1.522584153558592,1.0,1.0,1.0,1.4,1.4,1.106008192954914,8.333333333333334,20.833333333333332,8.957982937823337,2.466666666666667,4.966666666666667,2.060225693025451,6.344171707597537,11.180281039269092,3.9396695348727544,100,300,56.816845555772694,0.0328149109489628,0.0578294446615674,0.020377743685652528
124,1,35.8940489,128.6048683,72467,SPLY_LS,5.884159951847223,50,1.622861054072553,1.7526899383983574,1.6056537092232113,1.0,1.0,1.0,1.0,1.6,1.0202730076815012,7.471264367816092,20.0,8.175506666354384,1.547126436781609,3.3000000000000003,1.6643648568317257,2.628759198455144,7.415815044904918,3.25567285618427,13,150,22.64015925916669,0.0135971255160493,0.0383579325290184,0.01683980506497028
125,3,35.8933403,128.6041584,211474,SPLY_LS,5.6134692783548585,42,1.6672142368240932,1.7526899383983574,1.6426642606776207,1.0,1.0,1.0,1.0,1.6,1.0441057496669413,7.471264367816092,14.285714285714286,7.774984337979861,1.547126436781609,2.466666666666667,1.6438669414329814,2.3468337419948377,7.145312427849419,3.5525428169600053,13,100,20.979047348798563,0.0121388801887811,0.0369587712674297,0.018375350093584732
126,1,35.8919931,128.6048395,73356,SPLY_LS,5.55798751648078,31,1.6306365503080082,1.7345106091718003,1.604587944025676,1.0,1.0,1.0,1.0,1.6,1.026903660468311,7.471264367816092,20.0,8.945582713309308,1.547126436781609,3.3000000000000003,1.7712202341842866,3.8858527725313263,7.3152476107087345,3.470160052744501,13,150,29.035468330221413,0.0200993791732796,0.0378377525040104,0.01794922936481825
127,1,35.8895971,128.601464,245240,PIPE_LM,5.750661477876913,40,1.6326625598904858,1.7526899383983574,1.6576833140468568,1.0,1.0,1.0,1.0,1.6,1.1078405165860574,9.846153846153848,17.857142857142858,9.34776921634299,2.0307692307692307,3.9746031746031742,1.8573442764828514,2.2480240354381187,12.69137420831549,4.241311283927717,40,200,31.896869948334054,0.0116277919221018,0.0656454985238014,0.02193797055055187
128,1,35.8916045,128.603594,107450,SPLY_LS,4.340383271532582,50,1.630965092402464,1.7582751540041066,1.645913021953204,1.0,1.0,1.0,1.0,1.6,1.0342662310741986,7.471264367816092,14.22222222222222,8.010676925242326,1.547126436781609,2.5777777777777775,1.6515932595758227,2.303968729502103,6.578339711581055,3.537111125762931,13,80,20.723212972113622,0.0119171630549131,0.0340261332411674,0.01829553044245243
129,1,35.8920443,128.6037541,144017,SPLY_LS,12.197006352828065,47,1.7051060917180014,1.747871321013005,1.6271866829983126,1.0,1.0,1.0,1.0,1.6,1.0469312356208356,7.471264367816092,14.22222222222222,7.9787456761366835,1.547126436781609,2.5777777777777775,1.68823764248241,3.4549588685626222,7.1010527531873775,3.8147466364649767,13,80,25.304616242334973,0.0178706019996967,0.036729840313224,0.019731586239783216
130,1,35.8913073,128.6035472,246391,SPLY_LS,9.469893540617353,52,1.1940041067761806,1.7582751540041066,1.6084894036228419,1.0,1.0,1.0,1.0,1.6,1.0524104243712127,11.428571428571429,17.857142857142858,8.598306221209183,1.942857142857143,3.3000000000000003,1.7671533887632878,4.288588038446344,6.959842449832864,4.238737785713784,32,150,28.271688494857717,0.0221825071994617,0.035999437079638,0.02192465925971523
131,1,35.8923845,128.6030124,246350,PIPE_LM,10.891435691699034,17,1.6726899383983571,1.750171115674196,1.5910278936874478,1.0,1.0,1.0,1.6,1.6,1.3369325670842207,6.666666666666667,25.3968253968254,10.609709545771546,2.1333333333333337,3.9746031746031742,2.424550437912193,6.762108776246292,9.946661326457876,6.218580658707397,80,200,84.6566027423416,0.0349766695396951,0.051448608378037,0.03216529752813104
132,1,35.8906313,128.6041447,73329,SPLY_LS,11.979605587413642,49,1.15523613963039,1.862532511978097,1.5906485163141493,1.0,1.0,1.0,1.2,1.4,1.1012301118653465,9.523809523809524,17.857142857142858,8.687516547325195,1.7523809523809524,2.840816326530613,1.7325504898096646,3.658365165519088,44.320708637351565,5.596206124879896,20,100,24.811213006333663,0.0189227109003892,0.2292466493912691,0.028946096370634982
133,1,35.8916774,128.6029474,246350,PIPE_LM,7.045442581073423,43,1.6726899383983571,1.9878165639972625,1.6725653365922346,1.0,1.0,1.0,1.6,1.6,1.1283686245849849,6.666666666666667,14.22222222222222,7.853714481405496,2.1333333333333337,3.3000000000000003,1.7481434932684106,6.762108776246292,10.484975103170148,4.6880014077130845,80,150,31.010723093398266,0.0349766695396951,0.0542330094723924,0.024248452881325492
134,1,35.8896577,128.6031403,4789,PIPE_LM,4.395671793964804,55,1.6526488706365503,1.7219712525667352,1.6174856016383705,1.0,1.0,1.0,1.2,1.6,1.1308607524340686,9.846153846153848,16.3265306122449,8.360530076645102,2.0307692307692307,3.9746031746031742,1.7205657927855906,3.168853961489305,12.69137420831549,4.826371525348902,40,200,24.6914693883781,0.0163907386731053,0.0656454985238014,0.024964165396290875
135,1,35.8910342,128.604078,178214,PIPE_LM,3.4590785773059713,52,1.182943189596167,1.747542778918549,1.548769699958909,1.0,1.0,1.0,1.2,1.4,1.0786283400095857,17.857142857142858,17.857142857142858,9.60201075724381,2.585714285714286,3.3000000000000003,1.9130928271669219,3.1181534298592264,11.436825879622178,4.517997280920467,50,150,36.3971140276119,0.0161284927082753,0.0591564100210517,0.023369115035697014
136,1,35.8908316,128.6034761,143979,SPLY_LS,6.196243288805901,65,1.6130047912388776,1.862532511978097,1.6326748115354273,1.0,1.0,1.0,1.0,1.6,1.0673048529628506,7.471264367816092,17.857142857142858,8.319600960308849,1.547126436781609,3.3000000000000003,1.7123940721599007,4.720092658325604,44.320708637351565,8.011686156919664,13,150,24.626454264907448,0.0244144432705562,0.2292466493912691,0.041440046062359105
137,1,35.8906845,128.6035591,211239,SPLY_LS,5.569402663703667,62,1.631622176591376,1.862532511978097,1.6321676787863653,1.0,1.0,1.0,1.0,1.4,1.0797081441366783,7.471264367816092,17.857142857142858,8.583364413332543,1.547126436781609,3.3000000000000003,1.7170063983156159,18.040642052711146,44.320708637351565,9.015435855054724,13,150,23.403221742709,0.0933143189855457,0.2292466493912691,0.046631891188477735
138,1,35.8897404,128.6027238,246378,SPLY_LS,7.529669936354343,59,1.635893223819302,1.7250924024640657,1.6464687046279083,1.0,1.0,1.0,1.2,1.4,1.1033466261321447,7.471264367816092,16.3265306122449,8.09321574994077,1.547126436781609,2.840816326530613,1.6751716849751677,9.356712345911442,9.405768966380684,6.064285830191512,13,100,22.551327602556153,0.0483971267736096,0.0486508696901557,0.03136721524237405
139,1,35.8962062,128.6043354,177341,SPLY_LS,6.188997909450215,48,1.6424640657084189,1.7726762491444217,1.646536933540614,1.0,1.0,1.0,1.0,1.4,1.0239713647777735,7.471264367816092,16.3265306122449,8.237913538582315,1.547126436781609,3.9746031746031742,1.750556882135694,4.094502785784766,9.37339816098739,3.652356339615981,13,200,28.99013481721262,0.0211786109343324,0.0484834333177992,0.01889163054884663
140,1,35.8972922,128.6038361,324769,PIPE_LM,6.036393995962058,23,1.6326625598904858,1.7438193018480497,1.6547261751802842,1.0,1.0,1.0,1.0,1.0,1.0,8.333333333333334,11.428571428571429,8.146999147779795,2.466666666666667,2.466666666666667,1.8160174232359152,4.639615564243669,4.920394340643395,3.6596546190149115,100,100,35.31134486225257,0.0239981795252721,0.0254504937072609,0.018929380534123626
141,2,35.890868499999996,128.60322585,3683,PIPE_LM,0.4003056113050221,59,1.1196988364134155,1.7366461327857632,1.5564409698157673,1.0,1.0,1.0,1.0,1.6,1.0153548209000811,14.285714285714286,17.857142857142858,9.03627976624148,2.2285714285714286,3.3000000000000003,1.734122758091535,2.9318416407125443,18.040642052711146,7.4068754896767635,40,150,22.268654407301238,0.0151648042945036,0.0933143189855457,0.038311693126578554
142,1,35.8960892,128.604461,3917,SPLY_LS,3.0166847163750248,49,1.7035181382614648,1.7726762491444217,1.6514537903461548,1.0,1.0,1.0,1.0,1.4,1.043656967049438,7.471264367816092,16.3265306122449,8.462312877468221,1.547126436781609,3.9746031746031742,1.8774384741462466,4.332637216872593,9.37339816098739,4.179626223655533,13,200,40.40300353431045,0.0224103493724126,0.0484834333177992,0.021618907660547027
143,1,35.8957266,128.6037964,3924,SPLY_LS,7.222714999836491,53,1.559835728952772,1.7526899383983574,1.59540416319479,1.0,1.0,1.0,1.0,1.4,1.0132409857136206,9.523809523809524,15.873015873015872,8.455507198350382,1.7523809523809524,3.9746031746031742,1.7288805944339907,3.4178652578476765,9.37339816098739,3.2562022123704284,20,200,25.581401857202962,0.0176787371529542,0.0484834333177992,0.016842543133375357
144,1,35.8956114,128.6038041,177347,SPLY_LS,4.558316548735918,53,1.7233949349760438,1.760958247775496,1.595570506347277,1.0,1.0,1.0,1.0,1.4,1.021162450566667,7.471264367816092,15.873015873015872,8.321922813602754,1.547126436781609,3.9746031746031742,1.7393678900887224,2.977268317662848,9.37339816098739,3.201908230051858,13,200,27.276445016018464,0.0153997715096951,0.0484834333177992,0.01656171022453169
145,1,35.8899651,128.6009332,178418,SPLY_LS,2.4697985670575386,25,1.6310198494182069,1.8396988364134157,1.5878203307717784,1.0,1.3,1.0113114137845327,1.0,1.6,1.1810515877391343,7.471264367816092,17.857142857142858,10.626792552822423,1.547126436781609,3.9746031746031742,2.271749689499238,4.1387556112432575,17.38257339502749,5.697379732452143,13,200,65.13465119934885,0.0214075064613751,0.0899104917571099,0.029469411797122032
146,1,35.8891615,128.6026163,212362,SPLY_LS,7.988371174682642,41,1.344312114989733,1.8126488706365504,1.5957973175979911,1.0,1.0,1.0,1.0,1.6,1.1322530651875276,8.928571428571429,15.873015873015872,8.351956515840122,1.692857142857143,3.9746031746031742,1.6968435381884828,3.3464817763285435,12.69137420831549,4.659917699399139,25,200,23.587642607368505,0.0173095096639705,0.0656454985238014,0.02410319130425701
147,1,35.8889189,128.6020764,215055,PIPE_LM,5.751307305998202,40,1.6526488706365503,2.160793976728268,1.6123188076185848,1.0,1.0,1.0,1.0,1.6,1.0806512361287461,10.95890410958904,20.0,8.77184353383782,2.16986301369863,3.9746031746031742,1.7857335705667472,2.523514715212805,12.69137420831549,3.9060839130412632,50,200,30.2149738914033,0.0130527536887024,0.0656454985238014,0.02020402373601024
148,1,35.8906725,128.6043161,246368,SPLY_LS,2.87653796550377,47,1.586392881587953,1.7465023956194388,1.5903385513177661,1.0,1.0,1.0,1.0,1.6,1.069488800350545,7.471264367816092,17.857142857142858,8.757707805715315,1.547126436781609,3.3000000000000003,1.7453989727525012,3.780580857801786,11.436825879622178,4.217774366189103,13,150,25.81973048584341,0.0195548654579368,0.0591564100210517,0.021816227020394773
149,1,35.8907824,128.6046677,73330,SPLY_LS,9.228371113510123,47,1.430937713894593,1.7526899383983574,1.582431565158278,1.0,1.0,1.0,1.0,1.6,1.0785776569465655,11.428571428571429,20.0,9.38093031318,1.942857142857143,3.9746031746031742,1.8930920036383643,2.7549807853306074,12.69137420831549,3.6789404476692633,32,200,37.04656743777431,0.0142500003630833,0.0656454985238014,0.019029135518546837
150,1,35.8907876,128.6044362,143982,PIPE_LM,5.287068475639752,48,1.6726899383983571,1.7526899383983574,1.585461839039479,1.0,1.0,1.0,1.0,1.6,1.063345083491601,10.95890410958904,17.857142857142858,9.238522549061175,2.16986301369863,3.3000000000000003,1.851793080837584,2.4417627012836514,11.436825879622178,3.856284408928247,50,150,33.33651032195972,0.0126298954842546,0.0591564100210517,0.019946438290960856
151,1,35.8898477,128.6024933,38900,SPLY_LS,4.684602270662462,55,1.6811772758384669,1.7326488706365502,1.6568061361627282,1.0,1.0,1.0,1.0,1.4,1.1135971716609756,7.471264367816092,16.3265306122449,8.24582901724123,1.547126436781609,2.840816326530613,1.705691883884458,6.868739724538682,9.405768966380684,5.6476100427271945,13,100,24.742350453607653,0.0355282127881901,0.0486508696901557,0.02921198056550424
152,1,35.8899212,128.6024098,4783,SPLY_LS,3.4250419658411997,51,1.6483778234086242,1.7366461327857632,1.6540805237204708,1.0,1.0,1.0,1.0,1.4,1.0834023645009578,7.471264367816092,16.3265306122449,7.981806931615048,1.547126436781609,2.840816326530613,1.6603517366629328,2.891940437656355,9.356712345911442,5.123101667768251,13,100,21.44601780485742,0.0149584173167556,0.0483971267736096,0.02649898722144784
153,1,35.8894594,128.6016559,106412,SPLY_LS,6.092632136181529,40,1.7153456536618754,1.7526899383983574,1.6413152946930094,1.0,1.0,1.0,1.0,1.6,1.1097702148311257,7.471264367816092,17.857142857142858,9.418010186345649,1.547126436781609,3.9746031746031742,1.8639579177090968,2.7016731464747834,12.69137420831549,3.832612449645104,13,200,32.4021546727391,0.0139742692664834,0.0656454985238014,0.019823996265166767
154,1,35.8899459,128.6034124,4794,SPLY_LS,2.527607077986346,60,1.678713210130048,1.736536618754278,1.6003604739641435,1.0,1.0,1.0,1.0,1.6,1.0788800478796552,7.471264367816092,17.857142857142858,8.352945787018337,1.547126436781609,3.9746031746031742,1.715253042132017,2.747171608478172,12.69137420831549,4.664035235063021,13,200,24.195116581807643,0.0142096077862729,0.0656454985238014,0.024124489051601666
155,1,35.8906243,128.6037134,178215,PIPE_LM,4.073966072754714,61,1.6126762491444215,1.862532511978097,1.629162897556669,1.0,1.0,1.0,1.4,1.4,1.1299207374258882,16.3265306122449,17.857142857142858,9.15779308051924,2.840816326530613,2.840816326530613,1.7963340644335037,5.1272716507466125,44.320708637351565,9.649190728588817,100,100,28.592085516864707,0.0265205562499043,0.2292466493912691,0.049909956584089206
156,1,35.8893451,128.6020508,48168,PIPE_LM,6.277793412814749,56,1.6926762491444216,1.765722108145106,1.5931550805736505,1.0,1.0,1.0,1.4,1.6,1.1308270548835395,8.333333333333334,17.857142857142858,8.704889027087008,2.466666666666667,3.9746031746031742,1.8084291205595067,7.734045304449008,12.69137420831549,3.942765903202204,100,200,32.3181441057002,0.0400039626349972,0.0656454985238014,0.020393759496018182
