CLUSTER_ID,REPAIR_COUNT,IS_MATCHED,MATCH_REASON,MAX_CNT_JNT,MAX_CNT_PIPE_TYPE,MAX_CNT_DISTANCE,AVG_CNT_JNT,NEAREST_CNT_JNT,NEAREST_DISTANCE,NEARBY_PIPE_COUNT,HIGH_CNT_PIPE_COUNT,IS_FREQUENT
0.0,6.0,True,pipes_found,4.0,PIPE_LM,15.541819299204073,2.8125,1.0,9.171154317733388,16,9,True
1.0,2.0,True,pipes_found,4.0,PIPE_LM,13.035130328958813,2.8,2.0,7.565971521781311,15,8,False
2.0,2.0,True,pipes_found,4.0,PIPE_LM,18.872171790420783,3.0,2.0,11.133462750802122,14,9,False
3.0,3.0,True,pipes_found,4.0,PIPE_LM,18.116055077633813,2.5,1.0,4.201436038555774,10,5,False
4.0,3.0,True,pipes_found,4.0,PIPE_LM,16.53831838428709,2.6666666666666665,2.0,12.540829184087796,9,5,False
5.0,2.0,True,pipes_found,4.0,PIPE_LM,9.481505519212023,2.3076923076923075,1.0,6.929913492519256,13,5,False
6.0,4.0,True,pipes_found,4.0,PIPE_LM,14.802120741246123,2.625,2.0,7.644003856698677,16,8,True
7.0,2.0,True,pipes_found,4.0,PIPE_LM,14.90184957757188,2.6666666666666665,2.0,7.114428978802451,21,9,False
8.0,3.0,True,pipes_found,4.0,PIPE_LM,19.624776255484257,2.3333333333333335,1.0,12.00129622306108,6,2,False
9.0,3.0,True,pipes_found,4.0,PIPE_LM,16.699051396647715,2.6,3.0,10.111213377884003,30,15,False
10.0,2.0,True,pipes_found,4.0,PIPE_LM,12.460108300330472,2.5277777777777777,2.0,7.387313374453773,36,14,False
11.0,3.0,True,pipes_found,4.0,PIPE_LM,8.13035467493848,2.71875,2.0,4.8820550897144965,32,16,False
12.0,2.0,True,pipes_found,4.0,PIPE_LM,17.973372940754874,2.611111111111111,2.0,9.5926702856828,36,21,False
13.0,2.0,True,pipes_found,4.0,PIPE_LM,19.427545048248287,2.8,2.0,6.6907869764584875,25,15,False
14.0,3.0,True,pipes_found,4.0,PIPE_LM,9.167756286760952,2.5555555555555554,2.0,7.6655485398520335,27,15,False
15.0,3.0,True,pipes_found,4.0,PIPE_LM,7.611833087408611,3.0,3.0,4.363674384437411,22,14,False
16.0,2.0,True,pipes_found,4.0,PIPE_LM,15.339913433000753,2.5714285714285716,2.0,8.609730846277138,7,4,False
17.0,2.0,True,pipes_found,4.0,PIPE_LM,19.09381672917445,2.8666666666666667,2.0,10.009238918070167,15,7,False
18.0,2.0,True,pipes_found,4.0,PIPE_LM,10.199509662987534,2.608695652173913,3.0,6.1987435595469895,23,13,False
19.0,4.0,True,pipes_found,4.0,PIPE_LM,18.422336406308805,2.7333333333333334,2.0,9.716638696431717,15,9,True
20.0,8.0,True,pipes_found,3.0,PIPE_LM,11.580931964664888,2.3636363636363638,2.0,6.01763494965976,11,5,True
21.0,3.0,True,pipes_found,4.0,PIPE_LM,11.755443694131351,2.7,2.0,6.652311210769274,30,19,False
22.0,3.0,True,pipes_found,4.0,PIPE_LM,8.400528957872956,2.8,2.0,5.463825679754471,15,8,False
23.0,2.0,True,pipes_found,4.0,PIPE_LM,17.989296778214037,2.5,2.0,12.543811062619536,14,7,False
24.0,2.0,True,pipes_found,4.0,PIPE_LM,18.17746871140286,2.909090909090909,3.0,5.928930028630422,33,24,False
25.0,2.0,True,pipes_found,4.0,PIPE_LM,10.07359980370558,2.5555555555555554,4.0,10.07359980370558,9,5,False
26.0,3.0,True,pipes_found,4.0,PIPE_LM,19.269477379434807,2.5384615384615383,2.0,4.389525661796076,13,6,False
27.0,5.0,True,pipes_found,4.0,PIPE_LM,18.433128878593315,2.7333333333333334,2.0,9.062775752463871,30,13,True
28.0,2.0,True,pipes_found,3.0,PIPE_LM,12.133579752688295,1.8,1.0,7.833574632586767,5,1,False
29.0,2.0,True,pipes_found,2.0,PIPE_LM,17.370373546692043,2.0,2.0,17.370373546692043,1,0,False
30.0,2.0,True,pipes_found,4.0,PIPE_LM,12.20987411478932,2.4583333333333335,2.0,7.79892656670592,24,10,False
31.0,5.0,True,pipes_found,4.0,PIPE_LM,19.588526145514265,2.875,2.0,8.085605493307105,16,8,True
32.0,3.0,True,pipes_found,4.0,PIPE_LM,16.45099576106312,3.0,2.0,9.423157555970816,14,8,False
33.0,2.0,True,pipes_found,4.0,PIPE_LM,18.739752469403612,2.533333333333333,1.0,7.477939323244393,15,7,False
34.0,2.0,True,pipes_found,4.0,PIPE_LM,12.06751852037072,2.3846153846153846,2.0,8.148446710926004,26,9,False
35.0,3.0,True,pipes_found,4.0,PIPE_LM,12.042633169948349,2.5405405405405403,3.0,6.522930286884179,37,20,False
36.0,2.0,True,pipes_found,4.0,PIPE_LM,13.489906081013318,2.533333333333333,3.0,6.847735524712624,15,6,False
37.0,3.0,True,pipes_found,4.0,PIPE_LM,10.611555558987874,2.75,3.0,7.161696741318339,20,13,False
38.0,3.0,True,pipes_found,4.0,PIPE_LM,14.05564302653029,3.176470588235294,4.0,8.519508342081076,17,12,False
39.0,5.0,True,pipes_found,4.0,PIPE_LM,15.058915975152463,2.4,4.0,15.058915975152463,5,2,True
40.0,3.0,True,pipes_found,4.0,PIPE_LM,15.061479222955024,2.8214285714285716,2.0,7.66934404690623,28,16,False
41.0,2.0,True,pipes_found,4.0,PIPE_LM,19.930786264896547,2.4285714285714284,1.0,5.6080475831417305,14,7,False
42.0,5.0,True,pipes_found,4.0,PIPE_LM,15.807611616929854,2.5,1.0,9.199037495156258,14,7,True
43.0,6.0,True,pipes_found,4.0,PIPE_LM,11.347653569910653,2.7,2.0,9.365222520197792,10,5,True
44.0,3.0,True,pipes_found,4.0,PIPE_LM,15.626829071728197,3.0952380952380953,2.0,6.929302253986859,21,16,False
45.0,3.0,True,pipes_found,4.0,PIPE_LM,18.069080082804472,2.782608695652174,3.0,7.380644941695573,23,15,False
46.0,2.0,True,pipes_found,4.0,PIPE_LM,18.164145056922525,2.4,1.0,6.83844964860248,10,4,False
47.0,3.0,False,no_pipes_within_20.0m,,,,,,,0,0,False
48.0,3.0,True,pipes_found,4.0,PIPE_LM,9.099464369769358,2.5454545454545454,2.0,7.410164281028897,22,12,False
49.0,5.0,True,pipes_found,4.0,PIPE_LM,14.29500031563586,2.5,2.0,5.696795045683118,30,13,True
50.0,2.0,True,pipes_found,4.0,PIPE_LM,19.800867430247195,2.6818181818181817,3.0,5.116627674469163,22,13,False
51.0,6.0,True,pipes_found,4.0,PIPE_LM,16.535811574983516,2.5,1.0,4.85258639587094,32,14,True
52.0,3.0,True,pipes_found,4.0,PIPE_LM,12.425825938252181,2.697674418604651,4.0,6.05898623156892,43,23,False
53.0,4.0,True,pipes_found,4.0,PIPE_LM,7.9760874585567105,2.8333333333333335,2.0,7.316671911166631,24,16,True
54.0,5.0,True,pipes_found,4.0,PIPE_LM,19.460815626431003,2.789473684210526,2.0,5.820459434320951,19,10,True
55.0,3.0,True,pipes_found,3.0,PIPE_LM,19.27147966576958,2.0,2.0,17.55450040334316,6,1,False
56.0,3.0,True,pipes_found,4.0,PIPE_LM,16.854611937455307,2.40625,2.0,6.124951086031194,32,12,False
57.0,2.0,True,pipes_found,4.0,PIPE_LM,19.64677995577255,2.888888888888889,2.0,6.686253005725688,18,12,False
58.0,2.0,True,pipes_found,5.0,PIPE_LM,14.12944398666807,2.8,3.0,6.708910370022841,20,11,False
59.0,3.0,True,pipes_found,4.0,PIPE_LM,19.22380608592184,2.8,1.0,5.579792849698194,10,6,False
60.0,2.0,True,pipes_found,4.0,PIPE_LM,11.889321164975406,2.7857142857142856,4.0,5.623442640356019,28,16,False
61.0,2.0,True,pipes_found,3.0,PIPE_LM,14.73968092198264,2.3636363636363638,2.0,4.611894154155369,11,5,False
62.0,3.0,True,pipes_found,6.0,PIPE_LM,15.45262516657692,2.8636363636363638,3.0,8.469288218698823,22,15,False
63.0,2.0,True,pipes_found,4.0,PIPE_LM,18.68308174726215,2.7586206896551726,2.0,7.35265838430168,29,18,False
64.0,3.0,True,pipes_found,5.0,PIPE_LM,12.74851993077384,2.875,4.0,6.98372181724435,16,9,False
65.0,3.0,True,pipes_found,4.0,PIPE_LM,12.16640030841108,2.7777777777777777,3.0,7.148246185333195,27,17,False
66.0,2.0,True,pipes_found,4.0,PIPE_LM,17.43836758255255,2.619047619047619,2.0,11.101080468553294,21,11,False
67.0,4.0,True,pipes_found,6.0,PIPE_LM,17.486496324873773,2.8,3.0,12.044668655765097,10,7,True
68.0,2.0,True,pipes_found,4.0,PIPE_LM,12.042987241307708,2.6451612903225805,2.0,8.568053252136986,31,14,False
69.0,3.0,True,pipes_found,4.0,PIPE_LM,15.110805913436778,2.92,2.0,3.0129252326792515,25,15,False
70.0,3.0,True,pipes_found,4.0,PIPE_LM,15.728288090680739,2.3,1.0,5.450936211775954,10,4,False
71.0,3.0,True,pipes_found,3.0,PIPE_LM,19.879958122390146,2.142857142857143,2.0,12.455145519056467,7,2,False
72.0,9.0,True,pipes_found,4.0,PIPE_LM,19.96965567957763,2.3846153846153846,2.0,12.381639848352378,13,5,True
73.0,2.0,True,pipes_found,5.0,PIPE_LM,10.343242898140108,2.789473684210526,2.0,7.553539021615163,19,12,False
74.0,3.0,True,pipes_found,4.0,PIPE_LM,14.222730730547733,2.761904761904762,1.0,6.213087946018192,21,13,False
75.0,3.0,True,pipes_found,4.0,PIPE_LM,17.453772126166864,2.782608695652174,3.0,7.724791875204488,23,14,False
76.0,3.0,True,pipes_found,3.0,PIPE_LM,13.45796123140288,2.375,2.0,9.271738030030882,8,3,False
77.0,2.0,True,pipes_found,4.0,PIPE_LM,11.16712057642287,2.5555555555555554,3.0,1.7711695868579598,18,10,False
78.0,3.0,True,pipes_found,4.0,PIPE_LM,17.614801830159315,2.4615384615384617,2.0,7.171162264955159,13,6,False
79.0,3.0,True,pipes_found,4.0,PIPE_LM,12.311377786093338,3.0833333333333335,2.0,4.804301100243829,12,9,False
80.0,5.0,True,pipes_found,3.0,PIPE_LM,18.710618419812285,2.4375,1.0,7.350701093924484,16,10,True
81.0,5.0,True,pipes_found,4.0,PIPE_LM,17.003267172378084,2.869565217391304,2.0,8.037576675516346,23,13,True
82.0,3.0,True,pipes_found,4.0,PIPE_LM,15.398544279577377,2.6666666666666665,1.0,7.217911619705568,18,11,False
83.0,3.0,True,pipes_found,4.0,PIPE_LM,17.993698085254763,2.8125,1.0,7.256777992194632,16,9,False
84.0,2.0,True,pipes_found,4.0,PIPE_LM,10.326962075639686,2.909090909090909,2.0,5.852715445598232,22,12,False
85.0,3.0,True,pipes_found,4.0,PIPE_LM,19.783485312248878,2.6,1.0,6.331460098486279,15,9,False
86.0,4.0,True,pipes_found,4.0,PIPE_LM,16.001492700925795,2.9,2.0,6.017276873798677,20,13,True
87.0,3.0,True,pipes_found,4.0,PIPE_LM,6.185609291226396,2.764705882352941,2.0,4.611953709712424,17,10,False
88.0,3.0,True,pipes_found,4.0,PIPE_LM,12.492545566492375,2.9166666666666665,3.0,6.301988567011859,24,18,False
89.0,5.0,True,pipes_found,4.0,PIPE_LM,15.718588567173382,2.5555555555555554,2.0,10.321627700630183,18,11,True
90.0,3.0,True,pipes_found,4.0,PIPE_LM,17.57686888607478,2.2857142857142856,1.0,8.17393682498686,14,7,False
91.0,2.0,True,pipes_found,4.0,PIPE_LM,19.5306585818906,2.6666666666666665,3.0,4.299362670752866,24,15,False
92.0,4.0,True,pipes_found,4.0,PIPE_LM,11.227826087527916,2.8,1.0,10.124812934555525,10,6,True
93.0,2.0,True,pipes_found,4.0,PIPE_LM,13.419617595484562,2.7857142857142856,2.0,5.5971446354301095,28,16,False
94.0,3.0,True,pipes_found,4.0,PIPE_LM,8.490226984001252,2.75,2.0,7.151724060086828,8,4,False
95.0,4.0,True,pipes_found,5.0,PIPE_LM,15.396961675436643,2.7222222222222223,2.0,7.20865192884355,18,10,True
96.0,3.0,True,pipes_found,4.0,PIPE_LM,18.23731188766477,2.8260869565217392,4.0,6.339706967447061,23,12,False
97.0,2.0,True,pipes_found,4.0,PIPE_LM,19.921609121904268,2.45,3.0,6.516050956994792,20,9,False
98.0,6.0,True,pipes_found,4.0,PIPE_LM,12.953793422997741,2.4,2.0,7.779164966960406,5,2,True
99.0,2.0,True,pipes_found,4.0,PIPE_LM,16.533309125091815,2.6956521739130435,2.0,8.291009079031394,23,13,False
100.0,2.0,True,pipes_found,4.0,PIPE_LM,10.677947798354264,2.5,2.0,8.396639446749894,22,11,False
101.0,5.0,True,pipes_found,4.0,PIPE_LM,11.440931272079913,2.8666666666666667,3.0,6.70115314853015,15,9,True
102.0,3.0,True,pipes_found,5.0,PIPE_LM,19.260162919921726,2.4615384615384617,1.0,8.349782345284162,13,6,False
103.0,3.0,True,pipes_found,4.0,PIPE_LM,15.826707617118627,2.787878787878788,2.0,4.68726285941447,33,18,False
104.0,3.0,True,pipes_found,4.0,PIPE_LM,18.704531737112497,2.4,2.0,13.219791261257765,10,5,False
105.0,3.0,True,pipes_found,4.0,PIPE_LM,17.826874992700702,2.59375,3.0,1.1876396710285213,32,14,False
106.0,2.0,True,pipes_found,4.0,PIPE_LM,19.399437839985517,2.6153846153846154,1.0,6.210601865545381,13,6,False
107.0,3.0,True,pipes_found,3.0,PIPE_LM,18.265875032716067,2.0833333333333335,2.0,6.11933169754674,12,5,False
108.0,3.0,True,pipes_found,4.0,PIPE_LM,13.428286845753336,2.6666666666666665,2.0,5.964555829658029,12,6,False
109.0,5.0,True,pipes_found,4.0,PIPE_LM,11.160819893655228,2.7096774193548385,2.0,4.055028247041089,31,19,True
110.0,4.0,True,pipes_found,4.0,PIPE_LM,13.906294270747267,2.735294117647059,3.0,7.799139435046942,34,21,True
111.0,2.0,True,pipes_found,4.0,PIPE_LM,18.211243681850988,2.3636363636363638,2.0,13.38189721583405,11,5,False
112.0,3.0,True,pipes_found,4.0,PIPE_LM,18.47582204047733,2.28,1.0,7.7069431074691765,25,10,False
113.0,5.0,True,pipes_found,4.0,PIPE_LM,19.720715715265147,2.5,2.0,7.682192353138217,18,8,True
114.0,4.0,True,pipes_found,4.0,PIPE_LM,16.740308513188992,2.7142857142857144,2.0,4.814511924229794,7,4,True
115.0,3.0,True,pipes_found,4.0,PIPE_LM,18.57953194787892,2.903225806451613,2.0,4.587850961505729,31,19,False
116.0,5.0,True,pipes_found,4.0,PIPE_LM,8.486443028212118,2.8,2.0,6.053202248312077,20,12,True
117.0,8.0,True,pipes_found,4.0,PIPE_LM,11.770801626291952,2.7419354838709675,2.0,5.458039820748296,31,19,True
118.0,2.0,True,pipes_found,4.0,PIPE_LM,4.9481731381099285,2.6923076923076925,3.0,3.482961734282812,13,7,False
119.0,5.0,True,pipes_found,4.0,PIPE_LM,17.812385748498127,2.925,2.0,6.966088641438139,40,25,True
120.0,2.0,True,pipes_found,4.0,PIPE_LM,11.823848913447803,2.870967741935484,2.0,7.637405842441094,31,21,False
121.0,4.0,True,pipes_found,4.0,PIPE_LM,17.547535369759274,2.923076923076923,2.0,11.201099746577658,13,8,True
122.0,4.0,True,pipes_found,4.0,PIPE_LM,12.724467423422345,2.9375,2.0,8.580357748843605,16,10,True
123.0,2.0,True,pipes_found,4.0,PIPE_LM,8.420538030287524,2.88,2.0,3.8340616964335936,25,14,False
124.0,4.0,True,pipes_found,4.0,PIPE_LM,5.971765855157537,2.5555555555555554,4.0,5.043542004365278,27,13,True
125.0,2.0,True,pipes_found,4.0,PIPE_LM,17.829097680830532,2.8,1.0,11.280295729992815,15,9,False
126.0,2.0,True,pipes_found,4.0,PIPE_LM,9.812699384708987,2.5454545454545454,1.0,6.865898014501081,11,7,False
127.0,3.0,True,pipes_found,4.0,PIPE_LM,18.9759804914617,2.8095238095238093,4.0,6.587845644176733,21,12,False
128.0,3.0,True,pipes_found,4.0,PIPE_LM,19.17690368330591,2.9523809523809526,2.0,2.5292194663598355,21,11,False
129.0,2.0,True,pipes_found,4.0,PIPE_LM,19.592791622082554,2.857142857142857,2.0,12.91644966720177,7,3,False
130.0,3.0,True,pipes_found,4.0,PIPE_LM,17.04865402108516,2.7241379310344827,3.0,6.354031595091443,29,18,False
131.0,2.0,True,pipes_found,4.0,PIPE_LM,7.508831844304163,2.5238095238095237,2.0,5.457495629235483,21,8,False
132.0,6.0,True,pipes_found,4.0,PIPE_LM,19.895799964675284,2.8095238095238093,1.0,9.572573485237134,21,13,True
133.0,2.0,True,pipes_found,4.0,PIPE_LM,11.236667663345429,2.782608695652174,2.0,6.353464523391337,23,13,False
134.0,2.0,True,pipes_found,4.0,PIPE_LM,11.759527326826012,2.9130434782608696,4.0,6.991990627588001,23,13,False
135.0,2.0,True,pipes_found,4.0,PIPE_LM,17.641447497061886,2.4285714285714284,2.0,11.059201485121752,14,7,False
136.0,4.0,True,pipes_found,4.0,PIPE_LM,16.799329979918227,2.55,2.0,5.823089514302324,20,12,True
137.0,2.0,True,pipes_found,4.0,PIPE_LM,11.649302505739847,2.5833333333333335,1.0,7.857255324041501,24,14,False
138.0,2.0,True,pipes_found,4.0,PIPE_LM,12.715617420535198,2.642857142857143,3.0,5.841045393648625,28,15,False
139.0,3.0,True,pipes_found,4.0,PIPE_LM,17.305194901406832,2.6451612903225805,3.0,7.557324846842423,31,14,False
140.0,2.0,True,pipes_found,4.0,PIPE_LM,19.22731523803652,2.857142857142857,3.0,6.051648440152145,14,9,False
141.0,9.0,True,pipes_found,4.0,PIPE_LM,14.274342379375382,2.5789473684210527,2.0,8.021723320503375,38,20,True
142.0,3.0,True,pipes_found,4.0,PIPE_LM,14.140731713434647,2.657142857142857,2.0,5.732642130409582,35,15,False
143.0,4.0,True,pipes_found,4.0,PIPE_LM,9.88697765613712,2.526315789473684,3.0,5.336280024383355,38,19,True
144.0,3.0,True,pipes_found,4.0,PIPE_LM,11.063929782290103,2.7142857142857144,2.0,6.746921682551535,21,14,False
145.0,3.0,True,pipes_found,4.0,PIPE_LM,12.292962753120582,2.6296296296296298,4.0,6.5812020312209105,27,15,False
146.0,2.0,True,pipes_found,4.0,PIPE_LM,19.360770513517995,2.7,2.0,7.208806932644354,20,12,False
147.0,2.0,True,pipes_found,4.0,PIPE_LM,12.837315414011417,2.8095238095238093,2.0,6.999712953228022,21,13,False
148.0,2.0,True,pipes_found,4.0,PIPE_LM,17.36145519987413,2.4,3.0,6.220016239650687,30,10,False
149.0,2.0,True,pipes_found,4.0,PIPE_LM,19.821994043825388,2.736842105263158,1.0,4.606281801864258,19,12,False
150.0,2.0,True,pipes_found,4.0,PIPE_LM,15.822449105963441,2.8461538461538463,1.0,12.401170576449486,13,8,False
151.0,2.0,True,pipes_found,4.0,PIPE_LM,11.238352354660345,2.7142857142857144,3.0,6.513755675828249,28,18,False
152.0,2.0,True,pipes_found,4.0,PIPE_LM,7.905069974590469,2.8846153846153846,4.0,3.0578935841079247,26,15,False
153.0,2.0,True,pipes_found,4.0,PIPE_LM,19.012438532422554,2.909090909090909,4.0,7.936748473308145,11,6,False
154.0,2.0,True,pipes_found,4.0,PIPE_LM,14.267607138975317,2.875,4.0,8.147908688950011,16,8,False
155.0,7.0,True,pipes_found,4.0,PIPE_LM,14.870324180272162,2.6,4.0,6.724058813965406,20,10,True
156.0,2.0,True,pipes_found,4.0,PIPE_LM,16.790491519176843,2.3333333333333335,1.0,6.242410495328062,15,6,False
157.0,2.0,True,pipes_found,4.0,PIPE_LM,12.979202179539413,2.727272727272727,3.0,6.417927424958407,33,21,False
158.0,2.0,True,pipes_found,4.0,PIPE_LM,19.56757000114071,2.5555555555555554,2.0,6.522002466437061,9,4,False
159.0,2.0,True,pipes_found,4.0,PIPE_LM,7.544385855719489,2.5,2.0,7.043829276724409,20,9,False
160.0,2.0,True,pipes_found,4.0,PIPE_LM,18.281015324401068,2.8,2.0,7.982565142277733,20,11,False
161.0,2.0,True,pipes_found,3.0,PIPE_LM,15.384291058831622,2.0,1.0,8.526183194411391,6,2,False
162.0,2.0,True,pipes_found,4.0,PIPE_LM,17.542844416820913,2.2222222222222223,1.0,7.899734079543922,9,4,False
163.0,4.0,True,pipes_found,4.0,PIPE_LM,19.974291578632283,2.4166666666666665,1.0,9.974774331729243,12,6,True
164.0,2.0,False,no_pipes_within_20.0m,,,,,,,0,0,False
165.0,2.0,True,pipes_found,4.0,PIPE_LM,15.605455781025478,2.7241379310344827,2.0,4.099589408542622,29,15,False
166.0,2.0,True,pipes_found,4.0,PIPE_LM,8.966374761531393,2.9,2.0,6.125324872127546,20,10,False
167.0,2.0,True,pipes_found,4.0,PIPE_LM,19.981340963552512,2.8666666666666667,2.0,7.253253985296452,30,21,False
168.0,2.0,True,pipes_found,4.0,PIPE_LM,19.615950617496278,2.761904761904762,3.0,7.695252951707382,21,12,False
169.0,2.0,True,pipes_found,4.0,PIPE_LM,14.334424625354252,2.6296296296296298,2.0,6.134640720424162,27,14,False
170.0,3.0,True,pipes_found,5.0,PIPE_LM,17.61847203774665,3.0,3.0,7.025666465717926,24,14,False
171.0,5.0,True,pipes_found,4.0,PIPE_LM,15.433411185874279,2.9545454545454546,4.0,3.7651871739778517,22,11,True
172.0,4.0,True,pipes_found,4.0,PIPE_LM,7.485749826274864,2.607142857142857,2.0,4.838672449307744,28,15,True
173.0,4.0,True,pipes_found,4.0,PIPE_LM,12.99214353703361,2.875,2.0,5.06881540964048,8,4,True
174.0,2.0,False,no_pipes_within_20.0m,,,,,,,0,0,False
175.0,2.0,True,pipes_found,4.0,PIPE_LM,19.41303709928361,2.6666666666666665,2.0,8.722358078755953,9,4,False
176.0,2.0,True,pipes_found,4.0,PIPE_LM,16.80250218718078,2.7916666666666665,2.0,7.529689366354003,24,12,False
177.0,2.0,True,pipes_found,4.0,PIPE_LM,11.805677795807629,2.923076923076923,2.0,4.810962185325993,13,7,False
178.0,2.0,True,pipes_found,4.0,PIPE_LM,13.323176191259689,2.8333333333333335,4.0,6.0859518807663235,18,9,False
179.0,2.0,True,pipes_found,4.0,PIPE_LM,14.747510396916264,2.675,3.0,5.156303161513335,40,21,False
180.0,2.0,True,pipes_found,4.0,PIPE_LM,19.800125780262636,2.8333333333333335,2.0,8.21888783613583,6,3,False
181.0,3.0,True,pipes_found,5.0,PIPE_LM,12.685597347245572,3.2758620689655173,5.0,4.248429345842734,29,21,False
182.0,2.0,True,pipes_found,30.0,PIPE_LM,10.761922164524641,4.433333333333334,4.0,3.6526629078223376,30,24,False
183.0,2.0,True,pipes_found,30.0,PIPE_LM,10.391912060295619,4.586206896551724,3.0,5.80167408811183,29,24,False
184.0,2.0,True,pipes_found,4.0,PIPE_LM,12.617776752560223,2.7857142857142856,2.0,7.7034743495209606,14,6,False
185.0,4.0,True,pipes_found,4.0,PIPE_LM,12.017393762984645,2.8333333333333335,4.0,7.509416108558505,12,5,True
186.0,2.0,True,pipes_found,4.0,PIPE_LM,10.063280233991485,2.875,2.0,7.376231321706399,16,11,False
187.0,2.0,True,pipes_found,4.0,PIPE_LM,16.343448658474166,3.0,2.0,6.564004375630621,20,13,False
188.0,2.0,True,pipes_found,4.0,PIPE_LM,18.18003317035139,2.909090909090909,2.0,8.719563287447915,11,6,False
189.0,3.0,True,pipes_found,4.0,PIPE_LM,18.50150843066761,2.9,2.0,8.22636497952849,20,13,False
190.0,2.0,True,pipes_found,5.0,PIPE_LM,12.229146660062092,3.1739130434782608,2.0,3.9697238372232055,23,15,False
191.0,2.0,True,pipes_found,5.0,PIPE_LM,13.84720435956766,2.923076923076923,2.0,6.145579868672761,26,17,False
192.0,2.0,True,pipes_found,4.0,PIPE_LM,12.984555972662896,2.764705882352941,2.0,7.875930365110714,34,21,False
193.0,2.0,True,pipes_found,4.0,PIPE_LM,8.244137087338983,3.076923076923077,2.0,7.030326616870433,13,9,False
194.0,3.0,True,pipes_found,4.0,PIPE_LM,17.472942842872857,3.0,2.0,5.71987905528106,15,8,False
195.0,2.0,True,pipes_found,4.0,PIPE_LM,14.740679572288885,2.857142857142857,2.0,7.271928260703175,14,8,False
196.0,2.0,True,pipes_found,4.0,PIPE_LM,18.276834403266346,2.4615384615384617,1.0,5.11517185508004,13,6,False
197.0,2.0,True,pipes_found,4.0,PIPE_LM,14.026828672038508,2.5454545454545454,4.0,8.119123602663745,11,4,False
198.0,3.0,True,pipes_found,4.0,PIPE_LM,11.990634055203321,2.888888888888889,3.0,6.958216113390038,9,6,False
199.0,2.0,True,pipes_found,4.0,PIPE_LM,11.694610826943105,3.0,2.0,5.7605709865592525,15,9,False
200.0,2.0,True,pipes_found,4.0,PIPE_LM,17.264933601532082,2.7142857142857144,1.0,7.541735847801655,14,9,False
201.0,2.0,True,pipes_found,4.0,PIPE_LM,18.934227581565445,2.9444444444444446,2.0,8.386889234207702,18,9,False
202.0,2.0,True,pipes_found,4.0,PIPE_LM,16.301740855515046,2.6176470588235294,2.0,5.9410674632819,34,19,False
203.0,2.0,True,pipes_found,4.0,PIPE_LM,8.657604253565207,2.6363636363636362,2.0,5.508391918801501,22,11,False
204.0,2.0,True,pipes_found,4.0,PIPE_LM,19.92011044614133,2.6315789473684212,1.0,1.6623695740580062,19,9,False
205.0,2.0,True,pipes_found,4.0,PIPE_LM,18.40993314310333,2.793103448275862,4.0,5.221595879200167,29,17,False
206.0,4.0,True,pipes_found,4.0,PIPE_LM,9.409211592217705,2.869565217391304,4.0,6.8823391787952,23,14,True
207.0,3.0,True,pipes_found,4.0,PIPE_LM,15.03586823627752,2.8,2.0,6.7939828179900426,30,18,False
208.0,2.0,True,pipes_found,4.0,PIPE_LM,14.81703405728643,2.6,3.0,7.59660501666239,10,5,False
209.0,2.0,True,pipes_found,4.0,PIPE_LM,14.848758639242014,3.076923076923077,2.0,7.08298253260459,13,10,False
210.0,4.0,True,pipes_found,4.0,PIPE_LM,18.52052808163826,2.611111111111111,3.0,5.539592304351524,18,9,True
211.0,2.0,True,pipes_found,4.0,PIPE_LM,14.452936638523202,2.48,2.0,4.831747169875974,25,11,False
212.0,2.0,True,pipes_found,4.0,PIPE_LM,12.679985932630306,2.6129032258064515,3.0,4.445002123153411,31,17,False
213.0,2.0,True,pipes_found,3.0,PIPE_LM,17.22242674496656,2.25,2.0,7.8910121056167934,8,4,False
214.0,3.0,True,pipes_found,4.0,PIPE_LM,9.00777538817199,2.75,2.0,7.064571315210553,24,14,False
215.0,2.0,True,pipes_found,4.0,PIPE_LM,14.52117998599496,2.8461538461538463,2.0,4.864878757846919,13,8,False
216.0,4.0,True,pipes_found,4.0,PIPE_LM,15.765098409479151,2.8181818181818183,4.0,7.77452866200547,22,14,True
217.0,2.0,True,pipes_found,4.0,PIPE_LM,19.425407257481133,2.5625,1.0,7.068591829540906,16,9,False
218.0,3.0,True,pipes_found,4.0,PIPE_LM,16.060070249704886,2.55,3.0,5.822453942813769,20,9,False
219.0,2.0,True,pipes_found,4.0,PIPE_LM,16.498990401349943,2.4375,2.0,11.993578148427934,16,7,False
220.0,2.0,True,pipes_found,4.0,PIPE_LM,7.7271700452528265,2.75,3.0,5.7639260012300735,24,15,False
221.0,2.0,True,pipes_found,4.0,PIPE_LM,9.73036814783511,2.870967741935484,2.0,5.520652156810533,31,18,False
222.0,2.0,True,pipes_found,5.0,PIPE_LM,15.106917871670685,2.8181818181818183,2.0,13.60449014337293,11,6,False
223.0,6.0,True,pipes_found,4.0,PIPE_LM,17.918465158979846,2.8421052631578947,2.0,7.08111318745567,19,11,True
224.0,2.0,True,pipes_found,4.0,PIPE_LM,19.77659028007239,2.8,1.0,3.966571152461752,10,6,False
225.0,5.0,True,pipes_found,4.0,PIPE_LM,19.051487615383042,2.65,3.0,3.493363919195926,40,20,True
226.0,2.0,True,pipes_found,4.0,PIPE_LM,11.367556773839976,2.611111111111111,2.0,7.432129955243477,18,11,False
227.0,2.0,True,pipes_found,4.0,PIPE_LM,19.409025582447597,2.888888888888889,2.0,8.050858198548596,18,8,False
228.0,2.0,True,pipes_found,5.0,PIPE_LM,14.2312939274216,3.1052631578947367,2.0,3.9286546362150245,19,13,False
229.0,2.0,True,pipes_found,4.0,PIPE_LM,12.509410855412854,2.7037037037037037,3.0,7.4224667221893315,27,17,False
230.0,2.0,True,pipes_found,4.0,PIPE_LM,8.00987572629448,2.8181818181818183,2.0,7.509426346512497,11,6,False
231.0,2.0,True,pipes_found,4.0,PIPE_LM,8.785782894580127,2.727272727272727,3.0,7.58355897516427,22,12,False
232.0,4.0,True,pipes_found,4.0,PIPE_LM,18.801068800972985,2.6785714285714284,4.0,8.763339491099385,28,14,True
233.0,2.0,True,pipes_found,4.0,PIPE_LM,18.97424699599942,2.6666666666666665,2.0,14.69991107795415,6,3,False
234.0,3.0,True,pipes_found,4.0,PIPE_LM,18.878403584641426,2.84,2.0,5.947968617043134,25,16,False
235.0,4.0,True,pipes_found,4.0,PIPE_LM,18.26589524625443,2.5918367346938775,4.0,3.297473777114824,49,25,True
236.0,2.0,True,pipes_found,4.0,PIPE_LM,18.501738005673403,2.388888888888889,1.0,5.309688562464541,18,10,False
237.0,2.0,True,pipes_found,4.0,PIPE_LM,19.995239573150453,2.588235294117647,2.0,7.609240182889104,17,9,False
238.0,2.0,True,pipes_found,4.0,PIPE_LM,17.45040578682851,2.8125,2.0,8.529858738510164,16,9,False
239.0,3.0,True,pipes_found,4.0,PIPE_LM,8.885091446455993,2.5,1.0,5.9002417073625635,14,7,False
240.0,4.0,True,pipes_found,4.0,PIPE_LM,15.83105441715218,2.7058823529411766,1.0,5.88610160675017,17,9,True
241.0,2.0,True,pipes_found,4.0,PIPE_LM,12.223163786190131,2.7058823529411766,3.0,11.209554756967169,17,10,False
242.0,4.0,True,pipes_found,4.0,PIPE_LM,12.797332312890132,2.739130434782609,2.0,7.721710135033772,23,13,True
243.0,2.0,True,pipes_found,4.0,PIPE_LM,19.653167038223017,2.272727272727273,2.0,13.067818149524184,11,2,False
244.0,2.0,True,pipes_found,4.0,PIPE_LM,13.58645878727279,2.6363636363636362,2.0,8.670746390595125,11,6,False
245.0,3.0,True,pipes_found,4.0,PIPE_LM,14.435564354148228,2.5483870967741935,2.0,7.199067010893375,31,13,False
246.0,2.0,True,pipes_found,4.0,PIPE_LM,19.905988546139188,2.6666666666666665,2.0,7.254146116178295,12,6,False
247.0,3.0,True,pipes_found,4.0,PIPE_LM,16.030399564130093,3.0,2.0,6.372642008132858,18,10,False
248.0,2.0,False,no_pipes_within_20.0m,,,,,,,0,0,False
249.0,2.0,True,pipes_found,4.0,PIPE_LM,17.219208405939174,2.5714285714285716,2.0,10.825214416548121,7,3,False
250.0,2.0,True,pipes_found,4.0,PIPE_LM,14.48271835197604,2.6216216216216215,2.0,7.823921332778561,37,17,False
251.0,2.0,True,pipes_found,4.0,PIPE_LM,16.954458053386258,2.857142857142857,4.0,7.540196264070332,14,6,False
252.0,6.0,True,pipes_found,4.0,PIPE_LM,10.210994905249922,2.4545454545454546,1.0,5.518231723128844,33,14,True
253.0,2.0,True,pipes_found,4.0,PIPE_LM,18.595374831262696,2.869565217391304,2.0,3.79829194866497,23,15,False
254.0,2.0,True,pipes_found,4.0,PIPE_LM,13.70860977085003,2.95,2.0,4.871480222349614,20,11,False
255.0,2.0,True,pipes_found,4.0,PIPE_LM,8.731553377086707,2.52,2.0,4.375131068064554,25,12,False
256.0,2.0,True,pipes_found,4.0,PIPE_LM,9.811031234432768,2.8333333333333335,4.0,7.083976414010671,12,7,False
257.0,4.0,True,pipes_found,4.0,PIPE_LM,10.328669026275675,2.6363636363636362,2.0,7.622768287927185,22,13,True
258.0,4.0,True,pipes_found,4.0,PIPE_LM,19.405713226965585,2.5833333333333335,3.0,7.196420925006777,12,5,True
259.0,2.0,True,pipes_found,4.0,PIPE_LM,12.8504682474821,2.6666666666666665,2.0,4.222827726956436,33,21,False
260.0,2.0,True,pipes_found,4.0,PIPE_LM,11.290819808097796,2.5454545454545454,1.0,4.600660522553937,11,6,False
261.0,2.0,True,pipes_found,3.0,PIPE_LM,19.958636115519784,2.0588235294117645,1.0,8.438574214693597,17,5,False
262.0,8.0,True,pipes_found,4.0,PIPE_LM,17.922655239382273,2.4285714285714284,2.0,3.7185707192022734,14,8,True
263.0,6.0,True,pipes_found,4.0,PIPE_LM,18.141011440121158,2.75,3.0,2.899929593301199,24,15,True
264.0,2.0,True,pipes_found,4.0,PIPE_LM,9.009047956779343,2.909090909090909,2.0,4.476075421705974,33,19,False
265.0,4.0,True,pipes_found,4.0,PIPE_LM,13.6762567890516,2.3636363636363638,2.0,5.197143243114904,22,7,True
266.0,2.0,True,pipes_found,4.0,PIPE_LM,18.883703333188965,2.2857142857142856,2.0,12.943712784217142,7,2,False
267.0,2.0,True,pipes_found,4.0,PIPE_LM,8.842115948786194,2.466666666666667,2.0,7.273834837159143,15,7,False
268.0,2.0,True,pipes_found,4.0,PIPE_LM,6.738037620576895,2.75,4.0,6.738037620576895,20,12,False
269.0,2.0,True,pipes_found,4.0,PIPE_LM,9.897375758223838,2.793103448275862,2.0,5.448639576491765,29,17,False
270.0,2.0,True,pipes_found,4.0,PIPE_LM,12.831638930471689,2.25,2.0,8.523767619407643,8,3,False
271.0,4.0,True,pipes_found,4.0,PIPE_LM,12.03785114287487,2.857142857142857,2.0,4.908111054749906,14,9,True
272.0,2.0,True,pipes_found,4.0,PIPE_LM,17.541172408098465,2.357142857142857,1.0,9.01510531204347,14,5,False
273.0,2.0,True,pipes_found,4.0,PIPE_LM,15.88042773562422,2.65,2.0,4.443040584413981,20,8,False
274.0,3.0,True,pipes_found,3.0,PIPE_LM,17.633611225034695,2.2666666666666666,1.0,2.3366712445495934,15,7,False
275.0,2.0,True,pipes_found,4.0,PIPE_LM,15.371373464648137,3.0,4.0,5.891530174912657,20,11,False
276.0,2.0,True,pipes_found,4.0,PIPE_LM,14.60964915937225,2.823529411764706,4.0,7.531323302882431,17,9,False
277.0,2.0,True,pipes_found,4.0,PIPE_LM,17.46535571686345,3.0,2.0,5.954324407743248,15,9,False
278.0,2.0,True,pipes_found,4.0,PIPE_LM,12.628521048918039,3.0625,4.0,8.843837669538544,16,9,False
279.0,3.0,True,pipes_found,4.0,PIPE_LM,10.93810558460241,2.5789473684210527,3.0,5.890278077358799,19,10,False
280.0,2.0,True,pipes_found,4.0,PIPE_LM,16.314270173377924,2.8076923076923075,2.0,11.290790998885504,26,16,False
281.0,2.0,True,pipes_found,3.0,PIPE_LM,19.033945563884583,2.0,1.0,13.510844185486588,4,2,False
282.0,2.0,True,pipes_found,4.0,PIPE_LM,17.55695713693356,2.8333333333333335,1.0,5.587971193439789,24,15,False
283.0,2.0,True,pipes_found,4.0,PIPE_LM,17.67136411639779,2.7333333333333334,3.0,8.224190338849125,15,8,False
284.0,2.0,True,pipes_found,4.0,PIPE_LM,10.515017287940791,2.75,2.0,4.611289441235452,32,22,False
285.0,2.0,True,pipes_found,4.0,PIPE_LM,10.167310962604498,2.875,2.0,6.231150386361497,16,9,False
286.0,2.0,True,pipes_found,4.0,PIPE_LM,18.033055318539287,2.8125,3.0,4.484492532194004,32,17,False
287.0,2.0,True,pipes_found,4.0,PIPE_LM,13.63896721561274,2.9310344827586206,4.0,6.935044479602756,29,17,False
288.0,4.0,True,pipes_found,3.0,PIPE_LM,18.46060481591468,2.3333333333333335,2.0,13.715040756707472,9,3,True
289.0,4.0,True,pipes_found,4.0,PIPE_LM,12.643086853228269,2.5714285714285716,1.0,4.478479487069727,14,9,True
290.0,2.0,True,pipes_found,4.0,PIPE_LM,12.06183983363295,2.5454545454545454,2.0,7.534858274164052,22,10,False
291.0,2.0,True,pipes_found,4.0,PIPE_LM,14.694760468651879,2.7142857142857144,3.0,5.272553685424459,21,12,False
292.0,3.0,True,pipes_found,4.0,PIPE_LM,11.649902841793523,3.0,4.0,7.555763805346443,14,8,False
293.0,2.0,True,pipes_found,4.0,PIPE_LM,19.48691728546945,2.3333333333333335,1.0,6.172064614590415,15,7,False
294.0,6.0,True,pipes_found,4.0,PIPE_LM,19.51341345120349,2.5714285714285716,2.0,11.321712591833236,7,4,True
295.0,4.0,True,pipes_found,4.0,PIPE_LM,19.06717051431082,2.857142857142857,2.0,10.629935876645641,7,3,True
296.0,2.0,True,pipes_found,4.0,PIPE_LM,8.25495237036915,2.607142857142857,3.0,5.419857471552387,28,15,False
297.0,2.0,True,pipes_found,4.0,PIPE_LM,19.362755469031924,2.590909090909091,2.0,4.352925504832866,22,11,False
298.0,2.0,True,pipes_found,4.0,PIPE_LM,10.538868122279455,2.8333333333333335,2.0,6.048936467168302,30,19,False
299.0,2.0,True,pipes_found,4.0,PIPE_LM,19.81998227911372,2.272727272727273,1.0,7.885041031076248,11,3,False
300.0,2.0,True,pipes_found,4.0,PIPE_LM,19.536919468177686,3.0,2.0,6.47308707245088,22,13,False
301.0,2.0,True,pipes_found,4.0,PIPE_LM,16.679270741047286,3.0384615384615383,2.0,3.698018741291253,26,17,False
302.0,2.0,True,pipes_found,4.0,PIPE_LM,6.640993641029058,2.4545454545454546,2.0,6.054795105293313,55,23,False
303.0,3.0,True,pipes_found,4.0,PIPE_LM,12.99235369608094,2.5652173913043477,2.0,8.708250861117792,23,11,False
304.0,2.0,True,pipes_found,4.0,PIPE_LM,14.058935531388796,2.71875,3.0,4.589503427406455,32,18,False
305.0,2.0,True,pipes_found,4.0,PIPE_LM,19.18343543068803,2.8846153846153846,2.0,9.236373739057768,26,16,False
306.0,2.0,True,pipes_found,4.0,PIPE_LM,15.375825611415127,2.4210526315789473,2.0,10.205160039908753,19,7,False
307.0,4.0,True,pipes_found,4.0,PIPE_LM,7.7887701681353585,2.7,3.0,5.157996766254361,30,16,True
308.0,2.0,True,pipes_found,4.0,PIPE_LM,9.748876055983578,2.526315789473684,2.0,6.592770910444684,19,7,False
309.0,2.0,True,pipes_found,4.0,PIPE_LM,16.607687606843307,2.764705882352941,2.0,6.881130057841544,17,9,False
310.0,2.0,True,pipes_found,4.0,PIPE_LM,11.607325613841192,2.5384615384615383,2.0,5.906496884400353,13,6,False
311.0,2.0,True,pipes_found,4.0,PIPE_LM,13.360270767301888,2.823529411764706,2.0,7.435137898506217,17,10,False
312.0,4.0,True,pipes_found,4.0,PIPE_LM,18.32005336383299,2.5,2.0,4.627026390928646,16,9,True
313.0,2.0,True,pipes_found,4.0,PIPE_LM,17.313727331376956,2.9565217391304346,2.0,6.195355124758866,23,14,False
314.0,4.0,True,pipes_found,6.0,PIPE_LM,8.778968116467333,3.0,1.0,7.479527210877978,14,9,True
315.0,2.0,True,pipes_found,4.0,PIPE_LM,16.038428365206492,2.642857142857143,3.0,6.367268801597977,28,15,False
316.0,2.0,True,pipes_found,4.0,PIPE_LM,11.30342044844347,2.5294117647058822,2.0,6.21595243178999,17,8,False
317.0,3.0,True,pipes_found,4.0,PIPE_LM,15.344477253146131,2.411764705882353,2.0,6.671396678022807,17,6,False
318.0,2.0,True,pipes_found,4.0,PIPE_LM,19.107831128201298,2.625,2.0,14.60037774395702,8,4,False
319.0,5.0,True,pipes_found,4.0,PIPE_LM,19.214030534460743,2.8125,2.0,6.279347698429184,16,9,True
320.0,2.0,True,pipes_found,4.0,PIPE_LM,9.064310546226665,2.7058823529411766,2.0,6.613692827342426,17,9,False
321.0,2.0,True,pipes_found,4.0,PIPE_LM,17.10105790175839,2.6129032258064515,2.0,6.12074425933338,31,17,False
322.0,3.0,True,pipes_found,1.0,SPLY_LS,15.230483864992744,1.0,1.0,15.230483864992744,1,0,False
323.0,4.0,True,pipes_found,4.0,PIPE_LM,16.701312128920193,2.5384615384615383,1.0,7.274623533357728,39,19,True
324.0,4.0,True,pipes_found,4.0,PIPE_LM,14.465690309778996,2.761904761904762,2.0,7.773451929807794,21,13,True
325.0,4.0,True,pipes_found,4.0,PIPE_LM,18.670047441837248,2.5384615384615383,1.0,6.651758616927522,26,10,True
326.0,4.0,True,pipes_found,2.0,SPLY_LS,19.33682125292131,2.0,2.0,19.33682125292131,1,0,True
327.0,2.0,True,pipes_found,4.0,PIPE_LM,7.072734937374253,2.769230769230769,2.0,5.306626560787341,13,8,False
328.0,4.0,True,pipes_found,4.0,PIPE_LM,19.41282856562942,2.2666666666666666,1.0,3.7583120268573014,15,5,True
329.0,2.0,True,pipes_found,4.0,PIPE_LM,7.845655333990352,2.35,2.0,7.181524635139335,20,8,False
330.0,2.0,True,pipes_found,3.0,PIPE_LM,16.850735693856183,2.375,2.0,13.606370344074413,8,4,False
331.0,3.0,True,pipes_found,4.0,PIPE_LM,19.397382767872855,2.8666666666666667,2.0,7.248119369315755,15,9,False
332.0,2.0,True,pipes_found,4.0,PIPE_LM,16.956212681913918,2.6363636363636362,1.0,3.599560110172023,22,11,False
333.0,3.0,True,pipes_found,4.0,PIPE_LM,7.202244741730497,2.857142857142857,2.0,4.261890195665346,35,22,False
334.0,2.0,True,pipes_found,4.0,PIPE_LM,19.402335259774635,2.892857142857143,2.0,5.5043256079522624,28,16,False
335.0,2.0,True,pipes_found,4.0,PIPE_LM,13.14612696099357,2.6,2.0,7.292593996313004,15,7,False
336.0,2.0,True,pipes_found,4.0,PIPE_LM,9.107608204702242,2.5,2.0,7.540137034191428,18,7,False
337.0,3.0,True,pipes_found,4.0,PIPE_LM,17.940820642960563,2.53125,1.0,4.042229993768951,32,17,False
338.0,6.0,True,pipes_found,5.0,PIPE_LM,17.597229385421866,2.95,2.0,7.192062496919313,20,11,True
339.0,3.0,True,pipes_found,2.0,PIPE_LM,19.91602798724502,1.8888888888888888,2.0,6.342012698821335,9,0,False
340.0,2.0,True,pipes_found,4.0,PIPE_LM,8.97644789002335,2.35,2.0,6.5948844324277145,20,6,False
341.0,3.0,True,pipes_found,5.0,PIPE_LM,14.966326152150408,2.764705882352941,2.0,6.4821130152578625,17,11,False
342.0,2.0,True,pipes_found,4.0,PIPE_LM,9.296264287433624,2.6363636363636362,2.0,7.778404035570381,11,5,False
343.0,4.0,True,pipes_found,4.0,PIPE_LM,15.462730089381614,2.909090909090909,4.0,5.338473686860929,11,5,True
344.0,5.0,True,pipes_found,5.0,PIPE_LM,9.424711068854497,2.676470588235294,2.0,6.634336610837979,34,16,True
345.0,2.0,True,pipes_found,4.0,PIPE_LM,19.17002494569912,2.2941176470588234,3.0,7.318145504116385,17,6,False
346.0,2.0,True,pipes_found,4.0,PIPE_LM,6.544418375933578,2.6666666666666665,1.0,5.314786557379784,24,15,False
347.0,4.0,False,no_pipes_within_20.0m,,,,,,,0,0,True
348.0,4.0,True,pipes_found,4.0,PIPE_LM,17.53409484242645,2.6666666666666665,2.0,6.614076819915872,21,11,True
349.0,2.0,True,pipes_found,4.0,PIPE_LM,19.91026842884392,2.5384615384615383,2.0,7.656653043822415,26,11,False
350.0,2.0,True,pipes_found,4.0,PIPE_LM,11.790662581563657,2.533333333333333,2.0,6.695763208433605,15,7,False
351.0,4.0,True,pipes_found,4.0,PIPE_LM,18.89956306853532,2.5161290322580645,1.0,7.909570297624535,31,14,True
352.0,2.0,True,pipes_found,4.0,PIPE_LM,19.314102413082313,2.5,2.0,4.54898991801468,12,6,False
353.0,2.0,True,pipes_found,4.0,PIPE_LM,16.916045758342918,2.4615384615384617,2.0,3.7156282349373226,13,6,False
354.0,2.0,True,pipes_found,4.0,PIPE_LM,8.528352642030269,2.75,2.0,5.661469229394016,16,9,False
355.0,2.0,True,pipes_found,4.0,PIPE_LM,18.57622772409925,2.8823529411764706,4.0,8.998142126035479,34,19,False
356.0,2.0,True,pipes_found,4.0,PIPE_LM,10.204032843126916,2.533333333333333,1.0,6.406595784441704,15,9,False
357.0,2.0,True,pipes_found,4.0,PIPE_LM,7.852620090862198,2.4347826086956523,2.0,5.949941795942724,23,8,False
358.0,2.0,True,pipes_found,4.0,PIPE_LM,16.15298830452291,2.7037037037037037,3.0,5.620769638427863,27,16,False
359.0,2.0,True,pipes_found,4.0,PIPE_LM,15.446127195040667,2.761904761904762,2.0,7.772070236740329,21,11,False
360.0,3.0,True,pipes_found,4.0,PIPE_LM,17.216177745935,2.4583333333333335,2.0,6.5178995123323595,24,9,False
361.0,2.0,True,pipes_found,4.0,PIPE_LM,12.997579925137428,2.764705882352941,2.0,10.81918507695551,17,9,False
362.0,2.0,True,pipes_found,4.0,PIPE_LM,16.318453773841618,2.7142857142857144,4.0,6.673137691921491,14,7,False
363.0,2.0,True,pipes_found,4.0,PIPE_LM,12.314531414087543,3.111111111111111,2.0,6.776664379877707,18,10,False
364.0,2.0,True,pipes_found,4.0,PIPE_LM,18.376574475576486,2.52,2.0,4.930734362112644,25,10,False
365.0,5.0,True,pipes_found,4.0,PIPE_LM,17.739362837290184,2.75,2.0,7.446491227316338,32,19,True
366.0,2.0,True,pipes_found,4.0,PIPE_LM,19.257424935075786,2.736842105263158,2.0,7.019678499400136,19,12,False
367.0,4.0,True,pipes_found,4.0,PIPE_LM,13.619224332238996,2.7857142857142856,3.0,8.652237293241187,14,9,True
368.0,2.0,True,pipes_found,4.0,PIPE_LM,15.163200150630828,2.3846153846153846,2.0,4.905115129857714,13,5,False
369.0,2.0,True,pipes_found,4.0,PIPE_LM,19.398537448996656,2.9047619047619047,2.0,5.269867396140487,21,13,False
370.0,6.0,True,pipes_found,4.0,PIPE_LM,10.099235419176862,2.6470588235294117,1.0,6.897471961512487,17,11,True
371.0,2.0,True,pipes_found,4.0,PIPE_LM,15.246399606418118,2.772727272727273,2.0,6.172757033749836,22,12,False
372.0,2.0,True,pipes_found,7.0,SPLY_LS,11.985546077535773,3.242424242424242,6.0,7.677538691858454,33,20,False
373.0,2.0,True,pipes_found,4.0,PIPE_LM,18.221284020247577,2.391304347826087,2.0,4.847916173835329,23,10,False
374.0,2.0,True,pipes_found,4.0,PIPE_LM,8.78139593217768,2.8,2.0,6.10970497294824,25,14,False
375.0,2.0,True,pipes_found,3.0,PIPE_LM,16.419674672352514,2.2941176470588234,3.0,9.480493904066922,17,6,False
376.0,2.0,True,pipes_found,4.0,PIPE_LM,15.627859271750436,2.8333333333333335,3.0,7.193808477337454,24,15,False
377.0,2.0,True,pipes_found,4.0,PIPE_LM,14.62831583184407,2.4,1.0,6.2813745772694105,10,4,False
378.0,2.0,True,pipes_found,5.0,PIPE_LM,12.673226703038798,2.625,2.0,9.225690252540478,32,14,False
379.0,2.0,True,pipes_found,5.0,PIPE_LM,19.82137715233506,2.9545454545454546,2.0,6.841863073104271,22,16,False
380.0,4.0,True,pipes_found,4.0,PIPE_LM,16.511315891159395,2.869565217391304,3.0,5.518534794808665,23,14,True
381.0,2.0,True,pipes_found,4.0,PIPE_LM,19.88468723899011,2.642857142857143,1.0,7.509969238602399,14,7,False
382.0,2.0,True,pipes_found,4.0,PIPE_LM,11.697999745290968,2.923076923076923,2.0,6.679029460578556,13,8,False
383.0,4.0,True,pipes_found,4.0,PIPE_LM,19.072587063279357,2.5238095238095237,1.0,10.286552292318675,21,13,True
384.0,2.0,True,pipes_found,4.0,PIPE_LM,13.741879660758734,2.8666666666666667,2.0,9.093920932959287,30,20,False
385.0,2.0,True,pipes_found,4.0,PIPE_LM,10.59878066403897,2.8125,2.0,8.484928484855278,16,9,False
386.0,2.0,True,pipes_found,4.0,PIPE_LM,13.327390373088729,3.0833333333333335,2.0,8.984442789644701,12,8,False
387.0,4.0,True,pipes_found,4.0,PIPE_LM,19.221498916008002,2.8461538461538463,2.0,5.57037538986285,26,15,True
388.0,2.0,True,pipes_found,4.0,PIPE_LM,13.98002268478324,2.4,3.0,5.157889235901557,10,4,False
389.0,4.0,True,pipes_found,4.0,PIPE_LM,9.20851470265438,2.76,2.0,7.636913037887998,25,13,True
390.0,3.0,True,pipes_found,4.0,PIPE_LM,19.582173217117727,2.888888888888889,2.0,9.103863596149033,18,10,False
391.0,2.0,True,pipes_found,5.0,PIPE_LM,9.382773405984473,2.7857142857142856,1.0,0.8893038231998042,28,17,False
392.0,4.0,True,pipes_found,4.0,PIPE_LM,17.025581025675574,3.111111111111111,3.0,5.737840637097783,18,11,True
393.0,6.0,True,pipes_found,4.0,PIPE_LM,19.65742781035046,2.588235294117647,1.0,9.078468684350915,17,7,True
394.0,2.0,True,pipes_found,4.0,PIPE_LM,17.401389883264283,2.8181818181818183,2.0,10.906434516633544,11,5,False
395.0,4.0,True,pipes_found,4.0,PIPE_LM,9.61296675853334,2.4,3.0,8.973705898020647,10,4,True
396.0,2.0,True,pipes_found,4.0,PIPE_LM,8.507393889972397,2.7058823529411766,2.0,7.6503838131598,17,9,False
397.0,2.0,True,pipes_found,4.0,PIPE_LM,12.861515495627978,2.6470588235294117,2.0,6.558063064171141,17,9,False
398.0,2.0,True,pipes_found,4.0,PIPE_LM,16.231068219076192,2.625,3.0,6.966973725483381,32,16,False
399.0,3.0,True,pipes_found,4.0,PIPE_LM,10.599187004782529,2.782608695652174,1.0,6.162001432190348,23,15,False
400.0,2.0,True,pipes_found,4.0,PIPE_LM,14.42232923159641,2.6666666666666665,2.0,9.307012053063344,15,8,False
401.0,3.0,True,pipes_found,4.0,PIPE_LM,18.918880794083968,3.0,2.0,4.597374557374706,15,8,False
402.0,2.0,True,pipes_found,4.0,PIPE_LM,17.91416945586722,2.772727272727273,2.0,7.724630085017782,22,14,False
403.0,2.0,True,pipes_found,4.0,PIPE_LM,18.43574377098277,2.5555555555555554,3.0,4.867383158771971,27,11,False
404.0,2.0,True,pipes_found,4.0,PIPE_LM,12.762194613696797,2.75,2.0,5.491273670416239,12,6,False
405.0,2.0,True,pipes_found,4.0,PIPE_LM,12.202945730106737,2.8461538461538463,2.0,7.604971411383919,13,6,False
406.0,2.0,True,pipes_found,4.0,PIPE_LM,15.104799391474463,2.5,2.0,8.095835278355159,12,6,False
407.0,2.0,True,pipes_found,4.0,PIPE_LM,19.59936328052214,2.5,2.0,6.965759767664238,20,8,False
408.0,3.0,True,pipes_found,4.0,PIPE_LM,17.524535926195874,2.8333333333333335,2.0,8.92730560097529,12,6,False
409.0,4.0,True,pipes_found,4.0,PIPE_LM,15.578241891048494,2.8125,2.0,6.718141654828045,16,10,True
410.0,2.0,True,pipes_found,4.0,PIPE_LM,16.868611740140313,2.4285714285714284,1.0,5.649231913498286,14,8,False
411.0,2.0,True,pipes_found,4.0,PIPE_LM,12.326582376852262,2.5,2.0,6.912809260412542,8,4,False
412.0,2.0,True,pipes_found,4.0,PIPE_LM,19.07224269254348,2.7037037037037037,2.0,4.954735317559797,27,14,False
413.0,2.0,True,pipes_found,4.0,PIPE_LM,18.40590632483719,2.888888888888889,2.0,5.738871659955615,18,10,False
414.0,2.0,True,pipes_found,4.0,PIPE_LM,11.881539841358611,2.5833333333333335,3.0,6.6168307361518295,24,12,False
415.0,4.0,True,pipes_found,4.0,PIPE_LM,18.078052179078416,2.909090909090909,2.0,7.0676491314540755,22,12,True
416.0,2.0,True,pipes_found,4.0,PIPE_LM,8.24127543556559,2.8636363636363638,4.0,6.821173215711365,22,13,False
417.0,2.0,True,pipes_found,4.0,PIPE_LM,18.261810808590525,2.8,3.0,7.61507196898038,20,12,False
418.0,2.0,True,pipes_found,3.0,PIPE_LM,19.627331684197753,1.7142857142857142,2.0,14.38334512708451,7,1,False
419.0,2.0,True,pipes_found,4.0,PIPE_LM,7.345282263905128,2.7,3.0,6.7652475681549324,20,13,False
420.0,4.0,True,pipes_found,4.0,PIPE_LM,17.037001828915017,2.875,2.0,7.2283786598453394,24,17,True
421.0,2.0,True,pipes_found,5.0,PIPE_LM,18.410477625907145,2.772727272727273,2.0,10.707225086466307,22,10,False
422.0,3.0,True,pipes_found,6.0,PIPE_LM,18.260917367584575,2.727272727272727,2.0,7.710356137199177,22,11,False
423.0,2.0,True,pipes_found,4.0,PIPE_LM,13.988171380323127,2.611111111111111,2.0,5.830676251692945,18,10,False
424.0,2.0,True,pipes_found,4.0,PIPE_LM,15.270845576853786,2.4,1.0,6.1626323444437885,10,4,False
425.0,2.0,True,pipes_found,4.0,PIPE_LM,18.332469457958855,2.6666666666666665,1.0,9.128163583067684,12,6,False
426.0,2.0,True,pipes_found,4.0,PIPE_LM,10.162108061382298,2.9130434782608696,2.0,5.075913334584018,23,15,False
427.0,2.0,True,pipes_found,4.0,PIPE_LM,18.431525975549416,2.7714285714285714,3.0,4.547419198529484,35,21,False
428.0,2.0,True,pipes_found,4.0,PIPE_LM,17.312726304091452,2.8260869565217392,2.0,7.37135162899244,23,12,False
429.0,2.0,True,pipes_found,4.0,PIPE_LM,19.29009633210405,2.4,2.0,8.557617101254548,15,6,False
430.0,2.0,True,pipes_found,4.0,PIPE_LM,5.629333379043236,2.7037037037037037,2.0,3.9687350829574988,27,14,False
431.0,2.0,True,pipes_found,4.0,PIPE_LM,13.569585703981993,2.7419354838709675,2.0,6.7864761529711135,31,19,False
432.0,2.0,True,pipes_found,4.0,PIPE_LM,18.980770440362384,2.7142857142857144,2.0,4.364076577171894,14,7,False
433.0,2.0,True,pipes_found,4.0,PIPE_LM,19.680906049472465,2.6923076923076925,2.0,6.898968657171729,13,7,False
434.0,2.0,True,pipes_found,4.0,PIPE_LM,13.412128730002424,2.7222222222222223,3.0,7.806088756906835,18,10,False
435.0,2.0,True,pipes_found,4.0,PIPE_LM,8.954311484069118,2.7666666666666666,2.0,1.990715928601808,30,17,False
436.0,2.0,True,pipes_found,4.0,PIPE_LM,18.13972148024797,2.4545454545454546,2.0,3.5210457658324947,33,12,False
437.0,2.0,True,pipes_found,4.0,PIPE_LM,15.897176410084226,2.727272727272727,2.0,9.578769494596989,22,12,False
438.0,3.0,True,pipes_found,4.0,PIPE_LM,17.875018771963717,2.380952380952381,3.0,8.104813302719199,21,8,False
439.0,2.0,True,pipes_found,4.0,PIPE_LM,16.26510758628853,2.857142857142857,4.0,7.469864653325216,21,11,False
440.0,2.0,True,pipes_found,4.0,PIPE_LM,16.269958528345846,3.0357142857142856,4.0,7.29677896323229,28,18,False
441.0,2.0,True,pipes_found,4.0,PIPE_LM,15.75172129113884,2.9130434782608696,2.0,4.725228882678134,23,14,False
442.0,2.0,True,pipes_found,4.0,PIPE_LM,17.422489077133385,2.3125,1.0,7.3120136016040025,16,6,False
443.0,3.0,True,pipes_found,4.0,PIPE_LM,16.002204275209056,2.6363636363636362,1.0,7.722645072868152,22,11,False
444.0,2.0,True,pipes_found,4.0,PIPE_LM,14.814119878786787,2.4,1.0,10.900450983654077,10,4,False
445.0,3.0,True,pipes_found,4.0,PIPE_LM,17.42857892203314,2.6,2.0,8.975391559579592,35,21,False
446.0,2.0,True,pipes_found,4.0,PIPE_LM,18.232464816522683,2.6923076923076925,3.0,5.632643750936194,13,7,False
447.0,5.0,True,pipes_found,4.0,PIPE_LM,15.50559820127349,2.6153846153846154,4.0,8.205608201845509,26,13,True
448.0,2.0,True,pipes_found,4.0,PIPE_LM,8.948540190370169,2.4871794871794872,2.0,4.535958262168328,39,18,False
449.0,2.0,True,pipes_found,4.0,PIPE_LM,11.447472907293337,2.6875,3.0,9.19481953284654,16,8,False
450.0,2.0,True,pipes_found,4.0,PIPE_LM,17.624314972938052,2.736842105263158,2.0,3.873270676534835,19,8,False
451.0,4.0,True,pipes_found,4.0,PIPE_LM,17.59295445962216,2.6666666666666665,2.0,7.582421781920237,12,7,True
452.0,2.0,True,pipes_found,4.0,PIPE_LM,19.341701076218765,2.3333333333333335,2.0,10.34897852062801,9,3,False
453.0,2.0,True,pipes_found,4.0,PIPE_LM,6.9250419729957455,2.7058823529411766,3.0,3.728103638488335,17,11,False
454.0,2.0,True,pipes_found,4.0,PIPE_LM,13.315015679539979,2.55,3.0,5.2291030348358785,40,19,False
455.0,2.0,True,pipes_found,4.0,PIPE_LM,15.457131260888161,2.5,2.0,5.267263379252811,24,9,False
456.0,2.0,True,pipes_found,4.0,PIPE_LM,17.523503068206246,2.772727272727273,3.0,8.641322696512017,22,15,False
457.0,2.0,True,pipes_found,4.0,PIPE_LM,17.565132011053745,2.652173913043478,4.0,6.511415324853812,23,13,False
458.0,2.0,True,pipes_found,4.0,PIPE_LM,19.310189053846525,2.5,1.0,12.832231129743462,4,2,False
459.0,6.0,True,pipes_found,4.0,PIPE_LM,9.605127010143548,2.7037037037037037,2.0,4.58496861131841,27,16,True
460.0,2.0,True,pipes_found,4.0,PIPE_LM,18.759985003440203,2.923076923076923,2.0,6.092585209129305,13,10,False
461.0,2.0,True,pipes_found,4.0,PIPE_LM,16.58514135607434,2.95,2.0,6.111982456503552,20,13,False
462.0,2.0,True,pipes_found,4.0,PIPE_LM,15.448959636763814,2.696969696969697,1.0,5.31077892365731,33,20,False
463.0,2.0,True,pipes_found,3.0,PIPE_LM,12.363684602039491,2.3333333333333335,2.0,10.1199911482331,15,5,False
464.0,4.0,True,pipes_found,4.0,PIPE_LM,19.096058919243266,2.8181818181818183,2.0,8.560401844400964,22,13,True
465.0,2.0,True,pipes_found,4.0,PIPE_LM,14.473172847504426,2.8333333333333335,2.0,8.956909680905264,18,11,False
466.0,2.0,True,pipes_found,4.0,PIPE_LM,13.264373621368293,2.466666666666667,3.0,7.617309689936191,30,13,False
467.0,2.0,True,pipes_found,4.0,PIPE_LM,18.292047650922672,2.7666666666666666,2.0,7.725437637720622,30,19,False
468.0,2.0,True,pipes_found,4.0,PIPE_LM,18.01453771879841,2.88,2.0,6.716876296427363,25,14,False
469.0,2.0,True,pipes_found,4.0,PIPE_LM,19.29240571107242,2.75,1.0,6.668174658232264,20,10,False
470.0,2.0,True,pipes_found,4.0,PIPE_LM,6.4840272481951535,2.8461538461538463,4.0,6.32527374869819,26,15,False
471.0,2.0,True,pipes_found,4.0,PIPE_LM,8.956677000726838,2.8461538461538463,3.0,7.187331590066421,26,17,False
472.0,2.0,True,pipes_found,4.0,PIPE_LM,10.441602936939661,2.8823529411764706,2.0,6.039744412338323,17,9,False
473.0,2.0,True,pipes_found,4.0,PIPE_LM,15.968465181320985,2.8620689655172415,4.0,6.131704410284475,29,19,False
474.0,2.0,True,pipes_found,4.0,PIPE_LM,12.7757552091236,2.8181818181818183,4.0,6.8747496993921295,22,12,False
475.0,2.0,True,pipes_found,4.0,PIPE_LM,9.86994412452978,3.210526315789474,2.0,6.543811938649543,19,15,False
476.0,2.0,True,pipes_found,4.0,PIPE_LM,19.053192203259986,2.611111111111111,3.0,10.007421728647504,18,9,False
477.0,2.0,True,pipes_found,4.0,PIPE_LM,13.617862677689514,3.3636363636363638,4.0,6.959517110781883,22,17,False
478.0,2.0,True,pipes_found,4.0,PIPE_LM,13.589613448266658,2.75,2.0,5.832495259823976,16,10,False
479.0,2.0,True,pipes_found,4.0,PIPE_LM,19.70500087789867,2.8,3.0,7.08236324181463,20,13,False
480.0,2.0,True,pipes_found,4.0,PIPE_LM,19.03088599075885,2.8,3.0,8.357625501502012,25,15,False
481.0,2.0,True,pipes_found,6.0,PIPE_LM,6.150060162072226,2.6153846153846154,2.0,4.587895182416383,26,11,False
482.0,2.0,True,pipes_found,4.0,PIPE_LM,18.968027943814036,2.6666666666666665,2.0,6.189930869926447,15,8,False
483.0,2.0,True,pipes_found,4.0,PIPE_LM,8.12668688901365,2.7419354838709675,3.0,4.008724971323872,31,16,False
484.0,2.0,True,pipes_found,4.0,PIPE_LM,19.13357346664408,2.8636363636363638,1.0,5.928864519025199,22,13,False
485.0,3.0,True,pipes_found,4.0,PIPE_LM,18.568844290645956,2.789473684210526,3.0,10.788066564340191,19,9,False
486.0,2.0,True,pipes_found,4.0,PIPE_LM,10.85014839324709,2.888888888888889,2.0,7.3551426073937245,9,6,False
487.0,2.0,True,pipes_found,4.0,PIPE_LM,17.35342778976646,2.6,2.0,11.846125474482868,15,6,False
488.0,2.0,True,pipes_found,4.0,PIPE_LM,14.407769974959445,2.7142857142857144,2.0,9.216757887434866,14,10,False
489.0,2.0,True,pipes_found,5.0,PIPE_LM,12.14357736471803,3.130434782608696,3.0,5.947666054987826,23,15,False
490.0,4.0,True,pipes_found,4.0,PIPE_LM,8.266623724352867,2.739130434782609,3.0,2.1668466432754414,23,14,True
491.0,2.0,True,pipes_found,4.0,PIPE_LM,19.891524349611416,2.5714285714285716,1.0,6.738302336084058,7,4,False
492.0,2.0,True,pipes_found,4.0,PIPE_LM,17.516170205795074,2.8181818181818183,2.0,4.853663789925787,22,14,False
493.0,2.0,True,pipes_found,4.0,PIPE_LM,17.932974805740596,2.611111111111111,2.0,7.946971222612755,18,8,False
494.0,2.0,True,pipes_found,4.0,PIPE_LM,17.594577775932425,2.6666666666666665,2.0,12.836089161183624,6,3,False
495.0,7.0,True,pipes_found,4.0,PIPE_LM,18.30305169875248,2.823529411764706,4.0,8.791716446259715,17,9,True
496.0,2.0,True,pipes_found,4.0,PIPE_LM,16.33691923971631,2.7142857142857144,2.0,2.7661051407189134,28,15,False
497.0,2.0,True,pipes_found,4.0,PIPE_LM,16.261334986332553,2.933333333333333,2.0,8.11469947334243,15,8,False
498.0,2.0,True,pipes_found,4.0,PIPE_LM,17.049954416568266,2.6551724137931036,2.0,4.920385408518702,29,15,False
499.0,2.0,True,pipes_found,4.0,PIPE_LM,19.547023469150865,2.9,1.0,6.669605012851202,20,11,False
500.0,2.0,True,pipes_found,4.0,PIPE_LM,13.934099927933767,2.888888888888889,2.0,10.238896322661287,18,10,False
501.0,2.0,True,pipes_found,4.0,PIPE_LM,17.592453343902836,2.8333333333333335,2.0,7.981897730784767,12,6,False
502.0,3.0,True,pipes_found,4.0,PIPE_LM,17.783110575490433,2.35,2.0,8.760708538655626,20,7,False
503.0,3.0,True,pipes_found,4.0,PIPE_LM,13.933957713525993,2.5142857142857142,2.0,5.6022470792619465,35,16,False
504.0,2.0,True,pipes_found,4.0,PIPE_LM,13.424459900923713,2.757575757575758,3.0,5.149717465731191,33,19,False
505.0,2.0,True,pipes_found,4.0,PIPE_LM,18.1164123634597,2.857142857142857,2.0,9.104764205290625,14,6,False
506.0,2.0,True,pipes_found,4.0,PIPE_LM,12.144805690556995,2.6,2.0,6.393377799956344,20,10,False
507.0,2.0,True,pipes_found,4.0,PIPE_LM,7.5533227599902,2.4166666666666665,2.0,5.360393482231916,12,5,False
508.0,2.0,True,pipes_found,4.0,PIPE_LM,18.53822916666849,2.466666666666667,2.0,7.168508031223688,15,7,False
509.0,2.0,True,pipes_found,4.0,PIPE_LM,10.550530604545111,2.8333333333333335,1.0,7.092638585475252,18,12,False
510.0,3.0,True,pipes_found,4.0,PIPE_LM,9.031377935789234,2.923076923076923,2.0,7.805409836516529,13,9,False
511.0,2.0,True,pipes_found,4.0,PIPE_LM,18.106983796565217,2.8947368421052633,2.0,6.629889069952764,19,13,False
512.0,2.0,True,pipes_found,4.0,PIPE_LM,9.253389495093145,3.1153846153846154,2.0,5.406797657572012,26,18,False
513.0,2.0,True,pipes_found,4.0,PIPE_LM,19.94808013964268,2.5,1.0,8.215350366671036,8,5,False
514.0,3.0,True,pipes_found,4.0,PIPE_LM,11.2029157027223,2.5,1.0,7.242271553140451,14,7,False
515.0,2.0,True,pipes_found,4.0,PIPE_LM,15.835449754406982,2.761904761904762,2.0,6.301507340729186,21,13,False
516.0,2.0,True,pipes_found,4.0,PIPE_LM,14.497234124038231,3.1818181818181817,2.0,5.486313753487304,22,15,False
517.0,2.0,True,pipes_found,4.0,PIPE_LM,9.181183790912087,2.8,4.0,4.390623624948277,20,11,False
518.0,4.0,True,pipes_found,4.0,PIPE_LM,15.04899607516966,2.5625,2.0,9.0196412645703,32,16,True
519.0,2.0,True,pipes_found,4.0,PIPE_LM,18.901761885555995,2.8636363636363638,2.0,8.814707605355238,22,11,False
520.0,2.0,True,pipes_found,4.0,PIPE_LM,13.765710024735622,2.5416666666666665,1.0,11.817524603692467,24,14,False
521.0,3.0,True,pipes_found,2.0,SPLY_LS,18.51898885327757,1.6666666666666667,1.0,16.694916120970564,3,0,False
522.0,2.0,True,pipes_found,4.0,PIPE_LM,9.313416685782103,2.740740740740741,4.0,3.8081300439139274,27,15,False
523.0,2.0,True,pipes_found,4.0,PIPE_LM,16.978334492026352,2.757575757575758,2.0,6.605762813159478,33,20,False
524.0,2.0,True,pipes_found,4.0,PIPE_LM,14.998299944754132,2.625,1.0,4.635715735776472,16,7,False
525.0,2.0,True,pipes_found,4.0,PIPE_LM,17.053674516823616,2.625,2.0,6.728062243486346,24,14,False
526.0,2.0,True,pipes_found,4.0,PIPE_LM,14.373238235168657,2.46875,2.0,7.839961440329872,32,13,False
527.0,3.0,True,pipes_found,4.0,PIPE_LM,9.236322927888422,2.789473684210526,2.0,5.45131620560286,19,12,False
528.0,2.0,True,pipes_found,4.0,PIPE_LM,9.874683374926393,2.857142857142857,2.0,7.766115888626078,14,8,False
529.0,2.0,True,pipes_found,4.0,PIPE_LM,17.753729788028952,2.6666666666666665,2.0,11.212562055280227,12,6,False
530.0,2.0,True,pipes_found,4.0,PIPE_LM,17.590183019358417,2.736842105263158,2.0,8.497611976490205,19,11,False
531.0,2.0,True,pipes_found,4.0,PIPE_LM,13.147754874896783,2.6,1.0,6.796956658320164,20,11,False
532.0,2.0,True,pipes_found,4.0,PIPE_LM,17.49594139501473,2.869565217391304,2.0,9.023380916860184,23,13,False
533.0,2.0,True,pipes_found,4.0,PIPE_LM,11.066013339529809,2.814814814814815,2.0,4.938903745413981,27,16,False
534.0,2.0,True,pipes_found,3.0,PIPE_LM,15.757199867322056,2.6,2.0,13.230678874647667,5,3,False
535.0,2.0,True,pipes_found,4.0,PIPE_LM,15.950447070192416,2.7222222222222223,2.0,7.139408866031987,18,9,False
536.0,2.0,True,pipes_found,4.0,PIPE_LM,18.892853160373154,2.4545454545454546,2.0,12.104420919890796,22,7,False
537.0,3.0,True,pipes_found,4.0,PIPE_LM,17.673514568291658,2.806451612903226,2.0,7.537055453227261,31,20,False
538.0,3.0,True,pipes_found,4.0,PIPE_LM,18.943368251307025,2.5789473684210527,1.0,7.093298045152232,19,10,False
539.0,2.0,True,pipes_found,4.0,PIPE_LM,14.744744672683892,2.764705882352941,3.0,8.607903497593322,17,12,False
540.0,2.0,True,pipes_found,4.0,PIPE_LM,16.526457572836343,2.7142857142857144,2.0,9.478297021079202,7,3,False
541.0,2.0,True,pipes_found,3.0,PIPE_LM,19.989387396633198,2.3,1.0,14.519280934039854,10,5,False
542.0,2.0,True,pipes_found,4.0,PIPE_LM,16.120641502498806,2.4444444444444446,2.0,8.092214840430248,9,4,False
543.0,2.0,True,pipes_found,4.0,PIPE_LM,17.88565436099145,3.0476190476190474,2.0,6.085053576783725,21,13,False
544.0,2.0,True,pipes_found,4.0,PIPE_LM,16.998975077930357,3.130434782608696,3.0,6.517735972084634,23,17,False
545.0,4.0,True,pipes_found,4.0,PIPE_LM,14.040070603220569,2.608695652173913,3.0,7.867817552808232,23,9,True
546.0,2.0,True,pipes_found,4.0,PIPE_LM,9.150906425696288,2.5142857142857142,2.0,7.049742005960578,35,15,False
547.0,2.0,True,pipes_found,4.0,PIPE_LM,13.577903587370615,2.6206896551724137,3.0,7.631410099091872,29,14,False
548.0,2.0,True,pipes_found,4.0,PIPE_LM,9.259370454548213,2.473684210526316,2.0,7.680906336909245,19,10,False
549.0,3.0,True,pipes_found,4.0,PIPE_LM,11.937342261538774,2.7142857142857144,2.0,8.69223297911794,14,7,False
550.0,2.0,True,pipes_found,4.0,PIPE_LM,16.74767412561579,2.8125,2.0,8.871768402662687,16,9,False
551.0,3.0,True,pipes_found,4.0,PIPE_LM,8.937770080354468,2.5714285714285716,2.0,2.104582286852131,14,7,False
552.0,2.0,True,pipes_found,4.0,PIPE_LM,18.524886515039885,2.9444444444444446,2.0,7.574760620924127,18,9,False
553.0,2.0,True,pipes_found,4.0,PIPE_LM,9.998158791011946,2.6923076923076925,4.0,6.47757742178511,13,6,False
554.0,2.0,True,pipes_found,4.0,PIPE_LM,18.23580957542612,2.6666666666666665,2.0,5.908267479931095,12,6,False
555.0,2.0,True,pipes_found,4.0,PIPE_LM,16.944632598178462,2.6842105263157894,2.0,8.917093820817756,19,10,False
556.0,3.0,True,pipes_found,4.0,PIPE_LM,19.66653664665592,2.736842105263158,2.0,10.521530482194441,19,9,False
557.0,3.0,True,pipes_found,4.0,PIPE_LM,10.710870321989574,2.4545454545454546,2.0,8.48424105150127,11,5,False
558.0,2.0,True,pipes_found,4.0,PIPE_LM,14.971338365347638,2.857142857142857,2.0,8.367308040830071,14,7,False
559.0,2.0,True,pipes_found,4.0,PIPE_LM,12.868114106626535,2.5,2.0,7.712816050448304,10,5,False
560.0,2.0,True,pipes_found,3.0,PIPE_LM,16.889339287695307,2.0,1.0,11.10730101128252,2,1,False
561.0,2.0,True,pipes_found,4.0,PIPE_LM,9.298416880339126,2.473684210526316,2.0,7.867707389941619,19,8,False
562.0,2.0,True,pipes_found,4.0,PIPE_LM,9.910202267951933,2.5238095238095237,2.0,7.7215816907335855,21,11,False
563.0,2.0,True,pipes_found,4.0,PIPE_LM,15.014515626650116,2.25,1.0,8.2948849311642,8,3,False
564.0,2.0,True,pipes_found,4.0,PIPE_LM,19.93312937095048,3.0588235294117645,4.0,6.97587619973258,17,9,False
565.0,2.0,True,pipes_found,4.0,PIPE_LM,16.82777811789047,2.740740740740741,2.0,6.757295304859202,27,13,False
566.0,3.0,True,pipes_found,4.0,PIPE_LM,4.686053260018339,2.4166666666666665,2.0,3.5256089834158315,12,5,False
567.0,2.0,True,pipes_found,4.0,PIPE_LM,11.945311414744307,3.111111111111111,2.0,4.129383408202139,9,5,False
568.0,2.0,True,pipes_found,4.0,PIPE_LM,7.438747045890958,2.6470588235294117,2.0,5.983811860935481,17,7,False
569.0,2.0,True,pipes_found,4.0,PIPE_LM,7.520652816403607,2.5,2.0,5.0187002712195135,30,15,False
570.0,2.0,True,pipes_found,4.0,PIPE_LM,19.927448310741205,2.8666666666666667,2.0,8.301003513992129,15,9,False
571.0,2.0,True,pipes_found,5.0,PIPE_LM,19.72508005378069,3.0555555555555554,2.0,6.752074429935086,18,11,False
572.0,2.0,True,pipes_found,4.0,PIPE_LM,11.099643105907202,2.8636363636363638,2.0,4.511057889534898,22,13,False
573.0,2.0,True,pipes_found,4.0,PIPE_LM,18.426942858921745,3.0555555555555554,2.0,5.177025668922615,18,11,False
574.0,2.0,True,pipes_found,4.0,PIPE_LM,7.737914831003639,2.55,3.0,4.662002812856384,20,10,False
575.0,2.0,True,pipes_found,4.0,PIPE_LM,17.43244837578627,2.8125,2.0,9.946195630271,16,9,False
576.0,2.0,True,pipes_found,4.0,PIPE_LM,13.972714306038078,2.588235294117647,1.0,5.175468999634724,17,8,False
577.0,3.0,True,pipes_found,4.0,PIPE_LM,19.576066834768344,2.3333333333333335,2.0,11.169345278764226,12,5,False
578.0,2.0,True,pipes_found,4.0,PIPE_LM,15.098736664749936,2.6666666666666665,3.0,6.264926413027826,12,6,False
579.0,2.0,True,pipes_found,4.0,PIPE_LM,13.391000885078626,2.84,3.0,7.671107859644118,25,17,False
580.0,2.0,True,pipes_found,4.0,PIPE_LM,19.69480127529077,2.8823529411764706,2.0,5.050933439774926,34,22,False
581.0,2.0,True,pipes_found,4.0,PIPE_LM,19.85106551892863,2.6666666666666665,2.0,8.56508080240503,24,12,False
582.0,2.0,False,no_pipes_within_20.0m,,,,,,,0,0,False
583.0,2.0,True,pipes_found,4.0,PIPE_LM,18.32780931753487,2.642857142857143,2.0,6.213235304557175,14,7,False
584.0,3.0,True,pipes_found,4.0,PIPE_LM,18.223718307428857,2.235294117647059,1.0,7.360890918287799,17,4,False
585.0,2.0,True,pipes_found,3.0,PIPE_LM,14.735566199568755,2.2,1.0,0.23254274274617315,5,2,False
586.0,2.0,True,pipes_found,4.0,PIPE_LM,19.69143636363617,2.8666666666666667,3.0,4.682308113081665,30,18,False
587.0,2.0,True,pipes_found,4.0,PIPE_LM,10.119630527472706,2.764705882352941,3.0,4.057934306393957,17,9,False
588.0,2.0,True,pipes_found,4.0,PIPE_LM,5.456191113444113,2.238095238095238,4.0,5.456191113444113,21,6,False
589.0,2.0,True,pipes_found,4.0,PIPE_LM,16.931426162047426,2.962962962962963,2.0,3.1705934757624243,27,16,False
590.0,2.0,True,pipes_found,4.0,PIPE_LM,10.940899288235789,2.75,2.0,8.540166435018273,12,8,False
