FTR_IDN,lithoidx,lithoname,K_SOIL
480237,Km1,경상누층군신동층군낙동층,1.0
480242,Km1,경상누층군신동층군낙동층,1.0
480244,Km2,신동층군하산동층,1.0
480254,Km2,신동층군하산동층,1.0
480274,Km1,경상누층군신동층군낙동층,1.0
480275,Km2,신동층군하산동층,1.0
480359,Km2,신동층군하산동층,1.0
480360,Km2,신동층군하산동층,1.0
480657,Km1,경상누층군신동층군낙동층,1.0
480677,Km2,신동층군하산동층,1.0
480688,Km2,신동층군하산동층,1.0
480689,Km1,경상누층군신동층군낙동층,1.0
480698,Km1,경상누층군신동층군낙동층,1.0
483213,Km2,신동층군하산동층,1.0
483853,Km1,경상누층군신동층군낙동층,1.0
483854,Km1,경상누층군신동층군낙동층,1.0
483855,Km1,경상누층군신동층군낙동층,1.0
483856,Km1,경상누층군신동층군낙동층,1.0
483857,Km2,신동층군하산동층,1.0
483858,Km2,신동층군하산동층,1.0
483859,Km2,신동층군하산동층,1.0
483860,Km2,신동층군하산동층,1.0
483861,Km2,신동층군하산동층,1.0
483862,Km2,신동층군하산동층,1.0
483863,Km2,신동층군하산동층,1.0
483864,Km2,신동층군하산동층,1.0
483865,Km2,신동층군하산동층,1.0
483866,Km2,신동층군하산동층,1.0
483867,Km2,신동층군하산동층,1.0
483868,Km2,신동층군하산동층,1.0
483869,Km2,신동층군하산동층,1.0
483870,Km2,신동층군하산동층,1.0
483871,Km2,신동층군하산동층,1.0
483872,Km2,신동층군하산동층,1.0
483873,Km2,신동층군하산동층,1.0
483874,Km2,신동층군하산동층,1.0
483875,Km2,신동층군하산동층,1.0
483876,Km2,신동층군하산동층,1.0
483878,Km2,신동층군하산동층,1.0
483879,Km2,신동층군하산동층,1.0
483880,Km2,신동층군하산동층,1.0
483881,Km2,신동층군하산동층,1.0
483882,Km2,신동층군하산동층,1.0
483883,Km2,신동층군하산동층,1.0
483884,Km2,신동층군하산동층,1.0
483885,Km2,신동층군하산동층,1.0
483886,Km2,신동층군하산동층,1.0
483887,Km2,신동층군하산동층,1.0
483888,Km2,신동층군하산동층,1.0
483889,Km2,신동층군하산동층,1.0
483890,Km2,신동층군하산동층,1.0
483891,Km2,신동층군하산동층,1.0
483892,Km2,신동층군하산동층,1.0
483893,Km2,신동층군하산동층,1.0
483894,Km2,신동층군하산동층,1.0
483895,Km2,신동층군하산동층,1.0
483896,Km2,신동층군하산동층,1.0
483897,Km2,신동층군하산동층,1.0
483898,Km2,신동층군하산동층,1.0
483899,Km2,신동층군하산동층,1.0
483900,Km2,신동층군하산동층,1.0
483901,Km2,신동층군하산동층,1.0
483902,Km2,신동층군하산동층,1.0
483903,Km2,신동층군하산동층,1.0
483904,Km2,신동층군하산동층,1.0
483905,Km2,신동층군하산동층,1.0
483906,Km2,신동층군하산동층,1.0
483907,Km2,신동층군하산동층,1.0
483908,Km2,신동층군하산동층,1.0
483909,Km2,신동층군하산동층,1.0
483910,Km2,신동층군하산동층,1.0
483911,Km2,신동층군하산동층,1.0
483912,Km2,신동층군하산동층,1.0
483913,Km2,신동층군하산동층,1.0
483914,Km2,신동층군하산동층,1.0
483915,Km2,신동층군하산동층,1.0
483916,Km2,신동층군하산동층,1.0
483917,Km2,신동층군하산동층,1.0
483918,Km2,신동층군하산동층,1.0
483919,Km2,신동층군하산동층,1.0
483920,Km2,신동층군하산동층,1.0
483921,Km2,신동층군하산동층,1.0
483922,Km2,신동층군하산동층,1.0
483923,Km2,신동층군하산동층,1.0
483924,Km2,신동층군하산동층,1.0
483925,Km2,신동층군하산동층,1.0
483926,Km2,신동층군하산동층,1.0
483927,Km2,신동층군하산동층,1.0
483928,Km2,신동층군하산동층,1.0
483929,Km2,신동층군하산동층,1.0
483930,Km2,신동층군하산동층,1.0
483931,Km2,신동층군하산동층,1.0
483932,Km2,신동층군하산동층,1.0
483933,Km2,신동층군하산동층,1.0
483934,Km2,신동층군하산동층,1.0
483935,Km2,신동층군하산동층,1.0
483936,Km2,신동층군하산동층,1.0
483937,Km2,신동층군하산동층,1.0
483938,Km2,신동층군하산동층,1.0
483939,Km2,신동층군하산동층,1.0
483940,Km2,신동층군하산동층,1.0
483941,Km2,신동층군하산동층,1.0
483942,Km2,신동층군하산동층,1.0
483943,Km2,신동층군하산동층,1.0
483944,Km2,신동층군하산동층,1.0
483945,Km2,신동층군하산동층,1.0
483946,Km2,신동층군하산동층,1.0
483947,Km2,신동층군하산동층,1.0
483948,Km2,신동층군하산동층,1.0
483949,Km2,신동층군하산동층,1.0
483950,Km2,신동층군하산동층,1.0
483951,Km2,신동층군하산동층,1.0
483952,Km1,경상누층군신동층군낙동층,1.0
483953,Km1,경상누층군신동층군낙동층,1.0
483954,Km1,경상누층군신동층군낙동층,1.0
483955,Km1,경상누층군신동층군낙동층,1.0
483956,Km1,경상누층군신동층군낙동층,1.0
483957,Km1,경상누층군신동층군낙동층,1.0
483958,Km1,경상누층군신동층군낙동층,1.0
483959,Km1,경상누층군신동층군낙동층,1.0
483960,Km1,경상누층군신동층군낙동층,1.0
483961,Km2,신동층군하산동층,1.0
483962,Km2,신동층군하산동층,1.0
483963,Km2,신동층군하산동층,1.0
483964,Km2,신동층군하산동층,1.0
483965,Km1,경상누층군신동층군낙동층,1.0
483966,Km2,신동층군하산동층,1.0
483967,Km1,경상누층군신동층군낙동층,1.0
483968,Km1,경상누층군신동층군낙동층,1.0
483969,Km1,경상누층군신동층군낙동층,1.0
483970,Km2,신동층군하산동층,1.0
483971,Km2,신동층군하산동층,1.0
483972,Km2,신동층군하산동층,1.0
483973,Km1,경상누층군신동층군낙동층,1.0
483974,Km1,경상누층군신동층군낙동층,1.0
483975,Km1,경상누층군신동층군낙동층,1.0
483976,Km1,경상누층군신동층군낙동층,1.0
483977,Km1,경상누층군신동층군낙동층,1.0
483978,Km1,경상누층군신동층군낙동층,1.0
483979,Km1,경상누층군신동층군낙동층,1.0
483980,Km1,경상누층군신동층군낙동층,1.0
483981,Km1,경상누층군신동층군낙동층,1.0
483982,Km1,경상누층군신동층군낙동층,1.0
483983,Km1,경상누층군신동층군낙동층,1.0
483984,Km1,경상누층군신동층군낙동층,1.0
483985,Km1,경상누층군신동층군낙동층,1.0
483986,Km1,경상누층군신동층군낙동층,1.0
483987,Km1,경상누층군신동층군낙동층,1.0
483988,Km1,경상누층군신동층군낙동층,1.0
483989,Km1,경상누층군신동층군낙동층,1.0
483990,Km1,경상누층군신동층군낙동층,1.0
483991,Km1,경상누층군신동층군낙동층,1.0
483992,Km1,경상누층군신동층군낙동층,1.0
483993,Km1,경상누층군신동층군낙동층,1.0
483994,Km1,경상누층군신동층군낙동층,1.0
483995,Km1,경상누층군신동층군낙동층,1.0
483996,Km1,경상누층군신동층군낙동층,1.0
483997,Km1,경상누층군신동층군낙동층,1.0
483998,Km1,경상누층군신동층군낙동층,1.0
483999,Km1,경상누층군신동층군낙동층,1.0
484000,Km1,경상누층군신동층군낙동층,1.0
484001,Km1,경상누층군신동층군낙동층,1.0
484002,Km1,경상누층군신동층군낙동층,1.0
484003,Km1,경상누층군신동층군낙동층,1.0
484004,Km1,경상누층군신동층군낙동층,1.0
484005,Km1,경상누층군신동층군낙동층,1.0
484006,Km1,경상누층군신동층군낙동층,1.0
484007,Km1,경상누층군신동층군낙동층,1.0
484008,Km2,신동층군하산동층,1.0
484009,Km2,신동층군하산동층,1.0
484010,Km2,신동층군하산동층,1.0
484011,Km2,신동층군하산동층,1.0
484012,Km2,신동층군하산동층,1.0
484013,Km2,신동층군하산동층,1.0
484014,Km2,신동층군하산동층,1.0
484015,Km2,신동층군하산동층,1.0
484016,Km2,신동층군하산동층,1.0
484017,Km2,신동층군하산동층,1.0
484018,Km2,신동층군하산동층,1.0
484019,Km2,신동층군하산동층,1.0
484020,Km2,신동층군하산동층,1.0
484021,Km1,경상누층군신동층군낙동층,1.0
484022,Km2,신동층군하산동층,1.0
484023,Km1,경상누층군신동층군낙동층,1.0
484024,Km1,경상누층군신동층군낙동층,1.0
484025,Km1,경상누층군신동층군낙동층,1.0
484026,Km1,경상누층군신동층군낙동층,1.0
484027,Km1,경상누층군신동층군낙동층,1.0
484028,Km1,경상누층군신동층군낙동층,1.0
484029,Km1,경상누층군신동층군낙동층,1.0
484030,Km1,경상누층군신동층군낙동층,1.0
484031,Km1,경상누층군신동층군낙동층,1.0
484032,Km1,경상누층군신동층군낙동층,1.0
484033,Km1,경상누층군신동층군낙동층,1.0
484034,Km1,경상누층군신동층군낙동층,1.0
484035,Km1,경상누층군신동층군낙동층,1.0
484036,Km1,경상누층군신동층군낙동층,1.0
484037,Km1,경상누층군신동층군낙동층,1.0
484038,Km1,경상누층군신동층군낙동층,1.0
484039,Km1,경상누층군신동층군낙동층,1.0
484040,Km1,경상누층군신동층군낙동층,1.0
484041,Km1,경상누층군신동층군낙동층,1.0
484042,Km1,경상누층군신동층군낙동층,1.0
484043,Km1,경상누층군신동층군낙동층,1.0
484044,Km1,경상누층군신동층군낙동층,1.0
484045,Km1,경상누층군신동층군낙동층,1.0
484046,Km1,경상누층군신동층군낙동층,1.0
484047,Km1,경상누층군신동층군낙동층,1.0
484048,Km1,경상누층군신동층군낙동층,1.0
484049,Km1,경상누층군신동층군낙동층,1.0
484050,Km1,경상누층군신동층군낙동층,1.0
484051,Km1,경상누층군신동층군낙동층,1.0
484052,Km1,경상누층군신동층군낙동층,1.0
484053,Km1,경상누층군신동층군낙동층,1.0
484054,Km1,경상누층군신동층군낙동층,1.0
484055,Km1,경상누층군신동층군낙동층,1.0
484056,Km1,경상누층군신동층군낙동층,1.0
484057,Km1,경상누층군신동층군낙동층,1.0
484058,Km1,경상누층군신동층군낙동층,1.0
484059,Km1,경상누층군신동층군낙동층,1.0
484060,Km1,경상누층군신동층군낙동층,1.0
484061,Km1,경상누층군신동층군낙동층,1.0
484062,Km1,경상누층군신동층군낙동층,1.0
484063,Km2,신동층군하산동층,1.0
484064,Km1,경상누층군신동층군낙동층,1.0
484065,Km2,신동층군하산동층,1.0
484066,Km2,신동층군하산동층,1.0
484067,Km2,신동층군하산동층,1.0
484068,Km2,신동층군하산동층,1.0
484069,Km1,경상누층군신동층군낙동층,1.0
484070,Km1,경상누층군신동층군낙동층,1.0
484071,Km1,경상누층군신동층군낙동층,1.0
484072,Km1,경상누층군신동층군낙동층,1.0
484073,Km1,경상누층군신동층군낙동층,1.0
484074,Km1,경상누층군신동층군낙동층,1.0
484075,Km1,경상누층군신동층군낙동층,1.0
484076,Km1,경상누층군신동층군낙동층,1.0
484077,Km1,경상누층군신동층군낙동층,1.0
484078,Km1,경상누층군신동층군낙동층,1.0
484079,Km1,경상누층군신동층군낙동층,1.0
484080,Km1,경상누층군신동층군낙동층,1.0
484081,Km1,경상누층군신동층군낙동층,1.0
484082,Km1,경상누층군신동층군낙동층,1.0
484083,Km1,경상누층군신동층군낙동층,1.0
484084,Km2,신동층군하산동층,1.0
484085,Km1,경상누층군신동층군낙동층,1.0
484086,Km1,경상누층군신동층군낙동층,1.0
484087,Km1,경상누층군신동층군낙동층,1.0
484088,Km1,경상누층군신동층군낙동층,1.0
484089,Km1,경상누층군신동층군낙동층,1.0
484090,Km1,경상누층군신동층군낙동층,1.0
484091,Km1,경상누층군신동층군낙동층,1.0
484092,Km1,경상누층군신동층군낙동층,1.0
484093,Km1,경상누층군신동층군낙동층,1.0
484094,Km1,경상누층군신동층군낙동층,1.0
484095,Km1,경상누층군신동층군낙동층,1.0
484096,Km1,경상누층군신동층군낙동층,1.0
484097,Km1,경상누층군신동층군낙동층,1.0
484098,Km1,경상누층군신동층군낙동층,1.0
484099,Km1,경상누층군신동층군낙동층,1.0
484100,Km1,경상누층군신동층군낙동층,1.0
484101,Km1,경상누층군신동층군낙동층,1.0
484102,Km1,경상누층군신동층군낙동층,1.0
484103,Km1,경상누층군신동층군낙동층,1.0
484104,Km1,경상누층군신동층군낙동층,1.0
484105,Km1,경상누층군신동층군낙동층,1.0
484106,Km1,경상누층군신동층군낙동층,1.0
484107,Km1,경상누층군신동층군낙동층,1.0
484108,Km1,경상누층군신동층군낙동층,1.0
484109,Km1,경상누층군신동층군낙동층,1.0
484110,Km1,경상누층군신동층군낙동층,1.0
484111,Km1,경상누층군신동층군낙동층,1.0
484112,Km1,경상누층군신동층군낙동층,1.0
484113,Km1,경상누층군신동층군낙동층,1.0
484114,Km1,경상누층군신동층군낙동층,1.0
484115,Km1,경상누층군신동층군낙동층,1.0
484116,Km1,경상누층군신동층군낙동층,1.0
484117,Km1,경상누층군신동층군낙동층,1.0
484118,Km1,경상누층군신동층군낙동층,1.0
484119,Km1,경상누층군신동층군낙동층,1.0
484120,Km1,경상누층군신동층군낙동층,1.0
484121,Km1,경상누층군신동층군낙동층,1.0
484122,Km1,경상누층군신동층군낙동층,1.0
484123,Km1,경상누층군신동층군낙동층,1.0
484124,Km1,경상누층군신동층군낙동층,1.0
484125,Km1,경상누층군신동층군낙동층,1.0
484126,Km1,경상누층군신동층군낙동층,1.0
484127,Km1,경상누층군신동층군낙동층,1.0
484128,Km1,경상누층군신동층군낙동층,1.0
484129,Km1,경상누층군신동층군낙동층,1.0
484130,Km1,경상누층군신동층군낙동층,1.0
484131,Km1,경상누층군신동층군낙동층,1.0
484132,Km1,경상누층군신동층군낙동층,1.0
484133,Km1,경상누층군신동층군낙동층,1.0
484134,Km1,경상누층군신동층군낙동층,1.0
484135,Km1,경상누층군신동층군낙동층,1.0
484136,Km2,신동층군하산동층,1.0
484137,Km2,신동층군하산동층,1.0
484138,Km2,신동층군하산동층,1.0
484139,Km2,신동층군하산동층,1.0
484140,Km2,신동층군하산동층,1.0
484141,Km2,신동층군하산동층,1.0
484142,Km2,신동층군하산동층,1.0
484143,Km2,신동층군하산동층,1.0
484144,Km2,신동층군하산동층,1.0
484145,Km2,신동층군하산동층,1.0
484146,Km2,신동층군하산동층,1.0
484147,Km2,신동층군하산동층,1.0
484148,Km2,신동층군하산동층,1.0
484149,Km2,신동층군하산동층,1.0
484150,Km2,신동층군하산동층,1.0
484151,Km2,신동층군하산동층,1.0
484152,Km2,신동층군하산동층,1.0
484153,Km2,신동층군하산동층,1.0
484154,Km2,신동층군하산동층,1.0
484155,Km2,신동층군하산동층,1.0
484156,Km2,신동층군하산동층,1.0
484157,Km2,신동층군하산동층,1.0
484158,Km2,신동층군하산동층,1.0
484159,Km2,신동층군하산동층,1.0
484160,Km2,신동층군하산동층,1.0
484161,Km2,신동층군하산동층,1.0
484162,Km2,신동층군하산동층,1.0
484163,Km2,신동층군하산동층,1.0
484164,Km2,신동층군하산동층,1.0
484165,Km2,신동층군하산동층,1.0
484166,Km2,신동층군하산동층,1.0
484167,Km2,신동층군하산동층,1.0
484168,Km2,신동층군하산동층,1.0
484169,Km2,신동층군하산동층,1.0
484170,Km2,신동층군하산동층,1.0
484171,Km3,경상계층군 신동층군 진주층,1.0
484172,Km3,경상계층군 신동층군 진주층,1.0
484173,Km3,경상계층군 신동층군 진주층,1.0
484174,Km2,신동층군하산동층,1.0
484175,Km2,신동층군하산동층,1.0
484176,Km2,신동층군하산동층,1.0
484177,Km2,신동층군하산동층,1.0
484178,Km2,신동층군하산동층,1.0
484179,Km2,신동층군하산동층,1.0
484180,Km2,신동층군하산동층,1.0
484182,Km2,신동층군하산동층,1.0
484183,Km2,신동층군하산동층,1.0
484184,Km1,경상누층군신동층군낙동층,1.0
484185,Km1,경상누층군신동층군낙동층,1.0
484186,Km2,신동층군하산동층,1.0
484187,Km1,경상누층군신동층군낙동층,1.0
484188,Km2,신동층군하산동층,1.0
484189,Km2,신동층군하산동층,1.0
484190,Km2,신동층군하산동층,1.0
484191,Km2,신동층군하산동층,1.0
484192,Km2,신동층군하산동층,1.0
484193,Km2,신동층군하산동층,1.0
484194,Km2,신동층군하산동층,1.0
484195,Km2,신동층군하산동층,1.0
484196,Km2,신동층군하산동층,1.0
484197,Km2,신동층군하산동층,1.0
484198,Km2,신동층군하산동층,1.0
484199,Km2,신동층군하산동층,1.0
484204,Km1,경상누층군신동층군낙동층,1.0
484205,Km1,경상누층군신동층군낙동층,1.0
484206,Km2,신동층군하산동층,1.0
484207,Km2,신동층군하산동층,1.0
484208,Km2,신동층군하산동층,1.0
484209,Km1,경상누층군신동층군낙동층,1.0
484210,Km2,신동층군하산동층,1.0
484211,Km1,경상누층군신동층군낙동층,1.0
484212,Km2,신동층군하산동층,1.0
484213,Km2,신동층군하산동층,1.0
484214,Km2,신동층군하산동층,1.0
484215,Km2,신동층군하산동층,1.0
484216,Km2,신동층군하산동층,1.0
484217,Km1,경상누층군신동층군낙동층,1.0
484218,Km1,경상누층군신동층군낙동층,1.0
484219,Km1,경상누층군신동층군낙동층,1.0
484220,Km1,경상누층군신동층군낙동층,1.0
484221,Km1,경상누층군신동층군낙동층,1.0
484222,Km2,신동층군하산동층,1.0
484223,Km2,신동층군하산동층,1.0
484224,Km2,신동층군하산동층,1.0
484225,Km1,경상누층군신동층군낙동층,1.0
484831,Km2,신동층군하산동층,1.0
484834,Km2,신동층군하산동층,1.0
484835,Km2,신동층군하산동층,1.0
484837,Km2,신동층군하산동층,1.0
484838,Km2,신동층군하산동층,1.0
484839,Km2,신동층군하산동층,1.0
484840,Km2,신동층군하산동층,1.0
484841,Km2,신동층군하산동층,1.0
484842,Km2,신동층군하산동층,1.0
484843,Km1,경상누층군신동층군낙동층,1.0
484844,Km1,경상누층군신동층군낙동층,1.0
484845,Km1,경상누층군신동층군낙동층,1.0
485138,Km2,신동층군하산동층,1.0
485139,Km2,신동층군하산동층,1.0
485174,Km1,경상누층군신동층군낙동층,1.0
485183,Km1,경상누층군신동층군낙동층,1.0
485184,Km1,경상누층군신동층군낙동층,1.0
485185,Km2,신동층군하산동층,1.0
485186,Km1,경상누층군신동층군낙동층,1.0
485187,Km2,신동층군하산동층,1.0
485188,Km2,신동층군하산동층,1.0
485468,Km2,신동층군하산동층,1.0
485485,Km2,신동층군하산동층,1.0
485571,Km2,신동층군하산동층,1.0
485585,Km1,경상누층군신동층군낙동층,1.0
485611,Km2,신동층군하산동층,1.0
485650,Km2,신동층군하산동층,1.0
485651,Km2,신동층군하산동층,1.0
485652,Km2,신동층군하산동층,1.0
485653,Km2,신동층군하산동층,1.0
485654,Km2,신동층군하산동층,1.0
485676,Km2,신동층군하산동층,1.0
485677,Km1,경상누층군신동층군낙동층,1.0
485678,Km1,경상누층군신동층군낙동층,1.0
486572,Km1,경상누층군신동층군낙동층,1.0
486573,Km1,경상누층군신동층군낙동층,1.0
486574,Km1,경상누층군신동층군낙동층,1.0
486575,Km1,경상누층군신동층군낙동층,1.0
486576,Km1,경상누층군신동층군낙동층,1.0
486577,Km2,신동층군하산동층,1.0
486578,Km2,신동층군하산동층,1.0
486579,Km2,신동층군하산동층,1.0
486580,Km2,신동층군하산동층,1.0
486581,Km2,신동층군하산동층,1.0
486591,Km2,신동층군하산동층,1.0
486600,Km1,경상누층군신동층군낙동층,1.0
486611,Km2,신동층군하산동층,1.0
486706,Km2,신동층군하산동층,1.0
486707,Km2,신동층군하산동층,1.0
486708,Km2,신동층군하산동층,1.0
486709,Km3,경상계층군 신동층군 진주층,1.0
486710,Km2,신동층군하산동층,1.0
486711,Km3,경상계층군 신동층군 진주층,1.0
486738,Km2,신동층군하산동층,1.0
486765,Km1,경상누층군신동층군낙동층,1.0
486766,Km1,경상누층군신동층군낙동층,1.0
486767,Km3,경상계층군 신동층군 진주층,1.0
486969,Km1,경상누층군신동층군낙동층,1.0
486970,Km1,경상누층군신동층군낙동층,1.0
486971,Km1,경상누층군신동층군낙동층,1.0
486972,Km1,경상누층군신동층군낙동층,1.0
486973,Km2,신동층군하산동층,1.0
486974,Km2,신동층군하산동층,1.0
486975,Km2,신동층군하산동층,1.0
486976,Km2,신동층군하산동층,1.0
486977,Km2,신동층군하산동층,1.0
486983,Km2,신동층군하산동층,1.0
488167,Km2,신동층군하산동층,1.0
488168,Km2,신동층군하산동층,1.0
488169,Km2,신동층군하산동층,1.0
488170,Km2,신동층군하산동층,1.0
488171,Km1,경상누층군신동층군낙동층,1.0
488172,Km1,경상누층군신동층군낙동층,1.0
488173,Km2,신동층군하산동층,1.0
488174,Km2,신동층군하산동층,1.0
488175,Km2,신동층군하산동층,1.0
488176,Km2,신동층군하산동층,1.0
488177,Km2,신동층군하산동층,1.0
488179,Km1,경상누층군신동층군낙동층,1.0
488180,Km1,경상누층군신동층군낙동층,1.0
488181,Km2,신동층군하산동층,1.0
488182,Km2,신동층군하산동층,1.0
488183,Km1,경상누층군신동층군낙동층,1.0
488184,Km2,신동층군하산동층,1.0
488185,Km1,경상누층군신동층군낙동층,1.0
488186,Km2,신동층군하산동층,1.0
488187,Km2,신동층군하산동층,1.0
488188,Km2,신동층군하산동층,1.0
488189,Km2,신동층군하산동층,1.0
488190,Km2,신동층군하산동층,1.0
488191,Km1,경상누층군신동층군낙동층,1.0
488192,Km1,경상누층군신동층군낙동층,1.0
488193,Km1,경상누층군신동층군낙동층,1.0
488194,Km1,경상누층군신동층군낙동층,1.0
488195,Km2,신동층군하산동층,1.0
488196,Km2,신동층군하산동층,1.0
488197,Km2,신동층군하산동층,1.0
488198,Km1,경상누층군신동층군낙동층,1.0
488199,Km1,경상누층군신동층군낙동층,1.0
488200,Km1,경상누층군신동층군낙동층,1.0
488201,Km2,신동층군하산동층,1.0
488202,Km3,경상계층군 신동층군 진주층,1.0
488203,Km1,경상누층군신동층군낙동층,1.0
488204,Km2,신동층군하산동층,1.0
488205,Km2,신동층군하산동층,1.0
488206,Km2,신동층군하산동층,1.0
488207,Km1,경상누층군신동층군낙동층,1.0
488208,Km2,신동층군하산동층,1.0
488209,Km2,신동층군하산동층,1.0
488210,Km2,신동층군하산동층,1.0
488211,Km2,신동층군하산동층,1.0
488212,Km2,신동층군하산동층,1.0
488213,Km1,경상누층군신동층군낙동층,1.0
488214,Km2,신동층군하산동층,1.0
488215,Km2,신동층군하산동층,1.0
488216,Km2,신동층군하산동층,1.0
488217,Km1,경상누층군신동층군낙동층,1.0
488218,Km2,신동층군하산동층,1.0
488219,Km2,신동층군하산동층,1.0
488220,Km2,신동층군하산동층,1.0
488221,Km2,신동층군하산동층,1.0
488222,Km2,신동층군하산동층,1.0
488223,Km1,경상누층군신동층군낙동층,1.0
488224,Km2,신동층군하산동층,1.0
488225,Km1,경상누층군신동층군낙동층,1.0
488226,Km1,경상누층군신동층군낙동층,1.0
488227,Km1,경상누층군신동층군낙동층,1.0
488228,Km1,경상누층군신동층군낙동층,1.0
488229,Km1,경상누층군신동층군낙동층,1.0
488230,Km1,경상누층군신동층군낙동층,1.0
488231,Km1,경상누층군신동층군낙동층,1.0
488232,Km2,신동층군하산동층,1.0
488233,Km2,신동층군하산동층,1.0
488234,Km2,신동층군하산동층,1.0
488235,Km2,신동층군하산동층,1.0
488236,Km1,경상누층군신동층군낙동층,1.0
488237,Km2,신동층군하산동층,1.0
488238,Km1,경상누층군신동층군낙동층,1.0
488239,Km2,신동층군하산동층,1.0
488240,Km3,경상계층군 신동층군 진주층,1.0
488241,Km2,신동층군하산동층,1.0
488242,Km1,경상누층군신동층군낙동층,1.0
488243,Km1,경상누층군신동층군낙동층,1.0
488244,Km1,경상누층군신동층군낙동층,1.0
488245,Km1,경상누층군신동층군낙동층,1.0
488246,Km2,신동층군하산동층,1.0
488247,Km1,경상누층군신동층군낙동층,1.0
488248,Km1,경상누층군신동층군낙동층,1.0
488249,Km1,경상누층군신동층군낙동층,1.0
488250,Km2,신동층군하산동층,1.0
488251,Km2,신동층군하산동층,1.0
488252,Km1,경상누층군신동층군낙동층,1.0
488253,Km2,신동층군하산동층,1.0
488254,Km2,신동층군하산동층,1.0
488255,Km2,신동층군하산동층,1.0
488256,Km2,신동층군하산동층,1.0
488257,Km2,신동층군하산동층,1.0
488258,Km2,신동층군하산동층,1.0
488259,Km2,신동층군하산동층,1.0
488260,Km2,신동층군하산동층,1.0
488261,Km2,신동층군하산동층,1.0
488262,Km2,신동층군하산동층,1.0
488263,Km2,신동층군하산동층,1.0
488264,Km1,경상누층군신동층군낙동층,1.0
488265,Km1,경상누층군신동층군낙동층,1.0
488266,Km2,신동층군하산동층,1.0
488267,Km1,경상누층군신동층군낙동층,1.0
488268,Km2,신동층군하산동층,1.0
488269,Km2,신동층군하산동층,1.0
488270,Km2,신동층군하산동층,1.0
488271,Km2,신동층군하산동층,1.0
488272,Km1,경상누층군신동층군낙동층,1.0
488273,Km1,경상누층군신동층군낙동층,1.0
488274,Km1,경상누층군신동층군낙동층,1.0
488275,Km1,경상누층군신동층군낙동층,1.0
488276,Km1,경상누층군신동층군낙동층,1.0
488277,Km1,경상누층군신동층군낙동층,1.0
488278,Km1,경상누층군신동층군낙동층,1.0
488279,Km1,경상누층군신동층군낙동층,1.0
488280,Km1,경상누층군신동층군낙동층,1.0
488281,Km1,경상누층군신동층군낙동층,1.0
488283,Km1,경상누층군신동층군낙동층,1.0
488284,Km1,경상누층군신동층군낙동층,1.0
488285,Km2,신동층군하산동층,1.0
488286,Km2,신동층군하산동층,1.0
488287,Km2,신동층군하산동층,1.0
488288,Km2,신동층군하산동층,1.0
488289,Km2,신동층군하산동층,1.0
488290,Km2,신동층군하산동층,1.0
488291,Km2,신동층군하산동층,1.0
488293,Km2,신동층군하산동층,1.0
488294,Km2,신동층군하산동층,1.0
488295,Km2,신동층군하산동층,1.0
488296,Km2,신동층군하산동층,1.0
488297,Km2,신동층군하산동층,1.0
488298,Km2,신동층군하산동층,1.0
488299,Km1,경상누층군신동층군낙동층,1.0
488300,Km1,경상누층군신동층군낙동층,1.0
488301,Km1,경상누층군신동층군낙동층,1.0
488302,Km1,경상누층군신동층군낙동층,1.0
488303,Km1,경상누층군신동층군낙동층,1.0
488304,Km1,경상누층군신동층군낙동층,1.0
488305,Km1,경상누층군신동층군낙동층,1.0
488306,Km1,경상누층군신동층군낙동층,1.0
488307,Km2,신동층군하산동층,1.0
488308,Km2,신동층군하산동층,1.0
488309,Km1,경상누층군신동층군낙동층,1.0
488310,Km1,경상누층군신동층군낙동층,1.0
488311,Km1,경상누층군신동층군낙동층,1.0
488312,Km1,경상누층군신동층군낙동층,1.0
488313,Km1,경상누층군신동층군낙동층,1.0
488314,Km1,경상누층군신동층군낙동층,1.0
488315,Km2,신동층군하산동층,1.0
488316,Km2,신동층군하산동층,1.0
488317,Km2,신동층군하산동층,1.0
488318,Km2,신동층군하산동층,1.0
488319,Km2,신동층군하산동층,1.0
488320,Km1,경상누층군신동층군낙동층,1.0
488321,Km2,신동층군하산동층,1.0
488322,Km2,신동층군하산동층,1.0
488323,Km2,신동층군하산동층,1.0
488324,Km2,신동층군하산동층,1.0
488325,Km2,신동층군하산동층,1.0
488326,Km2,신동층군하산동층,1.0
488327,Km2,신동층군하산동층,1.0
488328,Km2,신동층군하산동층,1.0
488329,Km2,신동층군하산동층,1.0
488330,Km3,경상계층군 신동층군 진주층,1.0
488331,Km2,신동층군하산동층,1.0
488332,Km2,신동층군하산동층,1.0
488333,Km2,신동층군하산동층,1.0
488334,Km2,신동층군하산동층,1.0
488335,Km2,신동층군하산동층,1.0
488336,Km2,신동층군하산동층,1.0
488337,Km2,신동층군하산동층,1.0
488338,Km2,신동층군하산동층,1.0
488339,Km2,신동층군하산동층,1.0
488340,Km2,신동층군하산동층,1.0
488341,Km2,신동층군하산동층,1.0
488342,Km2,신동층군하산동층,1.0
488343,Km2,신동층군하산동층,1.0
488344,Km2,신동층군하산동층,1.0
488345,Km2,신동층군하산동층,1.0
488346,Km2,신동층군하산동층,1.0
488347,Km2,신동층군하산동층,1.0
488348,Km2,신동층군하산동층,1.0
488349,Km1,경상누층군신동층군낙동층,1.0
488350,Km1,경상누층군신동층군낙동층,1.0
488351,Km2,신동층군하산동층,1.0
488352,Km2,신동층군하산동층,1.0
488353,Km2,신동층군하산동층,1.0
488354,Km2,신동층군하산동층,1.0
488355,Km2,신동층군하산동층,1.0
488356,Km2,신동층군하산동층,1.0
488357,Km2,신동층군하산동층,1.0
488358,Km2,신동층군하산동층,1.0
488359,Km2,신동층군하산동층,1.0
488360,Km2,신동층군하산동층,1.0
488361,Km2,신동층군하산동층,1.0
488362,Km2,신동층군하산동층,1.0
488363,Km2,신동층군하산동층,1.0
488364,Km2,신동층군하산동층,1.0
488365,Km2,신동층군하산동층,1.0
488366,Km2,신동층군하산동층,1.0
488367,Km2,신동층군하산동층,1.0
488368,Km2,신동층군하산동층,1.0
488369,Km2,신동층군하산동층,1.0
488370,Km3,경상계층군 신동층군 진주층,1.0
488371,Km3,경상계층군 신동층군 진주층,1.0
488372,Km2,신동층군하산동층,1.0
488373,Km2,신동층군하산동층,1.0
488374,Km2,신동층군하산동층,1.0
488375,Km3,경상계층군 신동층군 진주층,1.0
488376,Km2,신동층군하산동층,1.0
488377,Km2,신동층군하산동층,1.0
488378,Km2,신동층군하산동층,1.0
488379,Km2,신동층군하산동층,1.0
488380,Km2,신동층군하산동층,1.0
488381,Km2,신동층군하산동층,1.0
488382,Km2,신동층군하산동층,1.0
488383,Km2,신동층군하산동층,1.0
488384,Km2,신동층군하산동층,1.0
488385,Km2,신동층군하산동층,1.0
488386,Km2,신동층군하산동층,1.0
488387,Km2,신동층군하산동층,1.0
488388,Km2,신동층군하산동층,1.0
488389,Km2,신동층군하산동층,1.0
488390,Km2,신동층군하산동층,1.0
488391,Km2,신동층군하산동층,1.0
488392,Km2,신동층군하산동층,1.0
488393,Km2,신동층군하산동층,1.0
488394,Km2,신동층군하산동층,1.0
488395,Km2,신동층군하산동층,1.0
488396,Km2,신동층군하산동층,1.0
488397,Km2,신동층군하산동층,1.0
488398,Km2,신동층군하산동층,1.0
488399,Km2,신동층군하산동층,1.0
488400,Km2,신동층군하산동층,1.0
488401,Km2,신동층군하산동층,1.0
488402,Km2,신동층군하산동층,1.0
488403,Km2,신동층군하산동층,1.0
488404,Km2,신동층군하산동층,1.0
488405,Km2,신동층군하산동층,1.0
488406,Km2,신동층군하산동층,1.0
488407,Km2,신동층군하산동층,1.0
488408,Km2,신동층군하산동층,1.0
488409,Km2,신동층군하산동층,1.0
488410,Km2,신동층군하산동층,1.0
488411,Km2,신동층군하산동층,1.0
488412,Km2,신동층군하산동층,1.0
488413,Km2,신동층군하산동층,1.0
488414,Km2,신동층군하산동층,1.0
488415,Km2,신동층군하산동층,1.0
488416,Km2,신동층군하산동층,1.0
488417,Km2,신동층군하산동층,1.0
488418,Km2,신동층군하산동층,1.0
488419,Km2,신동층군하산동층,1.0
488420,Km2,신동층군하산동층,1.0
488421,Km1,경상누층군신동층군낙동층,1.0
488422,Km1,경상누층군신동층군낙동층,1.0
488423,Km1,경상누층군신동층군낙동층,1.0
488424,Km1,경상누층군신동층군낙동층,1.0
488425,Km1,경상누층군신동층군낙동층,1.0
488426,Km1,경상누층군신동층군낙동층,1.0
488427,Km1,경상누층군신동층군낙동층,1.0
488428,Km1,경상누층군신동층군낙동층,1.0
488429,Km1,경상누층군신동층군낙동층,1.0
488430,Km1,경상누층군신동층군낙동층,1.0
488431,Km1,경상누층군신동층군낙동층,1.0
488432,Km1,경상누층군신동층군낙동층,1.0
488433,Km1,경상누층군신동층군낙동층,1.0
488434,Km1,경상누층군신동층군낙동층,1.0
488435,Km1,경상누층군신동층군낙동층,1.0
488436,Km1,경상누층군신동층군낙동층,1.0
488437,Km1,경상누층군신동층군낙동층,1.0
488438,Km1,경상누층군신동층군낙동층,1.0
488439,Km1,경상누층군신동층군낙동층,1.0
488440,Km1,경상누층군신동층군낙동층,1.0
488441,Km1,경상누층군신동층군낙동층,1.0
488442,Km1,경상누층군신동층군낙동층,1.0
488443,Km1,경상누층군신동층군낙동층,1.0
488444,Km1,경상누층군신동층군낙동층,1.0
488445,Km1,경상누층군신동층군낙동층,1.0
488446,Km1,경상누층군신동층군낙동층,1.0
488447,Km1,경상누층군신동층군낙동층,1.0
488448,Km1,경상누층군신동층군낙동층,1.0
488449,Km1,경상누층군신동층군낙동층,1.0
488450,Km1,경상누층군신동층군낙동층,1.0
488451,Km1,경상누층군신동층군낙동층,1.0
488452,Km1,경상누층군신동층군낙동층,1.0
488453,Km1,경상누층군신동층군낙동층,1.0
488454,Km1,경상누층군신동층군낙동층,1.0
488455,Km1,경상누층군신동층군낙동층,1.0
488456,Km1,경상누층군신동층군낙동층,1.0
488457,Km1,경상누층군신동층군낙동층,1.0
488458,Km1,경상누층군신동층군낙동층,1.0
488459,Km1,경상누층군신동층군낙동층,1.0
488460,Km1,경상누층군신동층군낙동층,1.0
488461,Km1,경상누층군신동층군낙동층,1.0
488462,Km1,경상누층군신동층군낙동층,1.0
488463,Km1,경상누층군신동층군낙동층,1.0
488464,Km1,경상누층군신동층군낙동층,1.0
488465,Km1,경상누층군신동층군낙동층,1.0
488466,Km1,경상누층군신동층군낙동층,1.0
488467,Km1,경상누층군신동층군낙동층,1.0
488468,Km1,경상누층군신동층군낙동층,1.0
488469,Km1,경상누층군신동층군낙동층,1.0
488470,Km1,경상누층군신동층군낙동층,1.0
488471,Km1,경상누층군신동층군낙동층,1.0
488472,Km1,경상누층군신동층군낙동층,1.0
488473,Km1,경상누층군신동층군낙동층,1.0
488474,Km1,경상누층군신동층군낙동층,1.0
488475,Km1,경상누층군신동층군낙동층,1.0
488476,Km1,경상누층군신동층군낙동층,1.0
488477,Km1,경상누층군신동층군낙동층,1.0
488478,Km1,경상누층군신동층군낙동층,1.0
488479,Km1,경상누층군신동층군낙동층,1.0
488480,Km1,경상누층군신동층군낙동층,1.0
488481,Km1,경상누층군신동층군낙동층,1.0
488482,Km1,경상누층군신동층군낙동층,1.0
488483,Km1,경상누층군신동층군낙동층,1.0
488484,Km1,경상누층군신동층군낙동층,1.0
488485,Km1,경상누층군신동층군낙동층,1.0
488486,Km1,경상누층군신동층군낙동층,1.0
488487,Km1,경상누층군신동층군낙동층,1.0
488488,Km1,경상누층군신동층군낙동층,1.0
488489,Km1,경상누층군신동층군낙동층,1.0
488490,Km1,경상누층군신동층군낙동층,1.0
488491,Km1,경상누층군신동층군낙동층,1.0
488492,Km1,경상누층군신동층군낙동층,1.0
488493,Km1,경상누층군신동층군낙동층,1.0
488494,Km1,경상누층군신동층군낙동층,1.0
488495,Km1,경상누층군신동층군낙동층,1.0
488496,Km1,경상누층군신동층군낙동층,1.0
488497,Km1,경상누층군신동층군낙동층,1.0
488498,Km1,경상누층군신동층군낙동층,1.0
488499,Km1,경상누층군신동층군낙동층,1.0
488500,Km1,경상누층군신동층군낙동층,1.0
488501,Km2,신동층군하산동층,1.0
488502,Km1,경상누층군신동층군낙동층,1.0
488503,Km2,신동층군하산동층,1.0
488504,Km1,경상누층군신동층군낙동층,1.0
488505,Km1,경상누층군신동층군낙동층,1.0
488506,Km1,경상누층군신동층군낙동층,1.0
488507,Km1,경상누층군신동층군낙동층,1.0
488508,Km1,경상누층군신동층군낙동층,1.0
488509,Km1,경상누층군신동층군낙동층,1.0
488510,Km1,경상누층군신동층군낙동층,1.0
488511,Km1,경상누층군신동층군낙동층,1.0
488512,Km1,경상누층군신동층군낙동층,1.0
488513,Km1,경상누층군신동층군낙동층,1.0
488514,Km1,경상누층군신동층군낙동층,1.0
488515,Km1,경상누층군신동층군낙동층,1.0
488516,Km1,경상누층군신동층군낙동층,1.0
488517,Km1,경상누층군신동층군낙동층,1.0
488518,Km1,경상누층군신동층군낙동층,1.0
488519,Km1,경상누층군신동층군낙동층,1.0
488520,Km1,경상누층군신동층군낙동층,1.0
488521,Km2,신동층군하산동층,1.0
488522,Km1,경상누층군신동층군낙동층,1.0
488523,Km1,경상누층군신동층군낙동층,1.0
488524,Km1,경상누층군신동층군낙동층,1.0
488525,Km1,경상누층군신동층군낙동층,1.0
488526,Km1,경상누층군신동층군낙동층,1.0
488527,Km1,경상누층군신동층군낙동층,1.0
488528,Km1,경상누층군신동층군낙동층,1.0
488529,Km1,경상누층군신동층군낙동층,1.0
488530,Km1,경상누층군신동층군낙동층,1.0
488531,Km1,경상누층군신동층군낙동층,1.0
488532,Km1,경상누층군신동층군낙동층,1.0
488533,Km1,경상누층군신동층군낙동층,1.0
488534,Km1,경상누층군신동층군낙동층,1.0
488535,Km1,경상누층군신동층군낙동층,1.0
488536,Km1,경상누층군신동층군낙동층,1.0
488537,Km1,경상누층군신동층군낙동층,1.0
488538,Km1,경상누층군신동층군낙동층,1.0
488539,Km1,경상누층군신동층군낙동층,1.0
488540,Km1,경상누층군신동층군낙동층,1.0
488541,Km1,경상누층군신동층군낙동층,1.0
488542,Km1,경상누층군신동층군낙동층,1.0
488543,Km1,경상누층군신동층군낙동층,1.0
488544,Km1,경상누층군신동층군낙동층,1.0
488545,Km1,경상누층군신동층군낙동층,1.0
488546,Km1,경상누층군신동층군낙동층,1.0
488547,Km1,경상누층군신동층군낙동층,1.0
488548,Km1,경상누층군신동층군낙동층,1.0
488549,Km1,경상누층군신동층군낙동층,1.0
488550,Km1,경상누층군신동층군낙동층,1.0
488551,Km1,경상누층군신동층군낙동층,1.0
488552,Km1,경상누층군신동층군낙동층,1.0
488553,Km1,경상누층군신동층군낙동층,1.0
488554,Km1,경상누층군신동층군낙동층,1.0
488555,Km1,경상누층군신동층군낙동층,1.0
488556,Km1,경상누층군신동층군낙동층,1.0
488557,Km1,경상누층군신동층군낙동층,1.0
488558,Km1,경상누층군신동층군낙동층,1.0
488559,Km1,경상누층군신동층군낙동층,1.0
488560,Km1,경상누층군신동층군낙동층,1.0
488561,Km1,경상누층군신동층군낙동층,1.0
488562,Km1,경상누층군신동층군낙동층,1.0
488563,Km1,경상누층군신동층군낙동층,1.0
488564,Km1,경상누층군신동층군낙동층,1.0
488565,Km1,경상누층군신동층군낙동층,1.0
488566,Km1,경상누층군신동층군낙동층,1.0
488567,Km1,경상누층군신동층군낙동층,1.0
488568,Km1,경상누층군신동층군낙동층,1.0
488569,Km1,경상누층군신동층군낙동층,1.0
488570,Km1,경상누층군신동층군낙동층,1.0
488571,Km1,경상누층군신동층군낙동층,1.0
488572,Km1,경상누층군신동층군낙동층,1.0
488573,Km2,신동층군하산동층,1.0
488574,Km2,신동층군하산동층,1.0
488575,Km2,신동층군하산동층,1.0
488576,Km2,신동층군하산동층,1.0
488577,Km2,신동층군하산동층,1.0
488578,Km2,신동층군하산동층,1.0
488579,Km2,신동층군하산동층,1.0
488580,Km2,신동층군하산동층,1.0
488581,Km2,신동층군하산동층,1.0
488582,Km2,신동층군하산동층,1.0
488583,Km2,신동층군하산동층,1.0
488584,Km2,신동층군하산동층,1.0
488585,Km2,신동층군하산동층,1.0
488586,Km2,신동층군하산동층,1.0
488587,Km2,신동층군하산동층,1.0
488588,Km2,신동층군하산동층,1.0
488589,Km2,신동층군하산동층,1.0
488590,Km2,신동층군하산동층,1.0
488591,Km2,신동층군하산동층,1.0
488592,Km2,신동층군하산동층,1.0
488593,Km2,신동층군하산동층,1.0
488594,Km2,신동층군하산동층,1.0
488595,Km1,경상누층군신동층군낙동층,1.0
488596,Km1,경상누층군신동층군낙동층,1.0
488597,Km1,경상누층군신동층군낙동층,1.0
488598,Km1,경상누층군신동층군낙동층,1.0
488599,Km1,경상누층군신동층군낙동층,1.0
488600,Km1,경상누층군신동층군낙동층,1.0
488601,Km1,경상누층군신동층군낙동층,1.0
488602,Km1,경상누층군신동층군낙동층,1.0
488603,Km1,경상누층군신동층군낙동층,1.0
488604,Km1,경상누층군신동층군낙동층,1.0
488605,Km1,경상누층군신동층군낙동층,1.0
488606,Km1,경상누층군신동층군낙동층,1.0
488607,Km1,경상누층군신동층군낙동층,1.0
488608,Km1,경상누층군신동층군낙동층,1.0
488609,Km1,경상누층군신동층군낙동층,1.0
488610,Km1,경상누층군신동층군낙동층,1.0
488611,Km1,경상누층군신동층군낙동층,1.0
488612,Km1,경상누층군신동층군낙동층,1.0
488613,Km1,경상누층군신동층군낙동층,1.0
488614,Km1,경상누층군신동층군낙동층,1.0
488615,Km1,경상누층군신동층군낙동층,1.0
488616,Km1,경상누층군신동층군낙동층,1.0
488617,Km1,경상누층군신동층군낙동층,1.0
488618,Km1,경상누층군신동층군낙동층,1.0
488619,Km1,경상누층군신동층군낙동층,1.0
488620,Km1,경상누층군신동층군낙동층,1.0
488621,Km1,경상누층군신동층군낙동층,1.0
488622,Km1,경상누층군신동층군낙동층,1.0
488623,Km1,경상누층군신동층군낙동층,1.0
488624,Km1,경상누층군신동층군낙동층,1.0
488625,Km1,경상누층군신동층군낙동층,1.0
488626,Km2,신동층군하산동층,1.0
488627,Km1,경상누층군신동층군낙동층,1.0
488628,Km1,경상누층군신동층군낙동층,1.0
488629,Km1,경상누층군신동층군낙동층,1.0
488630,Km1,경상누층군신동층군낙동층,1.0
488631,Km1,경상누층군신동층군낙동층,1.0
488632,Km1,경상누층군신동층군낙동층,1.0
488633,Km1,경상누층군신동층군낙동층,1.0
488634,Km1,경상누층군신동층군낙동층,1.0
488635,Km2,신동층군하산동층,1.0
488636,Km2,신동층군하산동층,1.0
488637,Km2,신동층군하산동층,1.0
488638,Km1,경상누층군신동층군낙동층,1.0
488639,Km2,신동층군하산동층,1.0
488640,Km1,경상누층군신동층군낙동층,1.0
488641,Km2,신동층군하산동층,1.0
488642,Km2,신동층군하산동층,1.0
488643,Km2,신동층군하산동층,1.0
488644,Km1,경상누층군신동층군낙동층,1.0
488645,Km1,경상누층군신동층군낙동층,1.0
488646,Km1,경상누층군신동층군낙동층,1.0
488647,Km1,경상누층군신동층군낙동층,1.0
488648,Km2,신동층군하산동층,1.0
488649,Km2,신동층군하산동층,1.0
488650,Km2,신동층군하산동층,1.0
488651,Km2,신동층군하산동층,1.0
488652,Km2,신동층군하산동층,1.0
488653,Km2,신동층군하산동층,1.0
488654,Km2,신동층군하산동층,1.0
488655,Km2,신동층군하산동층,1.0
488656,Km2,신동층군하산동층,1.0
488657,Km2,신동층군하산동층,1.0
488658,Km2,신동층군하산동층,1.0
488659,Km2,신동층군하산동층,1.0
488660,Km2,신동층군하산동층,1.0
488661,Km2,신동층군하산동층,1.0
488662,Km2,신동층군하산동층,1.0
488663,Km2,신동층군하산동층,1.0
488664,Km2,신동층군하산동층,1.0
488665,Km2,신동층군하산동층,1.0
488666,Km2,신동층군하산동층,1.0
488667,Km2,신동층군하산동층,1.0
488668,Km2,신동층군하산동층,1.0
488669,Km2,신동층군하산동층,1.0
488670,Km2,신동층군하산동층,1.0
488671,Km2,신동층군하산동층,1.0
488672,Km2,신동층군하산동층,1.0
488673,Km2,신동층군하산동층,1.0
488674,Km2,신동층군하산동층,1.0
488675,Km2,신동층군하산동층,1.0
488676,Km2,신동층군하산동층,1.0
488677,Km2,신동층군하산동층,1.0
488678,Km2,신동층군하산동층,1.0
488679,Km2,신동층군하산동층,1.0
488680,Km2,신동층군하산동층,1.0
488681,Km2,신동층군하산동층,1.0
488682,Km2,신동층군하산동층,1.0
488683,Km2,신동층군하산동층,1.0
488684,Km2,신동층군하산동층,1.0
488685,Km2,신동층군하산동층,1.0
488686,Km2,신동층군하산동층,1.0
488687,Km2,신동층군하산동층,1.0
488688,Km2,신동층군하산동층,1.0
488689,Km2,신동층군하산동층,1.0
488690,Km2,신동층군하산동층,1.0
488691,Km2,신동층군하산동층,1.0
488692,Km2,신동층군하산동층,1.0
488693,Km2,신동층군하산동층,1.0
488694,Km2,신동층군하산동층,1.0
488695,Km2,신동층군하산동층,1.0
488696,Km2,신동층군하산동층,1.0
488697,Km2,신동층군하산동층,1.0
488698,Km2,신동층군하산동층,1.0
488699,Km2,신동층군하산동층,1.0
488700,Km2,신동층군하산동층,1.0
488701,Km2,신동층군하산동층,1.0
488702,Km2,신동층군하산동층,1.0
488703,Km2,신동층군하산동층,1.0
488704,Km2,신동층군하산동층,1.0
488705,Km2,신동층군하산동층,1.0
488706,Km2,신동층군하산동층,1.0
488707,Km2,신동층군하산동층,1.0
488708,Km2,신동층군하산동층,1.0
488709,Km2,신동층군하산동층,1.0
488710,Km2,신동층군하산동층,1.0
488711,Km2,신동층군하산동층,1.0
488712,Km2,신동층군하산동층,1.0
488713,Km2,신동층군하산동층,1.0
488714,Km2,신동층군하산동층,1.0
488715,Km2,신동층군하산동층,1.0
488716,Km2,신동층군하산동층,1.0
488717,Km2,신동층군하산동층,1.0
488718,Km2,신동층군하산동층,1.0
488719,Km2,신동층군하산동층,1.0
488720,Km2,신동층군하산동층,1.0
489578,Km1,경상누층군신동층군낙동층,1.0
489582,Km2,신동층군하산동층,1.0
489583,Km1,경상누층군신동층군낙동층,1.0
489584,Km1,경상누층군신동층군낙동층,1.0
489595,Km1,경상누층군신동층군낙동층,1.0
492575,Km1,경상누층군신동층군낙동층,1.0
492576,Km1,경상누층군신동층군낙동층,1.0
492577,Km1,경상누층군신동층군낙동층,1.0
492578,Km1,경상누층군신동층군낙동층,1.0
492579,Km1,경상누층군신동층군낙동층,1.0
492621,Km1,경상누층군신동층군낙동층,1.0
492622,Km1,경상누층군신동층군낙동층,1.0
492825,Km2,신동층군하산동층,1.0
492826,Km1,경상누층군신동층군낙동층,1.0
492840,Km2,신동층군하산동층,1.0
492868,Km1,경상누층군신동층군낙동층,1.0
492869,Km1,경상누층군신동층군낙동층,1.0
492873,Km1,경상누층군신동층군낙동층,1.0
492875,Km1,경상누층군신동층군낙동층,1.0
492943,Km2,신동층군하산동층,1.0
492946,Km2,신동층군하산동층,1.0
492960,Km2,신동층군하산동층,1.0
493377,Km2,신동층군하산동층,1.0
493378,Km2,신동층군하산동층,1.0
493845,Km1,경상누층군신동층군낙동층,1.0
493859,Km2,신동층군하산동층,1.0
493946,Km2,신동층군하산동층,1.0
494169,Km2,신동층군하산동층,1.0
494170,Km2,신동층군하산동층,1.0
494171,Km1,경상누층군신동층군낙동층,1.0
494172,Km1,경상누층군신동층군낙동층,1.0
494173,Km2,신동층군하산동층,1.0
494174,Km2,신동층군하산동층,1.0
494175,Km2,신동층군하산동층,1.0
494176,Km2,신동층군하산동층,1.0
494177,Km2,신동층군하산동층,1.0
494180,Km2,신동층군하산동층,1.0
494181,Km2,신동층군하산동층,1.0
494182,Km2,신동층군하산동층,1.0
494183,Km1,경상누층군신동층군낙동층,1.0
494184,Km1,경상누층군신동층군낙동층,1.0
494185,Km1,경상누층군신동층군낙동층,1.0
494187,Km1,경상누층군신동층군낙동층,1.0
494189,Km1,경상누층군신동층군낙동층,1.0
494191,Km1,경상누층군신동층군낙동층,1.0
494193,Km1,경상누층군신동층군낙동층,1.0
494195,Km1,경상누층군신동층군낙동층,1.0
494203,Km2,신동층군하산동층,1.0
494204,Km2,신동층군하산동층,1.0
494205,Km2,신동층군하산동층,1.0
494206,Km2,신동층군하산동층,1.0
494207,Km2,신동층군하산동층,1.0
494208,Km2,신동층군하산동층,1.0
494209,Km2,신동층군하산동층,1.0
494211,Km2,신동층군하산동층,1.0
494213,Km2,신동층군하산동층,1.0
494218,Km2,신동층군하산동층,1.0
494219,Km2,신동층군하산동층,1.0
494221,Km2,신동층군하산동층,1.0
494222,Km1,경상누층군신동층군낙동층,1.0
494295,Km2,신동층군하산동층,1.0
494349,Km2,신동층군하산동층,1.0
494363,Km1,경상누층군신동층군낙동층,1.0
494366,Km2,신동층군하산동층,1.0
494517,Km2,신동층군하산동층,1.0
