type,name,desc,"service_life
관종별 내용연수 (연)","KmaterialK
수명계수","design_pressure
설계 압력 (Mpa)","allowable_stress
허용 응력 (MPa)","fatigure_limit
피로 한계 (주기 수)",설명
STS,스테인레스관(STS),,30,0.7,2,170,10⁶ 이상,
EPS,에폭시코팅강관(EPS),,30,1,1.6,140,10⁶ 이상,
ST,강관(ST),배관용 탄소 강관,30,0.9,2,150,10⁶ 이상,
CI,주철관(CI),,30,1,0.8,45,10⁵,
GP,아연도강관(GP),,10,3,1.6,140,10⁶ 이상,
PE,폴리에틸렌관(PE),수도용 폴리에틸렌관,20,1.1,1.6,20,10⁵,
PFP,PFP관,수도용 폴리에틸렌 분체 라이닝 강관,50,0.6,1.6,140,10⁶ 이상,
DTC,DTC관,DT의 일종. 내부를 시멘트 모르타르로 라이닝(Cement Mortar Lining)한 닥타일주철관,30,1,1,140,10⁶ 이상,"현대 상수도 시스템의 '표준'이자 '주력'으로 자리 잡고 있습니다. 일반적인 음용수 공급 및 배수관망에 가장 널리 사용되며, 비용과 성능의 균형이 가장 뛰어납니다. 시멘트 모르타르 라이닝은 효과적으로 부식을 방지하여 수질을 안정적으로 유지하고, 장기적인 통수 능력을 보장합니다. 또한, 상대적으로 두꺼운 라이닝은 현장에서의 취급이나 경미한 충격에 대해 어느 정도의 내구성을 제공하여 시공 편의성이 높습니다. 대부분의 도시 기반 시설 프로젝트에서 가장 먼저 고려되는 합리적인 선택지입니다."
DT,DT관,"닥타일 주철관 (DIP, Ductile Iron Pipe) = 연성(延性)주철관",30,0.8,2,140,10⁶ 이상,"쇳물에 마그네슘(Mg) 등을 첨가해 철 내부의 흑연 모양을 바꾼 것입니다.
- 회주철관 (깨지기 쉬움): 흑연이 날카로운 조각 형태(편상 흑연)로 분포해 외부 충격에 균열이 쉽게 발생하고 깨집니다.
- 연성주철관 (잘 깨지지 않음): 흑연을 동그란 공 모양(구상 흑연)으로 만들어 외부의 힘이 가해져도 균열이 쉽게 전파되지 않도록 막아줍니다.

현대의 음용수 공급 시스템에서 DT관의 사용은 매우 제한적입니다. 내부 방식 처리가 되어있지 않아 부식으로 인한 적수 문제, 스케일 형성으로 인한 통수 능력 저하, 그리고 수명 단축의 위험이 크기 때문입니다"
PVC,염화비닐관(PVC),,20,1.2,1,45,10⁵ ~ 10⁶,
PB,기타,폴리부틸렌관(Polybutylene pipe),20,1.5,1,8,10⁵,
DTEP,기타,DT의 일종. 내외부를 에폭시 수지 분체로 도장(Epoxy Powder Coating)한 닥타일주철관,30,1,1.6,130,10⁶ 이상,"이는 '프리미엄' 또는 '특수 목적용' 선택지로 볼 수 있습니다. 에폭시 코팅은 시멘트 모르타르보다 더 높은 수준의 화학적 저항성을 가지므로, 공업용수, 화학물질 이송 라인, 또는 해수 담수화 시설과 같이 물의 부식성이 강한 특수 환경에 적합합니다. 또한, 매우 매끄러운 내면은 마찰 손실을 최소화해야 하는 고효율 펌핑 시스템이나, 미생물막(Biofilm) 형성을 억제해야 하는 초순수 공급 라인 등 높은 위생 등급이 요구되는 분야에서 그 가치를 발휘합니다. 초기 투자 비용은 DTC보다 높을 수 있으나, 특수 환경에서의 장기적인 성능 유지와 유지보수 비용 절감 효과로 그 비용을 상쇄할 수 있습니다."
HIVP,경질염화비닐관(HI-VP),압력용 내충격 경질 폴리염화비닐관,20,1.5,1.6,12,10⁵,
SPOL,폴리에틸렌 피복강관,압출식 폴리에틸렌 피복 강관,50,1,1.6,140,10⁶ 이상,