작업일시,위도,경도,파일타입
2007-05-15 09:33:00,35.8946241,128.6021673,지상누수
2007-05-18 13:00:00,35.8947912,128.6023991,지하누수
2007-06-07 10:45:00,35.8963622,128.6108785,지상누수
2007-06-19 17:00:00,35.8960729,128.6121391,지상누수
2007-06-26 07:20:00,35.897053,128.6060654,지상누수
2007-06-26 11:45:00,35.8947157,128.6090842,지상누수
2007-07-23 10:00:00,35.8915603,128.596439,지하누수
2007-07-23 10:00:00,35.8915342,128.5965834,지하누수
2007-07-23 13:00:00,35.8929799,128.5973392,지하누수
2007-07-27 14:40:00,35.895108,128.6111366,지상누수
2007-07-28 06:45:00,35.895344,128.6100321,지상누수
2007-08-13 09:00:00,35.8929004,128.597316,지하누수
2007-08-20 12:45:00,35.892652,128.6068654,지상누수
2007-08-31 09:00:00,35.8959196,128.6054125,지하누수
2007-09-10 10:30:00,35.8953002,128.6077841,지상누수
2007-09-10 15:00:00,35.8900177,128.6000401,지상누수
2007-09-11 11:45:00,35.894826,128.6093499,지상누수
2007-10-11 12:00:00,35.8957562,128.6004581,지하누수
2007-10-12 09:00:00,35.897234,128.6011778,지하누수
2007-10-12 12:00:00,35.8963338,128.5998717,지하누수
2007-10-12 12:00:00,35.8969617,128.6013846,지하누수
2007-10-15 09:00:00,35.8960005,128.6017319,지하누수
2007-11-06 09:00:00,35.894353,128.6110253,지하누수
2007-11-08 09:00:00,35.8958723,128.6120701,지하누수
2007-11-20 18:00:00,35.8929585,128.6094276,지상누수
2007-12-17 09:00:00,35.8948463,128.6092167,지하누수
2007-12-22 12:30:00,35.8956355,128.6073607,지상누수
2008-01-07 13:00:00,35.8963653,128.6000976,지하누수
2008-01-08 09:00:00,35.8948747,128.6014267,지하누수
2008-01-28 10:48:00,35.8899151,128.601287,지상누수
2008-02-11 09:00:00,35.8926445,128.6060532,지하누수
2008-02-16 15:15:00,35.8955536,128.6113662,지상누수
2008-02-18 12:48:00,35.893374,128.5992472,지상누수
2008-04-03 09:00:00,35.8975146,128.6045759,지하누수
2008-04-03 09:00:00,35.8974681,128.5989688,지하누수
2008-04-03 09:00:00,35.8947381,128.6019531,지하누수
2008-04-04 16:24:00,35.8935192,128.5982447,지상누수
2008-04-08 13:19:00,35.8971881,128.5999924,지상누수
2008-04-11 09:00:00,35.896141,128.6122561,지하누수
2008-04-11 09:00:00,35.8936404,128.6103236,지하누수
2008-04-11 09:00:00,35.895782,128.6105861,지하누수
2008-04-22 09:00:00,35.8961417,128.602339,지하누수
2008-04-30 09:00:00,35.8946495,128.6017077,지하누수
2008-04-30 09:00:00,35.8944146,128.6019027,지하누수
2008-05-08 14:46:00,35.8966487,128.6079187,지상누수
2008-05-17 08:03:00,35.8921902,128.5974082,지상누수
2008-06-11 09:00:00,35.8938663,128.6102529,지하누수
2008-06-12 09:00:00,35.8970944,128.6024783,지하누수
2008-06-12 09:00:00,35.8962259,128.6025329,지하누수
2008-06-12 09:00:00,35.897478,128.6044319,지하누수
2008-07-15 17:28:00,35.8960952,128.6100066,지상누수
2008-07-21 12:02:00,35.8948146,128.609921,지상누수
2008-07-29 12:34:00,35.8943617,128.5993061,지상누수
2008-07-30 16:21:00,35.8948698,128.6010136,지상누수
2008-08-22 07:43:00,35.8975146,128.6045759,지상누수
2008-08-29 09:00:00,35.8936833,128.5991138,지하누수
2008-09-08 09:00:00,35.8968842,128.5999283,지하누수
2008-09-08 09:00:00,35.8962166,128.6000401,지하누수
2008-09-18 09:00:00,35.8947758,128.6046433,지하누수
2008-10-08 11:32:00,35.8957106,128.6087856,지상누수
2008-11-05 10:00:00,35.8948747,128.6014267,지상누수
2008-11-05 10:00:00,35.8948747,128.6014267,지상누수
2008-11-13 09:00:00,35.8932193,128.6093998,지하누수
2008-11-17 13:31:00,35.8965185,128.6077883,지상누수
2008-11-17 13:31:00,35.8965185,128.6077883,지상누수
2008-11-20 09:00:00,35.897853,128.5987658,지하누수
2008-11-20 09:00:00,35.897853,128.5987658,지하누수
2008-11-20 17:14:00,35.8938663,128.6102529,지상누수
2008-12-09 09:00:00,35.8902805,128.6040445,지상누수
2008-12-11 09:03:00,35.8975383,128.6066399,지상누수
2008-12-12 13:57:00,35.8968513,128.6079403,지상누수
2008-12-21 08:50:00,35.901451,128.6043367,지상누수
2008-12-23 09:00:00,35.8938925,128.6104273,지하누수
2009-01-05 10:11:00,35.8982773,128.6052341,지상누수
2009-01-08 09:00:00,35.8962259,128.6025329,지하누수
2009-01-13 09:40:00,35.890979,128.6032946,지상누수
2009-01-28 06:55:00,35.8952327,128.6046783,지상누수
2009-02-05 11:09:00,35.8912764,128.5969392,지상누수
2009-02-05 16:01:00,35.8976825,128.6045625,지하누수
2009-02-12 12:12:00,35.8932193,128.6093998,지상누수
2009-02-17 15:42:00,35.8966337,128.6042461,지상누수
2009-02-25 09:00:00,35.8965898,128.6016523,지하누수
2009-02-25 09:00:00,35.8970944,128.6024783,지하누수
2009-03-06 09:00:00,35.8973991,128.5999957,지하누수
2009-03-06 09:00:00,35.8962741,128.598792,지하누수
2009-03-06 09:00:00,35.8944692,128.5984373,지하누수
2009-03-11 09:00:00,35.8982006,128.6047688,지하누수
2009-03-11 09:00:00,35.8983877,128.6047369,지하누수
2009-03-27 09:00:00,35.898456,128.6049009,지하누수
2009-04-03 09:00:00,35.8911309,128.5975278,지하누수
2009-04-08 09:00:00,35.8948612,128.6083472,지하누수
2009-04-08 09:00:00,35.8950104,128.610865,지하누수
2009-04-08 09:00:00,35.8945804,128.6077641,지하누수
2009-04-08 10:20:00,35.8970647,128.6098819,지상누수
2009-04-14 09:00:00,35.8947414,128.6077693,지하누수
2009-04-27 09:00:00,35.8955517,128.6118181,지상누수
2009-04-27 13:15:00,35.8963045,128.6079341,지상누수
2009-04-30 13:05:00,35.8968916,128.6001731,지상누수
2009-05-01 09:18:00,35.8941678,128.6048861,지상누수
2009-05-07 09:00:00,35.8955177,128.5998111,지하누수
2009-05-07 09:00:00,35.89345,128.5989036,지하누수
2009-05-07 09:00:00,35.8954767,128.6006315,지하누수
2009-06-10 09:51:00,35.8956685,128.6028173,지상누수
2009-06-15 13:55:00,35.8963248,128.6004439,지상누수
2009-06-18 11:40:00,35.8949517,128.5991657,지상누수
2009-07-01 09:00:00,35.892329,128.597797,지하누수
2009-07-01 09:01:00,35.8921276,128.5969563,지하누수
2009-07-04 10:45:00,35.8975568,128.6076141,지상누수
2009-07-06 09:00:00,35.8952061,128.5998821,지하누수
2009-07-06 14:19:00,35.8943311,128.6089668,지상누수
2009-07-09 09:00:00,35.8955989,128.6062,지하누수
2009-07-24 09:00:00,35.8957129,128.6050808,지하누수
2009-07-27 09:00:00,35.893442,128.6092004,지하누수
2009-07-28 09:23:00,35.8974345,128.5983333,지상누수
2009-07-30 12:56:00,35.8930297,128.5985357,지상누수
2009-08-19 08:50:00,35.8925102,128.6007659,지상누수
2009-08-24 07:24:00,35.8961747,128.6118559,지상누수
2009-08-26 16:25:00,35.8917529,128.6062886,지상누수
2009-09-21 09:00:00,35.8981948,128.6044607,지하누수
2009-09-25 10:46:00,35.8948437,128.6038297,지상누수
2009-11-04 14:47:00,35.897077,128.6077305,지상누수
2009-11-06 17:54:00,35.8921317,128.6057953,지상누수
2009-11-09 12:05:00,35.8921276,128.5969563,지상누수
2009-11-14 11:40:00,35.897077,128.6077305,지상누수
2009-11-18 13:13:00,35.8930283,128.605446,지상누수
2009-11-20 16:10:00,35.8941155,128.607839,지상누수
2009-11-23 14:43:00,35.8967631,128.6092371,지상누수
2009-12-17 09:07:00,35.8965107,128.598511,지상누수
2009-12-20 09:56:00,35.8927563,128.6086165,지상누수
2009-12-24 11:30:00,35.8903724,128.6026803,지상누수
2009-12-30 08:41:00,35.8964225,128.6083507,지상누수
2010-01-03 08:49:00,35.8959332,128.6097411,지상누수
2010-01-06 07:52:00,35.8958428,128.6037225,지상누수
2010-01-07 08:28:00,35.8949622,128.5982041,지상누수
2010-01-28 11:20:00,35.8954002,128.6107026,지상누수
2010-01-28 12:07:00,35.8929279,128.6061233,지상누수
2010-01-28 16:01:00,35.8930297,128.5985357,지상누수
2010-02-01 09:56:00,35.8938019,128.6078556,지상누수
2010-02-18 09:00:00,35.8909603,128.6027368,지하누수
2010-02-18 09:00:00,35.8907982,128.6036585,지하누수
2010-02-23 09:00:00,35.8899651,128.6009332,지하누수
2010-03-05 09:00:00,35.8907824,128.6046677,지하누수
2010-03-05 09:00:00,35.8898263,128.6010129,지하누수
2010-03-05 09:28:00,35.8984009,128.6055977,지상누수
2010-03-05 09:48:00,35.8982769,128.605643,지상누수
2010-03-09 16:52:00,35.8956008,128.6100887,지상누수
2010-03-10 09:00:00,35.8941463,128.5974834,지하누수
2010-03-12 09:00:00,35.8947713,128.6010511,지하누수
2010-03-15 09:00:00,35.8899459,128.6034124,지하누수
2010-03-18 15:50:00,35.8926445,128.6060532,지상누수
2010-03-23 09:00:00,35.8960892,128.604461,지하누수
2010-03-30 09:00:00,35.8956008,128.6100887,지상누수
2010-04-07 09:00:00,35.8971252,128.6023369,지하누수
2010-04-19 09:00:00,35.8954293,128.6069041,지하누수
2010-05-03 09:00:00,35.8972922,128.6038361,지하누수
2010-05-10 09:00:00,35.8963747,128.6116947,지하누수
2010-05-11 09:00:00,35.8944211,128.6104858,지하누수
2010-05-13 09:00:00,35.8889189,128.6020764,지하누수
2010-05-22 11:12:00,35.8929263,128.6060014,지상누수
2010-06-21 09:00:00,35.8892473,128.6028408,지하누수
2010-06-24 18:34:00,35.8950317,128.6061481,지상누수
2010-07-01 09:00:00,35.8969646,128.6084574,지하누수
2010-07-01 09:00:00,35.8951854,128.6092512,지하누수
2010-07-01 09:00:00,35.8968513,128.6079403,지하누수
2010-07-06 09:00:00,35.8926556,128.6089682,지하누수
2010-07-06 09:00:00,35.8937504,128.6065046,지하누수
2010-07-06 09:00:00,35.892427,128.6063502,지하누수
2010-07-06 09:00:00,35.8948467,128.6087656,지하누수
2010-07-06 09:36:00,35.8942895,128.6105837,지상누수
2010-07-14 09:00:00,35.8907876,128.6044362,지하누수
2010-07-15 09:00:00,35.896816,128.6006497,지하누수
2010-07-15 09:00:00,35.8953107,128.6014414,지하누수
2010-07-15 09:00:00,35.8965775,128.6025858,지하누수
2010-07-15 09:00:00,35.8968833,128.6021024,지하누수
2010-08-02 09:56:00,35.8952274,128.598819,지상누수
2010-08-02 17:44:00,35.8957788,128.6102073,지상누수
2010-08-31 10:26:00,35.8940868,128.6042889,지상누수
2010-09-01 15:36:00,35.8923093,128.6083009,지상누수
2010-10-03 09:15:00,35.8913008,128.6057162,지상누수
2010-10-06 09:00:00,35.8927815,128.6090508,지하누수
2010-10-29 10:28:00,35.8912155,128.6042629,지상누수
2010-11-01 15:35:00,35.8966371,128.5993274,지상누수
2010-11-11 16:33:00,35.8930714,128.6079041,지상누수
2010-11-16 10:58:00,35.8921406,128.6034955,지상누수
2010-11-19 16:44:00,35.894986,128.6116735,지상누수
2010-11-27 18:44:00,35.8970059,128.6089159,지상누수
2010-12-03 14:00:00,35.8929917,128.6067571,지상누수
2010-12-29 14:33:00,35.8952274,128.598819,지상누수
2011-01-03 19:00:00,35.8952774,128.6101531,지상누수
2011-01-15 13:44:00,35.8959434,128.6082485,지상누수
2011-01-15 17:32:00,35.8954002,128.6107026,지상누수
2011-01-16 09:51:00,35.8968395,128.6064995,지상누수
2011-01-25 10:40:00,35.8938755,128.6048677,지상누수
2011-01-26 10:08:00,35.895862,128.6082629,지상누수
2011-01-31 09:00:00,35.8914202,128.6062172,지하누수
2011-02-01 13:31:00,35.8971507,128.6089729,지상누수
2011-02-03 21:26:00,35.8901454,128.6032536,지상누수
2011-02-25 15:52:00,35.8944829,128.6086036,지상누수
2011-03-03 09:24:00,35.894484,128.6087472,지상누수
2011-03-07 09:04:00,35.8955456,128.6022247,지상누수
2011-03-11 09:41:00,35.8944692,128.5984373,지상누수
2011-03-17 16:25:00,35.8939193,128.5991765,지상누수
2011-03-26 11:21:00,35.8947789,128.6033482,지상누수
2011-04-05 14:00:00,35.901451,128.6043367,지하누수
2011-04-12 09:00:00,35.8949701,128.5979517,지하누수
2011-04-13 13:40:00,35.8905587,128.6027877,지상누수
2011-04-18 13:35:00,35.8917042,128.5975066,지상누수
2011-04-25 09:30:00,35.8924255,128.6048535,지상누수
2011-04-29 09:00:00,35.8916066,128.5975266,지하누수
2011-04-29 16:03:00,35.8950531,128.6048475,지상누수
2011-05-03 09:00:00,35.8956913,128.6069351,지하누수
2011-05-03 09:00:00,35.8983695,128.6072313,지하누수
2011-05-03 09:00:00,35.8962961,128.6053979,지하누수
2011-05-17 09:00:00,35.8937043,128.5989861,지하누수
2011-05-20 09:00:00,35.8962765,128.6107413,지하누수
2011-05-26 09:00:00,35.8978486,128.6067485,지하누수
2011-06-14 14:11:00,35.8968874,128.6031159,지상누수
2011-06-20 10:19:00,35.895589,128.6002707,지상누수
2011-06-21 09:00:00,35.8950259,128.6069784,지하누수
2011-06-21 09:00:00,35.8969425,128.6073039,지하누수
2011-06-25 04:41:00,35.8926632,128.6087565,지상누수
2011-07-08 09:00:00,35.8968908,128.6068308,지하누수
2011-07-12 09:20:00,35.8948435,128.6078796,지상누수
2011-07-12 12:28:00,35.8958128,128.6122184,지상누수
2011-07-22 13:30:00,35.8951476,128.6104596,지상누수
2011-07-27 10:01:00,35.8965336,128.5996083,지상누수
2011-08-16 10:10:00,35.8950431,128.5978991,지상누수
2011-09-03 07:33:00,35.8950986,128.6053886,지상누수
2011-09-07 08:28:00,35.8901998,128.6039509,지상누수
2011-09-24 09:20:00,35.8892791,128.6026847,지상누수
2011-10-24 09:38:00,35.8919762,128.6057557,지상누수
2011-10-28 10:54:00,35.8947138,128.6112679,지상누수
2011-11-04 09:00:00,35.8936833,128.5991138,지하누수
2011-11-06 13:19:00,35.8924384,128.6066901,지상누수
2011-11-15 13:04:00,35.8952274,128.598819,지상누수
2011-11-18 09:20:00,35.8944942,128.6004553,지상누수
2011-11-21 13:38:00,35.8978484,128.6039147,지상누수
2011-12-01 08:36:00,35.8947208,128.6107649,지상누수
2011-12-07 10:42:00,35.8974475,128.6082208,지상누수
2011-12-10 19:05:00,35.8938053,128.609037,지상누수
2011-12-12 09:55:00,35.8918433,128.6064363,지상누수
2011-12-13 07:31:00,35.892658,128.597828,지상누수
2011-12-13 08:10:00,35.8917398,128.606704,지상누수
2011-12-13 09:41:00,35.8924261,128.6064154,지상누수
2011-12-14 07:10:00,35.8942835,128.6062351,지상누수
2011-12-14 08:14:00,35.8952075,128.610789,지상누수
2011-12-15 10:05:00,35.8959807,128.6123805,지상누수
2011-12-16 09:00:00,35.8948166,128.6104906,지상누수
2011-12-16 16:45:00,35.8931034,128.5975124,지상누수
2011-12-18 08:17:00,35.8950004,128.6102705,지상누수
2011-12-19 17:05:00,35.8940868,128.6042889,지상누수
2011-12-23 09:31:00,35.8980051,128.6067201,지상누수
2011-12-23 09:43:00,35.8943564,128.6046949,지상누수
2011-12-24 11:40:00,35.8961785,128.600401,지상누수
2011-12-26 09:00:00,35.8899212,128.6024098,지하누수
2012-01-03 14:14:00,35.8903335,128.6037453,지상누수
2012-01-06 17:34:00,35.8963222,128.6016409,지상누수
2012-01-12 09:00:00,35.8945457,128.6090655,지하누수
2012-01-12 09:00:00,35.8978824,128.6045353,지하누수
2012-01-25 14:10:00,35.895344,128.6100321,지상누수
2012-01-30 17:37:00,35.8933408,128.6062061,지상누수
2012-02-02 15:22:00,35.8947138,128.6112679,지상누수
2012-02-06 11:51:00,35.8976809,128.6005573,지상누수
2012-02-06 16:47:00,35.8906001,128.6050173,지상누수
2012-02-21 11:41:00,35.8935898,128.6044517,지상누수
2012-02-24 10:52:00,35.8974475,128.6082208,지상누수
2012-02-29 09:58:00,35.8921106,128.6071623,지상누수
2012-03-06 12:54:00,35.8963482,128.6060171,지상누수
2012-03-08 09:00:00,35.8923845,128.6030124,지하누수
2012-03-13 09:00:00,35.8919995,128.597909,지하누수
2012-03-22 17:32:00,35.8937121,128.6087386,지상누수
2012-03-27 09:06:00,35.8944692,128.5984373,지상누수
2012-04-02 09:00:00,35.8971117,128.5998117,지하누수
2012-04-25 13:21:00,35.8948508,128.6084893,지상누수
2012-04-30 09:56:00,35.8899469,128.6035962,지상누수
2012-05-07 09:00:00,35.8958366,128.6107121,지하누수
2012-05-07 09:00:00,35.8967516,128.6020507,지하누수
2012-05-08 09:02:00,35.8921334,128.6036122,지상누수
2012-05-14 09:00:00,35.8908484,128.6031797,지하누수
2012-05-14 09:00:00,35.8906725,128.6043161,지하누수
2012-05-17 12:51:00,35.888788,128.6021374,지상누수
2012-05-24 12:53:00,35.8937121,128.6087386,지상누수
2012-06-04 09:01:00,35.8950436,128.6055463,지상누수
2012-06-21 09:00:00,35.8962062,128.6043354,지하누수
2012-06-21 09:00:00,35.8917457,128.6065576,지하누수
2012-07-05 16:57:00,35.8961893,128.6011194,지상누수
2012-07-30 02:35:00,35.8942875,128.6098293,지상누수
2012-08-21 16:03:00,35.8940889,128.6099565,지상누수
2012-08-30 09:18:00,35.8914124,128.5968645,지상누수
2012-09-06 09:00:00,35.8916059,128.6059874,지하누수
2012-09-11 14:37:00,35.8965721,128.6112018,지상누수
2012-09-18 09:00:00,35.8941673,128.6102928,지하누수
2012-09-19 09:00:00,35.8971366,128.6013529,지하누수
2012-09-21 09:00:00,35.8951971,128.6068576,지하누수
2012-09-21 09:00:00,35.8934617,128.5984185,지하누수
2012-09-21 13:38:00,35.8964534,128.607266,지상누수
2012-09-24 08:49:00,35.8948166,128.6104906,지상누수
2012-09-28 17:27:00,35.8941288,128.5978432,지상누수
2012-10-17 09:00:00,35.8924513,128.596775,지하누수
2012-10-17 09:00:00,35.8930076,128.5976732,지하누수
2012-10-22 10:55:00,35.8919494,128.6032447,지상누수
2012-10-24 09:25:00,35.8899349,128.6025993,지상누수
2012-10-26 10:56:00,35.8940868,128.6042889,지상누수
2012-11-19 09:00:00,35.8959163,128.6058311,지하누수
2012-11-27 08:50:00,35.8952507,128.598274,지상누수
2012-12-02 09:09:00,35.894859,128.6107751,지상누수
2012-12-04 12:32:00,35.8918834,128.6050608,지상누수
2012-12-06 08:19:00,35.894585,128.6053741,지상누수
2012-12-10 16:47:00,35.8905349,128.6033322,지상누수
2012-12-20 16:40:00,35.8939062,128.6061585,지상누수
2012-12-24 10:28:00,35.8967216,128.6108766,지상누수
2013-01-03 12:59:00,35.890267,128.6038772,긴급공사
2013-01-03 12:59:00,35.890267,128.6038772,지상누수
2013-01-05 06:32:00,35.8919787,128.5968683,긴급공사
2013-01-05 06:32:00,35.8919607,128.5968657,지상누수
2013-01-05 11:42:00,35.8966439,128.6027469,긴급공사
2013-01-05 11:42:00,35.8966439,128.6027469,지상누수
2013-01-09 12:17:00,35.8959559,128.6044328,지상누수
2013-01-09 12:17:00,35.8959559,128.6044328,긴급공사
2013-01-13 10:30:00,35.8963635,128.6005926,긴급공사
2013-01-13 10:30:00,35.8963635,128.6005926,지상누수
2013-01-17 12:49:00,35.8976705,128.6018008,지상누수
2013-01-17 12:49:00,35.8976705,128.6018008,긴급공사
2013-01-26 11:02:00,35.8970288,128.6009761,지상누수
2013-01-26 11:02:00,35.8970288,128.6009761,긴급공사
2013-01-29 09:00:00,35.8963146,128.6087015,긴급공사
2013-01-29 10:30:00,35.8963992,128.5987661,지상누수
2013-01-29 10:30:00,35.8963992,128.5987661,긴급공사
2013-01-29 17:03:00,35.8964105,128.5988983,긴급공사
2013-01-29 17:03:00,35.8964105,128.5988983,지상누수
2013-02-04 11:19:00,35.890609,128.6032882,긴급공사
2013-02-04 11:19:00,35.890609,128.6032882,지상누수
2013-02-14 08:48:00,35.8930396,128.6087085,지상누수
2013-02-14 08:48:00,35.8930396,128.6087085,긴급공사
2013-02-15 11:18:00,35.8909028,128.6040928,지상누수
2013-02-15 11:18:00,35.8909028,128.6040928,긴급공사
2013-02-21 12:43:00,35.8980324,128.6046759,지상누수
2013-02-21 12:43:00,35.8980324,128.6046759,긴급공사
2013-02-25 09:00:00,35.8944037,128.6041922,지하누수
2013-02-25 09:00:00,35.8944037,128.6041922,긴급공사
2013-02-27 09:00:00,35.8916117,128.6065452,지하누수
2013-02-27 09:00:00,35.8916117,128.6065452,지하누수
2013-03-05 09:45:00,35.8927626,128.6040563,긴급공사
2013-03-05 09:45:00,35.8927626,128.6040563,지상누수
2013-03-22 13:24:00,35.8957541,128.612599,지상누수
2013-04-03 11:16:00,35.8970207,128.6069701,긴급공사
2013-04-03 11:16:00,35.8970207,128.6069701,지상누수
2013-04-17 09:21:00,35.8940245,128.6093829,지상누수
2013-04-17 09:21:00,35.8940245,128.6093829,긴급공사
2013-04-24 18:38:00,35.895344,128.6100321,지상누수
2013-04-24 18:38:00,35.895344,128.6100321,긴급공사
2013-04-29 12:03:00,35.8964988,128.6085216,긴급공사
2013-04-29 12:03:00,35.8964988,128.6085216,지상누수
2013-05-21 10:00:00,35.8922664,128.6035592,긴급공사
2013-05-21 10:00:00,35.8922664,128.6035592,지상누수
2013-06-04 09:00:00,35.8938053,128.609037,긴급공사
2013-06-04 09:00:00,35.8938053,128.609037,지하누수
2013-06-04 09:00:00,35.892493,128.6053595,지하누수
2013-06-04 09:00:00,35.892493,128.6053595,긴급공사
2013-06-04 10:47:00,35.8958679,128.6034297,지상누수
2013-06-04 10:47:00,35.8958679,128.6034297,긴급공사
2013-06-07 09:34:00,35.8975383,128.6066399,긴급공사
2013-06-07 09:34:00,35.8975383,128.6066399,지상누수
2013-06-07 13:28:00,35.8935864,128.6046368,지상누수
2013-06-07 13:28:00,35.8935864,128.6046368,긴급공사
2013-06-11 09:00:00,35.8937026,128.608004,긴급공사
2013-06-11 09:00:00,35.8937026,128.608004,지하누수
2013-06-21 09:00:00,35.8938019,128.6078556,긴급공사
2013-06-21 09:00:00,35.8938019,128.6078556,지하누수
2013-06-29 09:00:00,35.8944754,128.6077617,긴급공사
2013-06-29 09:00:00,35.8944754,128.6077617,지하누수
2013-07-01 08:00:00,35.8924757,128.6060081,지하누수
2013-07-01 08:00:00,35.8924757,128.6060081,긴급공사
2013-07-01 17:41:00,35.8935602,128.5984186,지상누수
2013-07-01 17:41:00,35.8935602,128.5984186,긴급공사
2013-07-16 08:00:00,35.8924787,128.605816,지하누수
2013-07-16 08:00:00,35.8916054,128.6066892,지하누수
2013-07-16 08:00:00,35.8924787,128.605816,긴급공사
2013-07-25 16:35:00,35.8942994,128.6059823,지상누수
2013-07-25 16:35:00,35.8942994,128.6059823,긴급공사
2013-07-29 14:58:00,35.8947855,128.6115404,지상누수
2013-07-30 11:33:00,35.8944278,128.6099339,긴급공사
2013-07-30 11:33:00,35.8944278,128.6099339,지상누수
2013-08-26 11:08:00,35.8952943,128.6093955,지상누수
2013-08-26 11:08:00,35.8952943,128.6093955,긴급공사
2013-08-27 13:18:00,35.8959285,128.612761,지상누수
2013-08-30 14:50:00,35.8945009,128.6106126,긴급공사
2013-08-30 14:50:00,35.8945009,128.6106126,지상누수
2013-08-31 06:15:00,35.8959285,128.612761,지상누수
2013-08-31 15:34:00,35.8917172,128.6032125,긴급공사
2013-08-31 15:34:00,35.8917172,128.6032125,지상누수
2013-09-23 16:52:00,35.8968985,128.5996514,긴급공사
2013-09-23 16:52:00,35.8968985,128.5996514,지상누수
2013-10-04 10:01:00,35.8896873,128.6025124,긴급공사
2013-10-04 10:01:00,35.8896873,128.6025124,지상누수
2013-10-09 18:01:00,35.8969769,128.6102656,지상누수
2013-10-09 18:01:00,35.8969769,128.6102656,긴급공사
2013-10-21 09:16:00,35.8980531,128.6052826,긴급공사
2013-10-21 09:16:00,35.8980531,128.6052826,지상누수
2013-10-23 10:36:00,35.8920494,128.6057983,지상누수
2013-10-23 10:36:00,35.8920494,128.6057983,긴급공사
2013-10-25 11:06:00,35.8954183,128.6116362,지상누수
2013-10-25 11:06:00,35.8954183,128.6116362,긴급공사
2013-11-06 15:58:00,35.8930412,128.6055699,지상누수
2013-11-06 15:58:00,35.8930412,128.6055699,긴급공사
2013-11-09 17:23:00,35.897229,128.6064352,긴급공사
2013-11-09 17:23:00,35.897229,128.6064352,지상누수
2013-11-14 07:18:00,35.8956034,128.6048453,긴급공사
2013-11-14 07:18:00,35.8955753,128.6048381,지상누수
2013-11-20 09:00:00,35.8920735,128.6055943,지하누수
2013-11-20 09:00:00,35.8920735,128.6055943,긴급공사
2013-11-20 13:56:00,35.8924459,128.6078682,긴급공사
2013-11-20 13:56:00,35.8924459,128.6078682,지상누수
2013-11-20 16:14:00,35.8968767,128.6080844,지상누수
2013-11-20 16:14:00,35.8968767,128.6080844,긴급공사
2013-12-18 17:50:00,35.8931545,128.605574,긴급공사
2013-12-18 17:50:00,35.8931545,128.605574,지상누수
2013-12-24 16:26:00,35.8897072,128.6028817,긴급공사
2013-12-24 16:26:00,35.8897072,128.6028817,지상누수
2013-12-26 09:00:00,35.8961112,128.6001309,긴급공사
2013-12-29 14:34:00,35.8966439,128.6027469,긴급공사
2013-12-29 14:34:00,35.8966439,128.6027469,지상누수
2014-01-27 14:56:00,35.8938019,128.6078556,지상누수
2014-01-27 14:56:00,35.8938019,128.6078556,긴급공사
2014-02-04 08:00:00,35.8936796,128.6034325,긴급공사
2014-02-17 17:25:00,35.8918673,128.5973152,지하누수
2014-02-17 17:25:00,35.8918673,128.5973152,긴급공사
2014-03-03 10:30:00,35.8978547,128.6071543,지상누수
2014-03-03 10:30:00,35.8978547,128.6071543,긴급공사
2014-03-11 14:09:00,35.8966676,128.6094023,긴급공사
2014-03-11 14:09:00,35.8966676,128.6094023,지상누수
2014-03-31 15:14:00,35.8921334,128.6036122,긴급공사
2014-03-31 15:14:00,35.8921334,128.6036122,지상누수
2014-04-08 11:36:00,35.8976449,128.6077196,긴급공사
2014-04-08 11:36:00,35.8976449,128.6077196,지상누수
2014-04-10 10:20:00,35.8913697,128.6059763,긴급공사
2014-04-10 10:20:00,35.8913697,128.6059763,지상누수
2014-04-11 14:09:00,35.8965019,128.6100277,긴급공사
2014-04-11 14:09:00,35.8965019,128.6100277,지상누수
2014-04-14 14:38:00,35.8967871,128.6097942,긴급공사
2014-04-14 14:38:00,35.8967871,128.6097942,지상누수
2014-04-17 16:09:00,35.8957862,128.5993193,지상누수
2014-04-17 16:09:00,35.8958309,128.5993167,긴급공사
2014-04-23 13:34:00,35.8976136,128.6049804,지상누수
2014-04-23 13:34:00,35.8976136,128.6049804,긴급공사
2014-05-02 15:07:00,35.8952054,128.597639,지상누수
2014-05-02 15:07:00,35.8952054,128.597639,긴급공사
2014-05-05 11:20:00,35.89267,128.6042972,지상누수
2014-05-05 11:20:00,35.89267,128.6042972,긴급공사
2014-05-07 11:43:00,35.8967871,128.6097942,긴급공사
2014-05-07 11:43:00,35.8967871,128.6097942,지상누수
2014-05-10 08:51:00,35.8929835,128.5978688,긴급공사
2014-05-10 08:51:00,35.8929835,128.5978688,지상누수
2014-05-21 09:03:00,35.8981994,128.60719,긴급공사
2014-05-21 09:03:00,35.8981994,128.60719,지상누수
2014-05-23 11:07:00,35.8980786,128.6072778,지상누수
2014-05-23 11:07:00,35.8980786,128.6072778,긴급공사
2014-05-26 16:28:00,35.8968908,128.6068308,지상누수
2014-05-26 16:28:00,35.8968908,128.6068308,긴급공사
2014-05-30 09:25:00,35.8974142,128.606475,긴급공사
2014-05-30 09:25:00,35.8974142,128.606475,지상누수
2014-05-31 14:24:00,35.8950104,128.610865,긴급공사
2014-05-31 14:24:00,35.8950104,128.610865,지상누수
2014-06-09 09:11:00,35.8982902,128.6070869,긴급공사
2014-06-09 09:11:00,35.8982902,128.6070869,지상누수
2014-06-10 11:44:00,35.8903448,128.603526,긴급공사
2014-06-10 11:44:00,35.8903448,128.603526,지상누수
2014-06-10 13:48:00,35.8901375,128.6034434,긴급공사
2014-06-10 13:48:00,35.8901375,128.6034434,지상누수
2014-06-10 13:49:00,35.8902302,128.6035788,지상누수
2014-06-10 13:49:00,35.8902302,128.6035788,긴급공사
2014-06-12 10:07:00,35.8979908,128.6069095,지상누수
2014-06-12 10:07:00,35.8979908,128.6069095,긴급공사
2014-06-12 10:49:00,35.8980616,128.6070068,지상누수
2014-06-12 10:49:00,35.8980616,128.6070068,긴급공사
2014-06-16 14:24:00,35.8924255,128.6048535,지상누수
2014-06-16 14:24:00,35.8924255,128.6048535,긴급공사
2014-06-17 15:31:00,35.8975337,128.6080701,지상누수
2014-06-17 15:31:00,35.8975337,128.6080701,긴급공사
2014-06-26 10:21:00,35.8974615,128.607512,긴급공사
2014-06-26 10:21:00,35.8974615,128.607512,지상누수
2014-06-29 13:10:00,35.8912052,128.6036036,긴급공사
2014-06-29 13:10:00,35.8912052,128.6036036,지상누수
2014-06-30 08:42:00,35.8932908,128.6053603,지하누수
2014-06-30 08:42:00,35.8932908,128.6053603,긴급공사
2014-07-01 08:00:00,35.8920494,128.6057983,긴급공사
2014-07-01 08:00:00,35.8920494,128.6057983,지하누수
2014-07-02 10:35:00,35.8964762,128.606353,긴급공사
2014-07-02 10:35:00,35.8964762,128.606353,지상누수
2014-07-04 10:28:00,35.8960033,128.6113524,지상누수
2014-07-04 10:28:00,35.8960033,128.6113524,긴급공사
2014-07-04 16:51:00,35.8939763,128.6096061,지하누수
2014-07-04 16:51:00,35.8939763,128.6096061,긴급공사
2014-07-12 14:57:00,35.8969784,128.6055193,지상누수
2014-07-12 14:57:00,35.8969784,128.6055193,긴급공사
2014-07-15 11:43:00,35.8966922,128.6062421,지상누수
2014-07-15 11:43:00,35.8966922,128.6062421,긴급공사
2014-07-22 12:50:00,35.8980051,128.6067201,지상누수
2014-07-22 12:50:00,35.8980051,128.6067201,긴급공사
2014-07-29 14:11:00,35.8969911,128.6067829,긴급공사
2014-07-29 14:11:00,35.8969911,128.6067829,지상누수
2014-08-13 15:31:00,35.8962384,128.6117154,지상누수
2014-08-13 15:31:00,35.8962384,128.6117154,긴급공사
2014-08-17 10:17:00,35.8972341,128.6058311,긴급공사
2014-08-17 10:17:00,35.8972341,128.6058311,지상누수
2014-08-18 14:37:00,35.8952774,128.6101531,긴급공사
2014-08-18 14:37:00,35.8952774,128.6101531,지상누수
2014-08-29 09:13:00,35.892329,128.597797,긴급공사
2014-08-29 09:13:00,35.892329,128.597797,지상누수
2014-09-01 11:45:00,35.8965674,128.6053964,긴급공사
2014-09-01 11:45:00,35.8965674,128.6053964,지상누수
2014-09-02 09:36:00,35.8952774,128.6101531,긴급공사
2014-09-02 09:36:00,35.8952774,128.6101531,지상누수
2014-09-02 11:04:00,35.892329,128.597797,긴급공사
2014-09-02 11:04:00,35.892329,128.597797,지상누수
2014-09-04 09:03:00,35.8957088,128.6050327,긴급공사
2014-09-04 09:03:00,35.8957088,128.6050327,지하누수
2014-09-04 09:05:00,35.8928402,128.5971616,지하누수
2014-09-04 09:06:00,35.8969261,128.60018,지하누수
2014-09-04 09:06:00,35.8969261,128.60018,긴급공사
2014-09-04 09:08:00,35.8976595,128.601949,긴급공사
2014-09-04 09:08:00,35.8976595,128.601949,지하누수
2014-09-11 12:52:00,35.8943345,128.6096066,지상누수
2014-09-11 12:52:00,35.8943345,128.6096066,긴급공사
2014-09-19 15:01:00,35.8968636,128.6085935,지상누수
2014-09-19 15:01:00,35.8968636,128.6085935,긴급공사
2014-10-03 13:50:00,35.8985775,128.6043622,지상누수
2014-10-03 13:50:00,35.8985775,128.6043622,긴급공사
2014-10-05 12:21:00,35.8915586,128.6029318,지상누수
2014-10-05 12:21:00,35.8915586,128.6029318,긴급공사
2014-10-06 12:28:00,35.8975523,128.6040497,긴급공사
2014-10-06 12:28:00,35.8975523,128.6040497,지하누수
2014-10-06 12:55:00,35.8913343,128.6028039,지하누수
2014-10-06 12:55:00,35.8913343,128.6028039,긴급공사
2014-10-10 13:12:00,35.8949938,128.6000525,지하누수
2014-10-10 13:12:00,35.8949938,128.6000525,긴급공사
2014-10-10 13:13:00,35.8952894,128.6011513,지하누수
2014-10-10 13:13:00,35.8952894,128.6011513,긴급공사
2014-10-13 13:46:00,35.8967756,128.6080835,지상누수
2014-10-13 13:46:00,35.8967756,128.6080835,긴급공사
2014-10-15 10:32:00,35.8948172,128.6029839,긴급공사
2014-10-15 10:32:00,35.8948172,128.6029839,지상누수
2014-10-15 11:04:00,35.8984111,128.6057109,긴급공사
2014-10-15 11:04:00,35.8984111,128.6057109,지하누수
2014-10-24 10:48:00,35.8919728,128.6056276,지상누수
2014-10-24 10:48:00,35.8919728,128.6056276,긴급공사
2014-11-04 11:17:00,35.8978985,128.6080259,긴급공사
2014-11-09 09:46:00,35.8985563,128.6045313,긴급공사
2014-11-09 09:46:00,35.8985563,128.6045313,지상누수
2014-11-17 08:30:00,35.8933097,128.6063765,긴급공사
2014-11-17 09:12:00,35.8952784,128.6102857,긴급공사
2014-11-17 15:21:00,35.8966845,128.6057377,지상누수
2014-11-17 15:21:00,35.8966845,128.6057377,긴급공사
2014-11-22 08:51:00,35.8922944,128.6080842,긴급공사
2014-11-22 08:51:00,35.8922944,128.6080842,지상누수
2014-11-27 09:51:00,35.8966819,128.6057206,긴급공사
2014-12-03 09:01:00,35.8951718,128.6005814,지상누수
2014-12-03 09:01:00,35.8951718,128.6005814,긴급공사
2014-12-04 10:50:00,35.8951438,128.6105719,지상누수
2014-12-04 10:50:00,35.8951438,128.6105719,긴급공사
2014-12-09 09:27:00,35.8897832,128.603003,지상누수
2014-12-09 09:27:00,35.8897832,128.603003,긴급공사
2014-12-11 09:56:00,35.8919186,128.5967396,지하누수
2014-12-11 09:56:00,35.8919186,128.5967396,긴급공사
2014-12-13 14:54:00,35.8895971,128.601464,지하누수
2014-12-13 14:54:00,35.8895971,128.601464,긴급공사
2014-12-17 15:17:00,35.8905349,128.6033322,지상누수
2014-12-17 15:17:00,35.8905349,128.6033322,긴급공사
2014-12-19 17:08:00,35.8906662,128.6032595,긴급공사
2014-12-19 17:08:00,35.8906662,128.6032595,지하누수
2014-12-21 17:13:00,35.8969782,128.6081873,지상누수
2014-12-21 17:13:00,35.8969782,128.6081873,긴급공사
2014-12-22 11:36:00,35.8893295,128.6025162,지상누수
2014-12-22 11:36:00,35.8893295,128.6025162,긴급공사
2014-12-30 13:39:00,35.8962765,128.6107413,지상누수
2014-12-30 13:39:00,35.8962765,128.6107413,긴급공사
2015-01-02 09:33:00,35.8922573,128.6037306,지상누수
2015-01-02 09:33:00,35.8922573,128.6037306,긴급공사
2015-01-06 16:44:00,35.894912,128.5983583,지하누수
2015-01-06 16:44:00,35.894912,128.5983583,긴급공사
2015-01-08 13:02:00,35.8947208,128.6107649,긴급공사
2015-01-08 13:02:00,35.8947208,128.6107649,지상누수
2015-01-08 17:17:00,35.8919042,128.6053562,지상누수
2015-01-08 17:17:00,35.8919042,128.6053562,긴급공사
2015-01-09 11:37:00,35.8981991,128.6053031,긴급공사
2015-01-09 11:37:00,35.8981991,128.6053031,지상누수
2015-01-12 09:53:00,35.8901949,128.6037756,긴급공사
2015-01-12 09:53:00,35.8901949,128.6037756,지상누수
2015-01-14 09:00:00,35.8964916,128.6090544,긴급공사
2015-01-15 09:00:00,35.8965019,128.6100277,긴급공사
2015-01-18 11:32:00,35.8972472,128.6082531,지상누수
2015-01-18 11:32:00,35.8972472,128.6082531,긴급공사
2015-01-19 09:57:00,35.8947971,128.6062486,지상누수
2015-01-19 09:57:00,35.8947971,128.6062486,긴급공사
2015-01-21 11:28:00,35.8954002,128.6107026,지상누수
2015-01-21 11:28:00,35.8954002,128.6107026,긴급공사
2015-02-09 10:45:00,35.8937242,128.5986387,지상누수
2015-02-09 10:45:00,35.8937242,128.5986387,긴급공사
2015-03-19 15:03:00,35.8959188,128.6064294,지상누수
2015-03-19 15:03:00,35.8959188,128.6064294,긴급공사
2015-04-09 13:15:00,35.8921385,128.6031806,지상누수
2015-04-09 13:15:00,35.8921385,128.6031806,긴급공사
2015-04-13 14:51:00,35.8935454,128.6092832,지상누수
2015-04-13 14:51:00,35.8935454,128.6092832,긴급공사
2015-04-16 14:14:00,35.8937944,128.5979538,지상누수
2015-04-16 14:14:00,35.8937944,128.5979538,긴급공사
2015-04-22 14:40:00,35.8945367,128.6084726,지상누수
2015-04-22 14:40:00,35.8945367,128.6084726,긴급공사
2015-04-23 17:36:00,35.8917993,128.605036,긴급공사
2015-04-23 17:36:00,35.8917993,128.605036,지상누수
2015-04-24 10:54:00,35.8935032,128.6074268,긴급공사
2015-04-24 10:54:00,35.8935032,128.6074268,지상누수
2015-04-27 16:30:00,35.8961165,128.609198,긴급공사
2015-04-27 16:30:00,35.8961165,128.609198,지상누수
2015-05-08 09:00:00,35.8889357,128.6022712,긴급공사
2015-05-18 10:53:00,35.8961666,128.6033412,지상누수
2015-05-18 10:53:00,35.8961666,128.6033412,긴급공사
2015-05-19 11:08:00,35.8898136,128.6014157,지상누수
2015-05-19 11:08:00,35.8898136,128.6014157,긴급공사
2015-05-22 09:34:00,35.89738,128.6030015,지상누수
2015-05-22 09:34:00,35.89738,128.6030015,긴급공사
2015-05-26 15:09:00,35.8925655,128.5980831,지상누수
2015-05-26 15:09:00,35.8925655,128.5980831,긴급공사
2015-05-28 09:20:00,35.8916085,128.5981186,긴급공사
2015-06-10 13:12:00,35.8913032,128.603715,긴급공사
2015-06-10 13:12:00,35.8913032,128.603715,지상누수
2015-06-11 09:35:00,35.8926596,128.6056473,긴급공사
2015-06-11 09:35:00,35.8926596,128.6056473,지상누수
2015-06-13 15:12:00,35.8940402,128.6087462,지상누수
2015-06-13 15:12:00,35.8940402,128.6087462,긴급공사
2015-06-20 11:13:00,35.8924757,128.6060081,지상누수
2015-06-20 11:13:00,35.8924757,128.6060081,긴급공사
2015-06-23 11:15:00,35.8924093,128.606037,지하누수
2015-06-23 11:15:00,35.8924093,128.606037,긴급공사
2015-06-25 10:29:00,35.892233,128.6062489,지하누수
2015-06-25 10:29:00,35.892233,128.6062489,긴급공사
2015-07-06 07:16:00,35.89565,128.6023315,긴급공사
2015-07-06 07:16:00,35.89565,128.6023315,지하누수
2015-07-06 09:03:00,35.8915864,128.5982966,긴급공사
2015-07-06 09:03:00,35.8915864,128.5982966,지하누수
2015-07-13 16:20:00,35.8937338,128.60859,긴급공사
2015-07-13 16:20:00,35.8937338,128.60859,지하누수
2015-07-14 10:36:00,35.8980616,128.6070068,지상누수
2015-07-14 10:36:00,35.8980616,128.6070068,긴급공사
2015-07-17 15:01:00,35.8973992,128.6061994,지상누수
2015-07-17 15:01:00,35.8973992,128.6061994,긴급공사
2015-07-21 14:43:00,35.897636,128.606506,지상누수
2015-07-21 14:43:00,35.897636,128.606506,긴급공사
2015-08-03 09:06:00,35.8967886,128.5994594,긴급공사
2015-08-03 09:06:00,35.8967886,128.5994594,지상누수
2015-08-05 14:51:00,35.8947494,128.6108966,지상누수
2015-08-05 14:51:00,35.8947494,128.6108966,긴급공사
2015-08-14 14:43:00,35.8949248,128.6113522,긴급공사
2015-08-21 11:38:00,35.8964398,128.6101538,긴급공사
2015-08-21 11:38:00,35.8964398,128.6101538,지상누수
2015-08-23 16:07:00,35.8940889,128.6099565,지상누수
2015-08-23 16:07:00,35.8940889,128.6099565,긴급공사
2015-09-01 09:15:00,35.8905487,128.6031583,지하누수
2015-09-01 09:15:00,35.8905487,128.6031583,긴급공사
2015-09-01 09:16:00,35.890282,128.6036756,지하누수
2015-09-01 09:16:00,35.890282,128.6036756,긴급공사
2015-09-03 13:04:00,35.8916774,128.6029474,지하누수
2015-09-03 13:04:00,35.8916774,128.6029474,긴급공사
2015-09-03 13:53:00,35.8966605,128.6105849,지상누수
2015-09-03 13:53:00,35.8966605,128.6105849,긴급공사
2015-09-20 13:23:00,35.8970081,128.6100978,지상누수
2015-09-22 10:46:00,35.8938858,128.6098006,지상누수
2015-09-22 10:46:00,35.8938858,128.6098006,긴급공사
2015-10-05 12:13:00,35.8912517,128.5982398,긴급공사
2015-10-05 12:13:00,35.8912517,128.5982398,지상누수
2015-10-07 10:40:00,35.8951477,128.6098643,긴급공사
2015-10-07 10:40:00,35.8951477,128.6098643,지하누수
2015-10-16 11:46:00,35.8959292,128.5997721,긴급공사
2015-10-16 11:46:00,35.8959292,128.5997721,지상누수
2015-10-26 15:22:00,35.8913465,128.5973101,긴급공사
2015-10-26 15:22:00,35.8913465,128.5973101,지상누수
2015-10-28 13:39:00,35.8948508,128.6084893,지상누수
2015-10-28 13:39:00,35.8948508,128.6084893,긴급공사
2015-11-09 11:21:00,35.8969841,128.60109,지상누수
2015-11-09 11:21:00,35.8969841,128.60109,긴급공사
2015-11-12 12:34:00,35.8972954,128.6046739,긴급공사
2015-11-12 12:34:00,35.8972954,128.6046739,지상누수
2015-11-19 09:03:00,35.8940716,128.6047604,지상누수
2015-11-19 09:03:00,35.8940716,128.6047604,긴급공사
2015-11-24 14:29:00,35.8968874,128.6031159,지상누수
2015-11-24 14:29:00,35.8968874,128.6031159,긴급공사
2015-11-26 09:42:00,35.8961586,128.6031679,지상누수
2015-11-26 09:42:00,35.8961586,128.6031679,긴급공사
2015-12-04 13:05:00,35.8918834,128.6050608,긴급공사
2015-12-04 13:05:00,35.8918834,128.6050608,지상누수
2015-12-08 16:05:00,35.8931563,128.6090031,지상누수
2015-12-08 16:05:00,35.8931563,128.6090031,긴급공사
2015-12-14 13:33:00,35.8960005,128.6017319,지상누수
2015-12-14 13:33:00,35.8960005,128.6017319,긴급공사
2015-12-30 09:12:00,35.8937019,128.6078629,긴급공사
2015-12-30 09:12:00,35.8937019,128.6078629,지상누수
2016-01-12 11:12:00,35.8959292,128.5997721,지상누수
2016-01-12 11:12:00,35.8959292,128.5997721,긴급공사
2016-01-14 14:23:00,35.8938931,128.6055682,긴급공사
2016-01-14 14:23:00,35.8938931,128.6055682,지상누수
2016-01-14 15:01:00,35.8908924,128.603033,긴급공사
2016-01-14 15:01:00,35.8908924,128.603033,지하누수
2016-01-19 13:15:00,35.8953065,128.6067474,지하누수
2016-01-19 13:15:00,35.8953065,128.6067474,긴급공사
2016-01-20 11:03:00,35.8979762,128.603352,지상누수
2016-01-20 11:03:00,35.8979762,128.603352,긴급공사
2016-01-21 09:25:00,35.8945458,128.6062248,긴급공사
2016-01-21 09:25:00,35.8945458,128.6062248,지하누수
2016-01-22 10:08:00,35.8964003,128.6048753,긴급공사
2016-01-22 10:08:00,35.8964003,128.6048753,지상누수
2016-01-24 08:10:00,35.8917564,128.6040532,지상누수
2016-01-24 08:10:00,35.8917564,128.6040532,긴급공사
2016-01-29 10:03:00,35.8961129,128.6042063,긴급공사
2016-01-29 10:03:00,35.8961129,128.6042063,지상누수
2016-01-30 12:39:00,35.8913465,128.5973101,긴급공사
2016-01-30 12:39:00,35.8913465,128.5973101,지상누수
2016-02-02 08:09:00,35.8972954,128.6046739,긴급공사
2016-02-02 08:09:00,35.8972954,128.6046739,지상누수
2016-02-03 09:10:00,35.897163,128.6040123,지상누수
2016-02-03 09:10:00,35.897163,128.6040123,긴급공사
2016-02-03 16:22:00,35.897172,128.6035242,지상누수
2016-02-03 16:22:00,35.897172,128.6035242,긴급공사
2016-02-05 09:58:00,35.891653,128.6026597,지상누수
2016-02-15 10:55:00,35.8945027,128.6100288,긴급공사
2016-02-15 10:55:00,35.8945027,128.6100288,지상누수
2016-02-17 09:52:00,35.8937662,128.5975818,지하누수
2016-02-17 09:52:00,35.8937662,128.5975818,긴급공사
2016-02-17 10:03:00,35.8906845,128.6035591,긴급공사
2016-02-17 10:03:00,35.8906845,128.6035591,지하누수
2016-02-23 15:24:00,35.893,128.6091518,지상누수
2016-02-23 15:24:00,35.893,128.6091518,긴급공사
2016-02-24 08:59:00,35.8929347,128.6089261,긴급공사
2016-02-24 08:59:00,35.8929347,128.6089261,지상누수
2016-02-24 10:11:00,35.8977553,128.6038483,지상누수
2016-02-24 10:11:00,35.8977553,128.6038483,긴급공사
2016-02-26 10:01:00,35.8964629,128.6030102,지상누수
2016-02-26 10:01:00,35.8964629,128.6030102,긴급공사
2016-02-29 14:37:00,35.8954223,128.6087186,긴급공사
2016-02-29 14:37:00,35.8954223,128.6087186,지하누수
2016-03-02 12:48:00,35.8949121,128.5981508,긴급공사
2016-03-02 12:48:00,35.8949121,128.5981508,지하누수
2016-03-02 14:59:00,35.894565,128.5981758,긴급공사
2016-03-02 14:59:00,35.894565,128.5981758,지하누수
2016-03-03 08:49:00,35.8977425,128.5987645,지하누수
2016-03-03 08:49:00,35.8977425,128.5987645,긴급공사
2016-03-03 08:51:00,35.8968109,128.59946,지하누수
2016-03-03 08:51:00,35.8968109,128.59946,긴급공사
2016-03-07 10:09:00,35.8951768,128.6018861,긴급공사
2016-03-07 10:09:00,35.8951768,128.6018861,지하누수
2016-03-07 14:35:00,35.8913465,128.5973101,긴급공사
2016-03-07 14:35:00,35.8913465,128.5973101,지상누수
2016-03-10 14:55:00,35.8948091,128.6090867,긴급공사
2016-03-10 14:55:00,35.8948091,128.6090867,지상누수
2016-03-14 17:56:00,35.8971634,128.6038306,긴급공사
2016-03-14 17:56:00,35.8971634,128.6038306,지하누수
2016-03-16 12:00:00,35.8929457,128.6086222,긴급공사
2016-03-16 12:00:00,35.8929457,128.6086222,지상누수
2016-03-16 16:32:00,35.8917137,128.5961183,지상누수
2016-03-16 16:32:00,35.8917137,128.5961183,긴급공사
2016-03-18 09:59:00,35.8979053,128.607681,지상누수
2016-03-18 09:59:00,35.8979053,128.607681,긴급공사
2016-03-18 13:02:00,35.8944989,128.6060147,지하누수
2016-03-18 13:02:00,35.8946029,128.6061338,긴급공사
2016-03-18 13:02:00,35.8944989,128.6060147,긴급공사
2016-03-18 13:02:00,35.8945878,128.6061176,지상누수
2016-03-28 09:16:00,35.8937085,128.6093782,긴급공사
2016-03-28 09:16:00,35.8937085,128.6093782,지하누수
2016-03-30 11:39:00,35.895795,128.6089641,긴급공사
2016-03-30 11:39:00,35.895795,128.6089641,지상누수
2016-03-30 16:51:00,35.8965494,128.6049679,지상누수
2016-03-30 16:51:00,35.8965494,128.6049679,긴급공사
2016-04-04 17:49:00,35.8939066,128.6059705,지상누수
2016-04-04 17:49:00,35.8939066,128.6059705,긴급공사
2016-04-12 16:26:00,35.8964338,128.601439,긴급공사
2016-04-12 16:26:00,35.8964338,128.601439,지상누수
2016-04-12 17:36:00,35.8972015,128.5994722,지상누수
2016-04-12 17:36:00,35.8972015,128.5994722,긴급공사
2016-04-26 09:03:00,35.8940179,128.6089717,긴급공사
2016-04-26 09:03:00,35.8940179,128.6089717,지상누수
2016-05-13 09:00:00,35.8956801,128.6021256,긴급공사
2016-05-16 14:55:00,35.8938925,128.6104273,지상누수
2016-06-10 15:05:00,35.8924486,128.6086639,지상누수
2016-06-10 15:05:00,35.8924486,128.6086639,긴급공사
2016-06-18 13:52:00,35.8941288,128.5978432,긴급공사
2016-06-18 13:52:00,35.8941288,128.5978432,지상누수
2016-06-23 14:29:00,35.890631,128.6037241,긴급공사
2016-07-04 11:49:00,35.893004,128.6040576,지상누수
2016-07-04 11:49:00,35.893004,128.6040576,긴급공사
2016-07-19 09:10:00,35.8959178,128.6070107,지하누수
2016-07-19 09:10:00,35.8959178,128.6070107,긴급공사
2016-07-19 09:13:00,35.8970193,128.6069647,지하누수
2016-07-19 09:13:00,35.8970193,128.6069647,긴급공사
2016-07-19 09:15:00,35.8956918,128.6087921,지하누수
2016-07-19 09:15:00,35.8956918,128.6087921,긴급공사
2016-07-19 09:16:00,35.8957776,128.6097453,긴급공사
2016-07-19 09:16:00,35.8957776,128.6097453,지하누수
2016-07-19 09:17:00,35.8950258,128.6105732,긴급공사
2016-07-19 09:17:00,35.8950258,128.6105732,지하누수
2016-07-19 10:04:00,35.8944865,128.6061309,지상누수
2016-07-20 17:12:00,35.8939504,128.6058123,지하누수
2016-07-20 17:12:00,35.8939504,128.6058123,긴급공사
2016-07-20 17:13:00,35.8942635,128.610443,지하누수
2016-07-20 17:13:00,35.8942635,128.610443,긴급공사
2016-07-20 17:14:00,35.8966144,128.6107966,긴급공사
2016-07-20 17:14:00,35.8908966,128.602927,긴급공사
2016-07-20 17:14:00,35.8908966,128.602927,지하누수
2016-07-20 17:14:00,35.8966144,128.6107966,지하누수
2016-07-26 10:00:00,35.8906243,128.6037134,긴급공사
2016-07-27 10:27:00,35.8965447,128.6043002,지하누수
2016-07-27 10:27:00,35.8965447,128.6043002,긴급공사
2016-07-27 10:29:00,35.894683,128.6021927,긴급공사
2016-07-27 10:29:00,35.894683,128.6021927,지하누수
2016-07-27 10:30:00,35.8968205,128.6051151,긴급공사
2016-07-27 10:30:00,35.8968205,128.6051151,지하누수
2016-07-27 10:31:00,35.8949974,128.6011109,지하누수
2016-07-29 08:45:00,35.8943289,128.6105665,긴급공사
2016-07-29 08:45:00,35.8943289,128.6105665,지하누수
2016-07-29 09:18:00,35.8977634,128.5994017,지하누수
2016-07-29 09:18:00,35.8977634,128.5994017,긴급공사
2016-08-01 09:55:00,35.8944865,128.6061309,지상누수
2016-08-17 07:56:00,35.8915451,128.5961415,지상누수
2016-08-17 07:56:00,35.8915451,128.5961415,긴급공사
2016-08-19 12:00:00,35.8968328,128.6051482,긴급공사
2016-08-22 17:30:00,35.8951585,128.6060191,긴급공사
2016-08-22 17:30:00,35.8951585,128.6060191,지하누수
2016-08-24 09:12:00,35.8944865,128.6061309,지상누수
2016-08-26 15:57:00,35.8913034,128.6038482,긴급공사
2016-08-26 15:57:00,35.8913034,128.6038482,지상누수
2016-08-31 17:49:00,35.8944408,128.6104986,지하누수
2016-08-31 17:49:00,35.8944408,128.6104986,긴급공사
2016-09-05 15:56:00,35.8984449,128.5990145,지상누수
2016-09-20 17:11:00,35.8974151,128.6010253,지상누수
2016-09-20 17:11:00,35.8974151,128.6010253,긴급공사
2016-09-21 17:02:00,35.895277,128.6090439,지상누수
2016-09-21 17:02:00,35.895277,128.6090439,긴급공사
2016-09-23 08:47:00,35.8968109,128.59946,지하누수
2016-09-23 08:47:00,35.8968109,128.59946,긴급공사
2016-09-30 15:37:00,35.8948166,128.6104906,지상누수
2016-09-30 15:37:00,35.8948166,128.6104906,긴급공사
2016-10-10 08:51:00,35.8934978,128.5981341,긴급공사
2016-10-10 08:51:00,35.8934978,128.5981341,지하누수
2016-10-11 08:51:00,35.8913576,128.5979953,긴급공사
2016-10-11 08:51:00,35.8913576,128.5979953,지상누수
2016-10-11 17:27:00,35.8946962,128.6053718,긴급공사
2016-10-11 17:27:00,35.8946962,128.6053718,지하누수
2016-10-11 17:28:00,35.8959332,128.6097411,긴급공사
2016-10-11 17:28:00,35.8957856,128.6104631,지하누수
2016-10-11 17:28:00,35.8959332,128.6097411,지하누수
2016-10-11 17:28:00,35.8958225,128.6104711,긴급공사
2016-10-11 17:29:00,35.8894594,128.6016559,지하누수
2016-10-11 17:29:00,35.8894594,128.6016559,긴급공사
2016-10-11 17:33:00,35.8898477,128.6024933,지하누수
2016-10-11 17:34:00,35.8906313,128.6041447,지하누수
2016-10-11 17:34:00,35.8906313,128.6041447,긴급공사
2016-10-11 17:35:00,35.8908316,128.6034761,지하누수
2016-10-17 11:48:00,35.8968332,128.6027983,지상누수
2016-10-18 17:07:00,35.8923613,128.5972507,긴급공사
2016-10-18 17:07:00,35.8923369,128.5972486,지상누수
2016-10-19 15:25:00,35.8971208,128.5994089,지상누수
2016-10-19 15:25:00,35.8971208,128.5994089,긴급공사
2016-10-25 09:37:00,35.8925102,128.6007659,지상누수
2016-10-27 16:52:00,35.8945281,128.6102834,긴급공사
2016-10-27 16:52:00,35.8945281,128.6102834,지상누수
2016-11-01 10:05:00,35.8959482,128.6121261,지상누수
2016-11-01 10:05:00,35.8959482,128.6121261,긴급공사
2016-11-01 16:10:00,35.8925429,128.5976192,지상누수
2016-11-01 16:10:00,35.8925429,128.5976192,긴급공사
2016-11-02 10:30:00,35.892493,128.6053595,긴급공사
2016-11-02 10:30:00,35.892493,128.6053595,지상누수
2016-11-02 14:51:00,35.8968703,128.6082485,지상누수
2016-11-02 14:51:00,35.8968703,128.6082485,긴급공사
2016-11-23 10:33:00,35.8925102,128.6007659,지상누수
2016-12-02 09:13:00,35.891814,128.5974542,긴급공사
2016-12-02 09:13:00,35.891814,128.5974542,지상누수
2016-12-12 10:07:00,35.8984449,128.5990145,지상누수
2016-12-12 10:07:00,35.8984449,128.5990145,긴급공사
2016-12-13 19:03:00,35.8943127,128.5986161,지상누수
2016-12-13 19:03:00,35.8943127,128.5986161,긴급공사
2016-12-14 09:25:00,35.8969196,128.6018601,지상누수
2016-12-14 09:25:00,35.8969196,128.6018601,긴급공사
2016-12-24 16:06:00,35.8954183,128.6116362,긴급공사
2016-12-24 16:06:00,35.8954183,128.6116362,지상누수
2017-01-06 10:07:00,35.8971507,128.6089729,긴급공사
2017-01-06 10:07:00,35.8971507,128.6089729,지상누수
2017-01-09 18:00:00,35.9015936,128.6040458,지하누수
2017-01-09 18:00:00,35.9015936,128.6040458,긴급공사
2017-01-17 15:01:00,35.8944865,128.6061309,지상누수
2017-01-17 15:01:00,35.8945242,128.6061392,긴급공사
2017-01-17 17:22:00,35.8957186,128.6026908,지상누수
2017-01-17 17:22:00,35.8957186,128.6026908,긴급공사
2017-01-24 08:55:00,35.8947804,128.6002504,긴급공사
2017-01-28 07:36:00,35.8952327,128.6046783,지상누수
2017-01-28 07:36:00,35.8952327,128.6046783,긴급공사
2017-01-31 14:52:00,35.8961776,128.6111316,지상누수
2017-01-31 14:52:00,35.8961776,128.6111316,긴급공사
2017-02-07 15:00:00,35.8954967,128.6048364,지하누수
2017-02-07 15:00:00,35.8954967,128.6048364,긴급공사
2017-02-18 13:41:00,35.8970081,128.6100978,지상누수
2017-02-18 13:41:00,35.8970081,128.6100978,긴급공사
2017-03-09 11:10:00,35.8956022,128.6009715,지상누수
2017-03-09 11:10:00,35.8956022,128.6009715,긴급공사
2017-03-23 09:34:00,35.8984303,128.6057365,지상누수
2017-03-23 09:34:00,35.8984303,128.6057365,긴급공사
2017-04-10 10:16:00,35.8982773,128.6052341,지상누수
2017-04-10 10:16:00,35.8982773,128.6052341,긴급공사
2017-04-24 06:17:00,35.8961547,128.5988809,긴급공사
2017-04-24 06:17:00,35.8961547,128.5988809,지상누수
2017-04-28 17:48:00,35.8946636,128.6006998,긴급공사
2017-04-28 17:48:00,35.8946636,128.6006998,지상누수
2017-05-22 09:14:00,35.8910342,128.604078,긴급공사
2017-05-22 09:14:00,35.8910342,128.604078,지하누수
2017-05-31 09:39:00,35.8939779,128.6008284,긴급공사
2017-05-31 09:39:00,35.8939779,128.6008284,지하누수
2017-06-02 16:42:00,35.8941488,128.5977106,지상누수
2017-06-02 16:42:00,35.8941488,128.5977106,긴급공사
2017-06-07 10:07:00,35.8944816,128.6011167,긴급공사
2017-06-07 10:07:00,35.8944816,128.6011167,지하누수
2017-06-07 15:16:00,35.8945891,128.599929,지상누수
2017-06-07 15:16:00,35.8945891,128.599929,긴급공사
2017-06-15 10:23:00,35.8973333,128.5990967,긴급공사
2017-06-15 10:23:00,35.8973333,128.5990967,지상누수
2017-06-22 09:39:00,35.8977913,128.6005239,지상누수
2017-06-22 09:39:00,35.8977913,128.6005239,긴급공사
2017-06-22 12:03:00,35.89779,128.6006515,긴급공사
2017-06-22 12:03:00,35.89779,128.6006515,지상누수
2017-06-23 12:21:00,35.8976775,128.6007088,긴급공사
2017-06-23 12:21:00,35.8976775,128.6007088,지상누수
2017-06-28 09:23:00,35.8934871,128.5985558,긴급공사
2017-06-29 12:51:00,35.8935842,128.5987172,긴급공사
2017-06-29 12:51:00,35.8935842,128.5987172,지하누수
2017-07-03 12:45:00,35.8979954,128.6018406,긴급공사
2017-07-03 12:45:00,35.8979954,128.6018406,지상누수
2017-07-11 16:57:00,35.8941542,128.5979098,긴급공사
2017-07-11 16:57:00,35.8941542,128.5979098,지하누수
2017-07-24 10:25:00,35.8972359,128.5996551,긴급공사
2017-07-24 10:25:00,35.8972359,128.5996551,지상누수
2017-08-01 08:53:00,35.8944544,128.6081149,긴급공사
2017-08-01 08:53:00,35.8944544,128.6081149,지하누수
2017-08-30 14:28:00,35.8954183,128.6116362,긴급공사
2017-08-30 14:28:00,35.8954183,128.6116362,지상누수
2017-09-01 14:20:00,35.8961547,128.5988809,지상누수
2017-09-01 14:20:00,35.8961547,128.5988809,긴급공사
2017-09-08 16:12:00,35.8976764,128.6042341,지상누수
2017-09-08 16:12:00,35.8976764,128.6042341,긴급공사
2017-09-19 09:00:00,35.8961547,128.5988809,긴급공사
2017-09-22 11:24:00,35.8946727,128.6005333,긴급공사
2017-09-22 11:24:00,35.8946727,128.6005333,지상누수
2017-09-26 12:00:00,35.8949448,128.6021882,지상누수
2017-09-26 12:00:00,35.8949448,128.6021882,긴급공사
2017-10-05 16:21:00,35.8932312,128.5987044,긴급공사
2017-10-05 16:21:00,35.8932312,128.5987044,지상누수
2017-10-09 18:03:00,35.89646,128.6070414,지상누수
2017-10-09 18:03:00,35.89646,128.6070414,긴급공사
2017-10-10 16:54:00,35.8951417,128.602664,긴급공사
2017-10-10 16:54:00,35.8951417,128.602664,지하누수
2017-10-13 17:24:00,35.892469,128.6075684,긴급공사
2017-10-13 17:24:00,35.892469,128.6075684,지하누수
2017-10-16 18:02:00,35.8921316,128.6063854,지하누수
2017-10-16 18:02:00,35.8921316,128.6063854,긴급공사
2017-10-16 18:04:00,35.8924244,128.6071713,긴급공사
2017-10-16 18:04:00,35.8924244,128.6071713,지하누수
2017-10-17 10:00:00,35.8946727,128.6005333,긴급공사
2017-10-24 10:56:00,35.8953074,128.6074242,지상누수
2017-10-24 10:56:00,35.8953074,128.6074242,긴급공사
2017-10-24 12:24:00,35.8924757,128.6060081,긴급공사
2017-10-24 12:24:00,35.8924757,128.6060081,지상누수
2017-10-25 15:04:00,35.8963696,128.6051019,긴급공사
2017-10-25 15:04:00,35.8963696,128.6051019,지상누수
2017-10-25 16:23:00,35.8906021,128.60294,긴급공사
2017-10-25 16:23:00,35.8906021,128.60294,지상누수
2017-10-27 08:59:00,35.8975656,128.6026257,긴급공사
2017-10-27 08:59:00,35.8975656,128.6026257,지상누수
2017-10-27 09:22:00,35.8952121,128.6038735,긴급공사
2017-11-02 10:47:00,35.8974838,128.601452,긴급공사
2017-11-02 10:47:00,35.8974838,128.601452,지상누수
2017-11-02 11:12:00,35.894912,128.5983583,지하누수
2017-11-02 11:12:00,35.894912,128.5983583,긴급공사
2017-11-03 09:19:00,35.8969686,128.6024191,지하누수
2017-11-03 09:19:00,35.8969238,128.6017684,지하누수
2017-11-03 09:19:00,35.8969238,128.6017684,긴급공사
2017-11-03 09:19:00,35.8969686,128.6024191,긴급공사
2017-11-07 10:12:00,35.896078,128.6025306,지하누수
2017-11-07 10:12:00,35.896078,128.6025306,긴급공사
2017-11-07 10:14:00,35.8977546,128.6028124,지하누수
2017-11-07 10:14:00,35.8977546,128.6028124,긴급공사
2017-11-15 15:49:00,35.8960685,128.6103505,긴급공사
2017-11-15 15:49:00,35.8960685,128.6103505,지상누수
2017-11-16 15:33:00,35.8968874,128.6031159,긴급공사
2017-11-16 15:33:00,35.8968874,128.6031159,지상누수
2017-11-17 16:21:00,35.89152,128.6055689,지하누수
2017-11-17 16:21:00,35.89152,128.6055689,긴급공사
2017-11-20 10:10:00,35.8960789,128.5986907,긴급공사
2017-11-20 10:10:00,35.8960789,128.5986907,지상누수
2017-11-20 16:10:00,35.8972376,128.5994722,지하누수
2017-11-21 14:08:00,35.8907982,128.6036585,긴급공사
2017-11-21 14:08:00,35.8907982,128.6036585,지상누수
2017-11-23 16:27:00,35.8901195,128.603841,지상누수
2017-11-23 16:27:00,35.8901195,128.603841,긴급공사
2017-11-27 15:56:00,35.8968068,128.6061739,지상누수
2017-11-27 15:56:00,35.8968068,128.6061739,긴급공사
2017-11-28 15:43:00,35.894752,128.6016487,긴급공사
2017-11-28 15:43:00,35.894752,128.6016487,지상누수
2017-12-03 09:36:00,35.8959191,128.5996653,지상누수
2017-12-03 09:36:00,35.8959191,128.5996653,긴급공사
2017-12-07 16:52:00,35.8893451,128.6020508,지하누수
2017-12-07 16:52:00,35.8893451,128.6020508,긴급공사
2017-12-13 14:46:00,35.894179,128.6107778,지상누수
2017-12-14 19:10:00,35.8946882,128.6050909,긴급공사
2017-12-15 21:08:00,35.8962366,128.6020759,지상누수
2017-12-15 21:08:00,35.8962366,128.6020759,긴급공사
2017-12-20 07:25:00,35.8963635,128.6005926,긴급공사
2017-12-20 07:25:00,35.8963635,128.6005926,지상누수
2017-12-25 13:44:00,35.8917137,128.5961183,긴급공사
2017-12-25 13:44:00,35.8917137,128.5961183,지상누수
2017-12-27 14:43:00,35.8914337,128.5963278,긴급공사
2018-01-03 13:02:00,35.8938053,128.609037,지상누수
2018-01-03 13:02:00,35.8938053,128.609037,긴급공사
2018-01-13 16:17:00,35.8941394,128.6100548,지상누수
2018-01-13 16:17:00,35.8941394,128.6100548,긴급공사
2018-01-15 11:31:00,35.8920758,128.6077697,긴급공사
2018-01-15 11:31:00,35.8920758,128.6077697,지상누수
2018-01-22 10:32:00,35.8937944,128.5979538,긴급공사
2018-01-22 10:32:00,35.8937944,128.5979538,지상누수
2018-01-22 11:03:00,35.8978824,128.6045353,긴급공사
2018-01-22 11:03:00,35.8978824,128.6045353,지상누수
2018-01-29 09:10:00,35.8974632,128.6090917,지상누수
2018-01-29 09:55:00,35.8961235,128.6038212,긴급공사
2018-01-29 09:55:00,35.8961235,128.6038212,지상누수
2018-01-29 10:44:00,35.8968302,128.6029594,지하누수
2018-01-29 10:44:00,35.8968302,128.6029594,긴급공사
2018-01-31 12:53:00,35.8968809,128.6029008,지상누수
2018-01-31 12:53:00,35.8968809,128.6029008,긴급공사
2018-02-01 16:28:00,35.889404,128.603045,지상누수
2018-02-10 12:58:00,35.8969196,128.6018601,긴급공사
2018-02-10 12:58:00,35.8969196,128.6018601,지상누수
2018-02-11 02:08:00,35.8925655,128.5980831,지상누수
2018-02-11 02:08:00,35.8925655,128.5980831,긴급공사
2018-02-12 08:25:00,35.8967037,128.6010457,긴급공사
2018-02-12 08:25:00,35.8967037,128.6010457,지상누수
2018-02-12 10:38:00,35.8970255,128.6038351,지상누수
2018-02-12 10:38:00,35.8970255,128.6038351,긴급공사
2018-02-13 11:20:00,35.8908886,128.603272,지하누수
2018-02-13 11:20:00,35.8908886,128.603272,긴급공사
2018-02-14 09:49:00,35.8891615,128.6026163,긴급공사
2018-02-14 09:49:00,35.8891615,128.6026163,지하누수
2018-02-20 15:48:00,35.8906243,128.6037134,긴급공사
2018-02-20 15:48:00,35.8906243,128.6037134,지하누수
2018-02-20 17:29:00,35.8903619,128.6032938,지하누수
2018-02-20 17:29:00,35.8903619,128.6032938,긴급공사
2018-02-21 13:04:00,35.8964187,128.6024236,지상누수
2018-02-21 13:04:00,35.8964187,128.6024236,긴급공사
2018-02-23 14:10:00,35.8933403,128.6041584,지하누수
2018-02-23 14:10:00,35.8933403,128.6041584,긴급공사
2018-02-23 15:28:00,35.8913073,128.6035472,지하누수
2018-02-23 15:28:00,35.8913073,128.6035472,긴급공사
2018-03-02 10:07:00,35.8909411,128.6022038,지하누수
2018-03-02 10:07:00,35.8909411,128.6022038,긴급공사
2018-03-02 11:10:00,35.8967557,128.6055623,지상누수
2018-03-02 11:10:00,35.8967557,128.6055623,긴급공사
2018-03-02 14:37:00,35.8959048,128.6015921,지상누수
2018-03-02 14:37:00,35.8959048,128.6015921,긴급공사
2018-03-02 14:46:00,35.8959188,128.6064294,긴급공사
2018-03-02 14:46:00,35.8959188,128.6064294,지상누수
2018-03-02 16:26:00,35.8893267,128.6025295,긴급공사
2018-03-02 16:26:00,35.8893267,128.6025295,지하누수
2018-03-22 09:20:00,35.8974151,128.6010253,지상누수
2018-03-22 09:20:00,35.8974151,128.6010253,긴급공사
2018-03-23 08:57:00,35.8973449,128.6011675,긴급공사
2018-03-27 09:10:00,35.8949693,128.6009156,지상누수
2018-03-27 09:10:00,35.8949693,128.6009156,긴급공사
2018-03-30 16:25:00,35.8960622,128.6081993,지상누수
2018-04-02 09:15:00,35.8917158,128.5970603,지하누수
2018-04-02 09:15:00,35.8917158,128.5970603,긴급공사
2018-04-03 15:40:00,35.8913639,128.5966834,지하누수
2018-04-03 15:40:00,35.8913639,128.5966834,긴급공사
2018-04-06 10:54:00,35.8913298,128.5968238,긴급공사
2018-04-09 11:23:00,35.8934978,128.5981341,지하누수
2018-04-09 11:23:00,35.8934978,128.5981341,긴급공사
2018-04-11 09:11:00,35.8951113,128.5981282,지하누수
2018-04-11 09:11:00,35.8951113,128.5981282,긴급공사
2018-04-12 11:02:00,35.8941094,128.6089934,긴급공사
2018-04-12 11:02:00,35.8941094,128.6089934,지상누수
2018-04-17 09:59:00,35.8977587,128.5998382,지상누수
2018-04-17 09:59:00,35.8977587,128.5998382,긴급공사
2018-04-17 10:30:00,35.8955827,128.6009649,지하누수
2018-04-17 10:30:00,35.8955827,128.6009649,긴급공사
2018-04-18 10:53:00,35.8975971,128.5998212,지상누수
2018-04-18 10:53:00,35.8975971,128.5998212,긴급공사
2018-04-20 11:19:00,35.8949938,128.6000525,지하누수
2018-04-20 11:19:00,35.8949938,128.6000525,긴급공사
2018-04-20 11:21:00,35.8921997,128.5965135,긴급공사
2018-04-20 11:21:00,35.8921997,128.5965135,지하누수
2018-04-24 13:18:00,35.8911814,128.6047287,지상누수
2018-04-24 13:18:00,35.8911814,128.6047287,긴급공사
2018-04-28 11:06:00,35.8951971,128.6068576,지상누수
2018-04-28 11:06:00,35.8952273,128.6068615,긴급공사
2018-05-01 11:24:00,35.8952836,128.6090348,긴급공사
2018-05-01 11:24:00,35.8952836,128.6090348,지하누수
2018-05-01 11:28:00,35.8968971,128.6089178,긴급공사
2018-05-01 11:28:00,35.8968971,128.6089178,지하누수
2018-05-01 11:32:00,35.8970928,128.6092451,긴급공사
2018-05-01 11:32:00,35.8970928,128.6092451,지하누수
2018-05-01 11:33:00,35.894758,128.6085124,지하누수
2018-05-01 11:33:00,35.894758,128.6085124,긴급공사
2018-05-03 09:21:00,35.8954407,128.6032973,긴급공사
2018-05-03 09:21:00,35.8954407,128.6032973,지상누수
2018-05-03 11:00:00,35.8935497,128.6061279,긴급공사
2018-05-03 11:00:00,35.8935497,128.6061279,지하누수
2018-05-04 08:50:00,35.8955524,128.6011078,긴급공사
2018-05-04 08:50:00,35.8955524,128.6011078,지상누수
2018-05-05 08:45:00,35.8973372,128.5989698,긴급공사
2018-05-05 08:45:00,35.8973372,128.5989698,지상누수
2018-05-08 10:32:00,35.895457,128.600316,지상누수
2018-05-08 10:32:00,35.895457,128.600316,긴급공사
2018-05-08 12:51:00,35.8968842,128.5999283,긴급공사
2018-05-08 12:51:00,35.8968842,128.5999283,지상누수
2018-05-10 09:39:00,35.8954119,128.6098672,긴급공사
2018-05-10 09:39:00,35.8954119,128.6098672,지하누수
2018-05-10 09:43:00,35.8950417,128.611353,지하누수
2018-05-10 09:43:00,35.8950417,128.611353,긴급공사
2018-05-11 11:36:00,35.8914103,128.5980455,지상누수
2018-05-11 11:36:00,35.8914103,128.5980455,긴급공사
2018-05-12 13:09:00,35.8951658,128.6115137,긴급공사
2018-05-12 13:09:00,35.8951658,128.6115137,지하누수
2018-05-14 13:11:00,35.894499,128.6093913,긴급공사
2018-05-14 13:11:00,35.894499,128.6093913,지하누수
2018-05-14 17:47:00,35.8959277,128.6074306,긴급공사
2018-05-14 17:47:00,35.8959277,128.6074306,지상누수
2018-05-15 09:30:00,35.8970001,128.6016457,긴급공사
2018-05-15 09:30:00,35.8970001,128.6016457,지하누수
2018-05-15 13:13:00,35.8966971,128.6105958,긴급공사
2018-05-15 13:13:00,35.8966971,128.6105958,지하누수
2018-05-15 13:14:00,35.8917384,128.6065541,지하누수
2018-05-15 13:14:00,35.8917384,128.6065541,긴급공사
2018-05-16 08:30:00,35.8969202,128.5987609,지하누수
2018-05-16 08:30:00,35.8969202,128.5987609,긴급공사
2018-05-17 09:15:00,35.891736,128.6067072,긴급공사
2018-05-17 09:15:00,35.891736,128.6067072,지하누수
2018-05-22 14:50:00,35.8900323,128.6015069,지상누수
2018-05-22 14:50:00,35.8900323,128.6015069,긴급공사
2018-05-31 09:11:00,35.897132,128.6059369,지하누수
2018-05-31 09:11:00,35.897132,128.6059369,긴급공사
2018-05-31 09:12:00,35.8961794,128.6087292,지하누수
2018-05-31 09:12:00,35.8961794,128.6087292,긴급공사
2018-05-31 09:13:00,35.8955785,128.6080436,긴급공사
2018-05-31 09:13:00,35.8955785,128.6080436,지하누수
2018-05-31 11:34:00,35.8957652,128.6007278,긴급공사
2018-05-31 11:34:00,35.8957652,128.6007278,지상누수
2018-06-07 16:03:00,35.8968028,128.6106865,지상누수
2018-06-12 17:00:00,35.8962571,128.6021145,지하누수
2018-06-12 17:00:00,35.8962571,128.6021145,긴급공사
2018-06-15 09:11:00,35.8980463,128.6073842,지하누수
2018-06-15 09:11:00,35.8980463,128.6073842,긴급공사
2018-06-25 11:41:00,35.8967368,128.6021465,긴급공사
2018-06-25 11:41:00,35.8967368,128.6021465,지상누수
2018-07-04 17:49:00,35.8945176,128.5979996,긴급공사
2018-07-08 11:30:00,35.8895649,128.6026112,지상누수
2018-07-08 11:30:00,35.8895649,128.6026112,긴급공사
2018-07-11 14:03:00,35.8971662,128.6015565,긴급공사
2018-07-11 14:03:00,35.8971662,128.6015565,지상누수
2018-07-14 11:41:00,35.8935752,128.6095498,긴급공사
2018-07-14 11:41:00,35.8935752,128.6095498,지하누수
2018-07-17 08:46:00,35.8968971,128.6089178,긴급공사
2018-08-20 11:33:00,35.8919995,128.597909,긴급공사
2018-08-20 11:33:00,35.8919995,128.597909,지상누수
2018-08-21 11:31:00,35.8955381,128.6017356,지상누수
2018-08-21 11:31:00,35.8955381,128.6017356,긴급공사
2018-08-22 16:02:00,35.8963673,128.5987611,긴급공사
2018-08-30 09:05:00,35.8958464,128.6083828,지상누수
2018-08-30 09:05:00,35.8958464,128.6083828,긴급공사
2018-08-30 10:45:00,35.8939779,128.6008284,지상누수
2018-08-30 10:45:00,35.8939779,128.6008284,긴급공사
2018-09-03 13:15:00,35.8959292,128.5997721,지상누수
2018-09-03 13:15:00,35.8959292,128.5997721,긴급공사
2018-09-03 17:34:00,35.8909882,128.6021372,긴급공사
2018-09-03 17:34:00,35.8909882,128.6021372,지하누수
2018-09-10 08:50:00,35.8944666,128.6007764,지하누수
2018-09-10 08:50:00,35.8944666,128.6007764,긴급공사
2018-09-10 12:57:00,35.8918381,128.5971107,긴급공사
2018-09-10 12:57:00,35.8918381,128.5971107,지상누수
2018-09-12 07:43:00,35.8964393,128.5999479,긴급공사
2018-09-12 07:43:00,35.8964393,128.5999479,지상누수
2018-09-28 09:47:00,35.8932436,128.5984591,긴급공사
2018-09-28 09:47:00,35.8932436,128.5984591,지하누수
2018-09-29 09:20:00,35.8923365,128.6053714,지상누수
2018-09-29 09:20:00,35.8923365,128.6053714,긴급공사
2018-10-08 07:57:00,35.8896432,128.6029231,지상누수
2018-10-08 07:57:00,35.8896432,128.6029231,긴급공사
2018-10-09 11:00:00,35.8919995,128.597909,지상누수
2018-10-09 11:00:00,35.8919995,128.597909,긴급공사
2018-10-12 11:00:00,35.898052,128.6017082,긴급공사
2018-10-12 13:15:00,35.8953882,128.6029958,긴급공사
2018-10-12 13:15:00,35.8953882,128.6029958,지하누수
2018-10-15 09:40:00,35.897494,128.5989636,지하누수
2018-10-15 09:40:00,35.897494,128.5989636,긴급공사
2018-10-23 08:17:00,35.8965219,128.6082196,지상누수
2018-10-23 08:17:00,35.8965219,128.6082196,긴급공사
2018-10-23 11:13:00,35.8954636,128.6044445,긴급공사
2018-10-23 11:13:00,35.8954636,128.6044445,지상누수
2018-10-28 15:02:00,35.893978,128.6084855,긴급공사
2018-10-28 15:02:00,35.893978,128.6084855,지상누수
2018-11-01 11:25:00,35.8952167,128.6008799,긴급공사
2018-11-01 11:25:00,35.8952167,128.6008799,지상누수
2018-11-02 09:24:00,35.8964077,128.5995189,긴급공사
2018-11-02 09:24:00,35.8964077,128.5995189,지상누수
2018-11-27 09:39:00,35.8938976,128.5983609,지상누수
2018-11-27 09:39:00,35.8938976,128.5983609,긴급공사
2018-12-04 13:09:00,35.8897958,128.6022121,긴급공사
2018-12-04 13:09:00,35.8897958,128.6022121,지상누수
2018-12-10 08:43:00,35.8937372,128.5991425,지상누수
2018-12-10 08:43:00,35.8937372,128.5991425,긴급공사
2018-12-10 09:20:00,35.8944897,128.6018621,긴급공사
2018-12-10 09:20:00,35.8944897,128.6018621,지상누수
2018-12-11 10:04:00,35.8937698,128.5991186,긴급공사
2018-12-11 11:37:00,35.8924013,128.5980199,긴급공사
2018-12-11 11:37:00,35.8924013,128.5980199,지하누수
2018-12-20 09:13:00,35.8916538,128.5978121,지상누수
2018-12-20 09:13:00,35.8916538,128.5978121,긴급공사
2018-12-20 15:29:00,35.8937395,128.6055498,긴급공사
2018-12-20 15:29:00,35.8937395,128.6055498,지하누수
2018-12-21 16:47:00,35.8952774,128.6101531,긴급공사
2018-12-21 16:47:00,35.8952774,128.6101531,지상누수
2018-12-31 13:44:00,35.8968068,128.6061739,지상누수
2018-12-31 13:44:00,35.8968068,128.6061739,긴급공사
2019-01-10 11:05:00,35.8937372,128.5991425,지상누수
2019-01-10 11:05:00,35.8937372,128.5991425,긴급공사
2019-01-10 16:14:00,35.8982707,128.6052163,지하누수
2019-01-10 16:14:00,35.8982707,128.6052163,긴급공사
2019-01-17 14:16:00,35.8969594,128.6005758,지상누수
2019-01-17 14:16:00,35.8969594,128.6005758,긴급공사
2019-01-24 12:57:00,35.8917425,128.5959329,지상누수
2019-01-24 12:57:00,35.8917425,128.5959329,긴급공사
2019-01-24 14:09:00,35.8901372,128.6023267,지상누수
2019-01-24 14:09:00,35.8901372,128.6023267,긴급공사
2019-01-29 09:11:00,35.8917425,128.5959329,지상누수
2019-01-29 09:11:00,35.8917425,128.5959329,긴급공사
2019-01-29 15:20:00,35.8947001,128.6021672,지상누수
2019-01-29 15:20:00,35.8947001,128.6021672,긴급공사
2019-02-08 11:08:00,35.8925156,128.5967567,지상누수
2019-02-08 11:08:00,35.8925156,128.5967567,긴급공사
2019-02-11 16:46:00,35.8927783,128.5970696,지상누수
2019-02-11 16:46:00,35.8927783,128.5970696,긴급공사
2019-02-15 13:09:00,35.8936997,128.5981166,지상누수
2019-02-15 13:09:00,35.8936997,128.5981166,긴급공사
2019-03-04 16:39:00,35.8973396,128.5996707,긴급공사
2019-03-04 16:39:00,35.8973396,128.5996707,지상누수
2019-03-11 09:04:00,35.8946261,128.5980171,지하누수
2019-03-11 09:04:00,35.8946261,128.5980171,긴급공사
2019-03-12 08:48:00,35.8931406,128.6061747,지하누수
2019-03-12 08:48:00,35.8931406,128.6061747,긴급공사
2019-03-22 08:57:00,35.8933403,128.6041584,지하누수
2019-03-22 08:57:00,35.8933403,128.6041584,긴급공사
2019-03-22 08:58:00,35.8919287,128.5977446,지하누수
2019-03-22 08:58:00,35.8919287,128.5977446,긴급공사
2019-03-22 08:59:00,35.8940995,128.597477,긴급공사
2019-03-22 08:59:00,35.8940995,128.597477,지하누수
2019-03-22 09:00:00,35.8977425,128.5987645,긴급공사
2019-03-22 09:00:00,35.8977425,128.5987645,지하누수
2019-03-25 08:54:00,35.8964112,128.6024067,긴급공사
2019-03-25 08:54:00,35.8964112,128.6024067,지하누수
2019-03-25 08:55:00,35.8948474,128.608344,지하누수
2019-03-25 08:55:00,35.8950599,128.6068585,긴급공사
2019-03-25 08:55:00,35.8948474,128.608344,긴급공사
2019-03-25 08:55:00,35.8950599,128.6068585,지하누수
2019-03-25 08:56:00,35.8931854,128.6057473,긴급공사
2019-03-25 08:56:00,35.8931854,128.6057473,지하누수
2019-03-25 08:57:00,35.8931473,128.6053519,긴급공사
2019-03-25 08:57:00,35.8931473,128.6053519,지하누수
2019-03-28 08:49:00,35.896943,128.6072976,지하누수
2019-03-28 08:49:00,35.896943,128.6072976,긴급공사
2019-03-28 08:50:00,35.8959168,128.6074355,지하누수
2019-03-28 08:50:00,35.8959168,128.6074355,긴급공사
2019-03-29 09:47:00,35.8945889,128.5984789,긴급공사
2019-03-29 09:47:00,35.8945889,128.5984789,지상누수
2019-04-15 10:18:00,35.8939193,128.5991765,긴급공사
2019-04-15 10:18:00,35.8939193,128.5991765,지상누수
2019-04-15 15:16:00,35.8958443,128.5989974,지상누수
2019-04-15 15:16:00,35.8958443,128.5989974,긴급공사
2019-04-30 11:34:00,35.894912,128.5983583,긴급공사
2019-05-07 09:59:00,35.8952046,128.6036947,지상누수
2019-05-07 09:59:00,35.8952046,128.6036947,긴급공사
2019-05-07 15:47:00,35.8953651,128.6036803,긴급공사
2019-05-07 15:47:00,35.8953651,128.6036803,지상누수
2019-05-15 09:04:00,35.8966024,128.6001585,긴급공사
2019-05-15 09:04:00,35.8966024,128.6001585,지상누수
2019-05-24 15:22:00,35.8936902,128.6096401,지하누수
2019-05-24 15:22:00,35.8936902,128.6096401,긴급공사
2019-06-03 10:44:00,35.8915451,128.5961415,지상누수
2019-06-03 10:44:00,35.8915451,128.5961415,긴급공사
2019-06-08 13:18:00,35.8898263,128.6010129,지상누수
2019-06-11 11:15:00,35.8954653,128.6003191,지하누수
2019-06-11 11:15:00,35.8954653,128.6003191,긴급공사
2019-07-15 13:18:00,35.8967492,128.6028856,지하누수
2019-07-15 13:18:00,35.8967492,128.6028856,긴급공사
2019-07-17 09:22:00,35.8902294,128.6026617,지상누수
2019-07-17 09:22:00,35.8902294,128.6026617,긴급공사
2019-08-05 08:50:00,35.8969778,128.6075045,긴급공사
2019-08-05 08:50:00,35.8969778,128.6075045,지하누수
2019-08-05 08:54:00,35.8954078,128.6092462,긴급공사
2019-08-05 08:54:00,35.8954078,128.6092462,지하누수
2019-08-05 08:55:00,35.8950278,128.6062918,긴급공사
2019-08-05 08:55:00,35.8950278,128.6062918,지하누수
2019-08-10 10:27:00,35.8910713,128.6032933,지상누수
2019-08-10 10:27:00,35.8910713,128.6032933,긴급공사
2019-08-12 07:21:00,35.8904984,128.603317,긴급공사
2019-08-12 07:21:00,35.8904984,128.603317,지하누수
2019-08-12 08:52:00,35.8952829,128.6036773,지하누수
2019-08-12 08:52:00,35.8952829,128.6036773,긴급공사
2019-08-12 16:34:00,35.8905797,128.6029416,긴급공사
2019-08-12 16:34:00,35.8905797,128.6029416,지하누수
2019-08-12 16:45:00,35.8967539,128.6090943,지하누수
2019-08-12 16:45:00,35.8967539,128.6090943,긴급공사
2019-08-13 09:23:00,35.8905191,128.6029722,긴급공사
2019-08-13 09:23:00,35.8905191,128.6029722,지상누수
2019-08-21 08:40:00,35.8954175,128.6090856,긴급공사
2019-08-21 08:40:00,35.8954175,128.6090856,지하누수
2019-08-21 08:41:00,35.8911832,128.6026666,긴급공사
2019-08-21 08:41:00,35.8911832,128.6026666,지하누수
2019-08-21 08:42:00,35.891616,128.6067147,지하누수
2019-08-21 08:42:00,35.891616,128.6067147,긴급공사
2019-08-21 09:37:00,35.8908965,128.6026341,긴급공사
2019-08-26 09:41:00,35.8905811,128.6032962,긴급공사
2019-08-26 14:11:00,35.8977199,128.6035563,긴급공사
2019-08-26 14:11:00,35.8977199,128.6035563,지상누수
2019-08-29 17:06:00,35.8950838,128.5979938,지하누수
2019-08-29 17:06:00,35.8950838,128.5979938,긴급공사
2019-09-02 09:16:00,35.8974775,128.6067132,지하누수
2019-09-02 09:16:00,35.8974775,128.6067132,긴급공사
2019-09-02 09:21:00,35.8950253,128.6107087,지하누수
2019-09-02 09:21:00,35.8950253,128.6107087,긴급공사
2019-09-16 09:11:00,35.8926412,128.6075201,지하누수
2019-09-16 09:11:00,35.8926412,128.6075201,긴급공사
2019-09-16 09:12:00,35.8947167,128.6112692,지하누수
2019-09-16 09:12:00,35.8947167,128.6112692,긴급공사
2019-09-17 17:43:00,35.8968155,128.5987169,긴급공사
2019-09-17 17:43:00,35.8968155,128.5987169,지하누수
2019-09-26 08:27:00,35.8899291,128.6016472,긴급공사
2019-09-26 08:27:00,35.8899291,128.6016472,지상누수
2019-09-26 08:52:00,35.8906833,128.6034433,긴급공사
2019-09-26 08:52:00,35.8906833,128.6034433,지상누수
2019-09-26 09:25:00,35.8908545,128.6028273,긴급공사
2019-10-10 08:28:00,35.8953934,128.6011361,지하누수
2019-10-10 08:28:00,35.8953934,128.6011361,긴급공사
2019-10-14 11:52:00,35.8956451,128.6015328,지상누수
2019-10-14 11:52:00,35.8956451,128.6015328,긴급공사
2019-10-18 09:13:00,35.8970363,128.5984409,긴급공사
2019-10-18 09:13:00,35.8970363,128.5984409,지하누수
2019-10-18 17:15:00,35.8934782,128.6041763,지상누수
2019-10-18 17:15:00,35.8934782,128.6041763,긴급공사
2019-10-28 09:53:00,35.8977155,128.5989664,긴급공사
2019-10-28 09:53:00,35.8977155,128.5989664,지하누수
2019-11-06 15:58:00,35.890274,128.6040782,지하누수
2019-11-06 15:58:00,35.890274,128.6040782,긴급공사
2019-11-19 09:00:00,35.8950289,128.6090777,긴급공사
2019-11-21 17:12:00,35.8923979,128.60716,긴급공사
2019-11-21 17:12:00,35.8923979,128.60716,지하누수
2019-11-29 15:11:00,35.8964922,128.6065103,긴급공사
2019-11-29 15:11:00,35.8964922,128.6065103,지상누수
2019-11-30 09:31:00,35.8921578,128.5971933,지하누수
2019-11-30 09:31:00,35.8921578,128.5971933,긴급공사
2019-12-02 09:44:00,35.8919931,128.6048395,지하누수
2019-12-02 09:44:00,35.8919931,128.6048395,긴급공사
2019-12-02 09:45:00,35.8921578,128.5971933,긴급공사
2019-12-02 09:45:00,35.8921578,128.5971933,지하누수
2019-12-03 09:57:00,35.88871,128.6020298,지하누수
2019-12-03 09:57:00,35.88871,128.6020298,긴급공사
2019-12-03 09:59:00,35.8893267,128.6025295,긴급공사
2019-12-03 09:59:00,35.8893267,128.6025295,지하누수
2019-12-03 13:00:00,35.8983117,128.6039873,긴급공사
2019-12-03 13:00:00,35.8983117,128.6039873,지상누수
2019-12-04 08:44:00,35.891462,128.5969987,긴급공사
2019-12-04 08:44:00,35.891462,128.5969987,지하누수
2019-12-04 13:39:00,35.8976972,128.6048247,긴급공사
2019-12-04 13:39:00,35.8976972,128.6048247,지하누수
2019-12-17 11:29:00,35.8962089,128.5996874,긴급공사
2019-12-17 11:29:00,35.8962089,128.5996874,지상누수
2019-12-18 16:26:00,35.8891053,128.6025241,긴급공사
2019-12-18 16:26:00,35.8891053,128.6025241,지하누수
2019-12-24 11:22:00,35.8955801,128.6084953,지상누수
2019-12-24 11:22:00,35.8955801,128.6084953,긴급공사
2019-12-26 15:40:00,35.897813,128.6048295,지상누수
2019-12-26 15:40:00,35.897813,128.6048295,긴급공사
2019-12-28 11:48:00,35.8952087,128.601595,지상누수
2019-12-28 11:48:00,35.8952087,128.601595,긴급공사
2020-01-10 16:26:00,35.8981373,128.6052037,지상누수
2020-01-10 16:26:00,35.8981373,128.6052037,긴급공사
2020-01-28 09:19:00,35.8962351,128.5985884,지하누수
2020-01-28 09:19:00,35.8962351,128.5985884,긴급공사
2020-01-28 09:22:00,35.8968111,128.5993156,지하누수
2020-01-28 09:22:00,35.8968111,128.5993156,긴급공사
2020-01-28 16:34:00,35.892603,128.5979688,지하누수
2020-01-28 16:34:00,35.892603,128.5979688,긴급공사
2020-01-29 09:37:00,35.8899382,128.6026823,긴급공사
2020-01-29 09:37:00,35.8899382,128.6026823,지하누수
2020-02-03 10:02:00,35.8970541,128.6070699,지하누수
2020-02-03 10:02:00,35.8970541,128.6070699,긴급공사
2020-02-03 10:06:00,35.892458,128.6074693,긴급공사
2020-02-03 10:06:00,35.892458,128.6074693,지하누수
2020-02-03 10:08:00,35.8950599,128.6068585,지하누수
2020-02-03 10:08:00,35.8950599,128.6068585,긴급공사
2020-02-03 10:11:00,35.8916993,128.5961649,긴급공사
2020-02-03 10:11:00,35.8916993,128.5961649,지하누수
2020-02-03 10:13:00,35.8984275,128.6050715,긴급공사
2020-02-03 10:13:00,35.8984275,128.6050715,지하누수
2020-02-03 10:15:00,35.8951736,128.6005645,지하누수
2020-02-03 10:15:00,35.8951736,128.6005645,긴급공사
2020-02-04 08:41:00,35.8958113,128.6104771,긴급공사
2020-02-04 08:41:00,35.8958113,128.6104771,지하누수
2020-02-10 11:13:00,35.8915603,128.596439,긴급공사
2020-02-10 11:13:00,35.8915603,128.596439,지상누수
2020-02-14 09:54:00,35.8914557,128.5961285,긴급공사
2020-03-11 13:51:00,35.8952791,128.6085304,긴급공사
2020-03-11 13:51:00,35.8952791,128.6085304,지상누수
2020-04-28 10:27:00,35.8970342,128.5985975,지하누수
2020-04-28 10:27:00,35.8970342,128.5985975,긴급공사
2020-04-28 11:02:00,35.8935219,128.6098311,긴급공사
2020-04-28 11:02:00,35.8935219,128.6098311,지상누수
2020-05-07 08:51:00,35.8948443,128.6084927,지하누수
2020-05-07 08:51:00,35.8948443,128.6084927,긴급공사
2020-05-11 09:13:00,35.8970928,128.6092451,지하누수
2020-05-11 09:13:00,35.8970928,128.6092451,긴급공사
2020-05-11 09:14:00,35.895288,128.6092459,지하누수
2020-05-11 09:14:00,35.895288,128.6092459,긴급공사
2020-05-22 14:28:00,35.894522,128.5982219,지상누수
2020-05-22 14:28:00,35.894522,128.5982219,긴급공사
2020-06-03 09:45:00,35.893335,128.608099,지하누수
2020-06-03 09:45:00,35.893335,128.608099,긴급공사
2020-06-08 10:45:00,35.8933403,128.6041584,긴급공사
2020-06-08 10:45:00,35.8933403,128.6041584,지하누수
2020-06-08 10:46:00,35.8971951,128.6088573,긴급공사
2020-06-08 10:46:00,35.8971951,128.6088573,지하누수
2020-06-29 16:23:00,35.8954243,128.6020765,지하누수
2020-06-29 16:23:00,35.8954243,128.6020765,긴급공사
2020-06-30 17:55:00,35.898519,128.6055705,지하누수
2020-06-30 17:55:00,35.898519,128.6055705,긴급공사
2020-07-02 10:44:00,35.8971737,128.5986068,지하누수
2020-07-02 10:44:00,35.8971737,128.5986068,긴급공사
2020-07-06 14:14:00,35.8956519,128.6018395,지상누수
2020-07-06 14:14:00,35.8956519,128.6018395,긴급공사
2020-07-29 09:22:00,35.8948505,128.6081292,긴급공사
2020-07-29 09:22:00,35.8948505,128.6081292,지하누수
2020-08-06 12:06:00,35.8957906,128.6108018,긴급공사
2020-08-06 12:06:00,35.8957906,128.6108018,지상누수
2020-10-13 16:36:00,35.890437,128.6039201,지상누수
2020-10-13 16:36:00,35.890437,128.6039201,긴급공사
2020-10-27 10:24:00,35.8986193,128.6041785,긴급공사
2020-10-27 10:24:00,35.8986193,128.6041785,지상누수
2020-10-28 08:44:00,35.8979493,128.6042737,지상누수
2020-10-28 08:44:00,35.8979493,128.6042737,긴급공사
2020-11-04 17:36:00,35.8963962,128.6105147,지하누수
2020-11-04 17:36:00,35.8963962,128.6105147,긴급공사
2020-12-11 14:07:00,35.898537,128.6041687,지상누수
2020-12-11 14:07:00,35.898537,128.6041687,긴급공사
2020-12-18 10:25:00,35.8982422,128.60562,긴급공사
2020-12-18 10:28:00,35.8936393,128.6034359,긴급공사
2020-12-24 20:16:00,35.8945089,128.5990098,긴급공사
2021-01-09 14:11:00,35.8960453,128.6009302,지상누수
2021-01-09 14:11:00,35.8960453,128.6009302,긴급공사
2021-01-12 17:50:00,35.893689,128.5984427,긴급공사
2021-01-12 17:50:00,35.893689,128.5984427,지상누수
2021-01-14 09:29:00,35.8954174,128.6096018,지상누수
2021-01-14 09:29:00,35.8954174,128.6096018,긴급공사
2021-01-15 07:43:00,35.8932559,128.6040557,지상누수
2021-01-15 07:43:00,35.8932559,128.6040557,긴급공사
2021-01-18 09:33:00,35.8924787,128.605816,긴급공사
2021-01-18 09:33:00,35.8924787,128.605816,지상누수
2021-01-18 13:09:00,35.8948401,128.6108953,지상누수
2021-01-18 13:09:00,35.8948401,128.6108953,긴급공사
2021-01-18 13:46:00,35.8935606,128.6053668,지하누수
2021-01-18 13:46:00,35.8935606,128.6053668,긴급공사
2021-01-21 19:09:00,35.8948004,128.6008315,지상누수
2021-01-21 19:09:00,35.8948004,128.6008315,긴급공사
2021-01-27 16:36:00,35.896407,128.6087045,긴급공사
2021-01-27 16:36:00,35.896407,128.6087045,지하누수
2021-02-02 13:26:00,35.8931139,128.6092693,지상누수
2021-02-02 13:26:00,35.8931139,128.6092693,긴급공사
2021-02-02 16:55:00,35.8942865,128.6098394,지하누수
2021-02-02 16:55:00,35.8942865,128.6098394,긴급공사
2021-02-16 09:04:00,35.8922299,128.6075294,긴급공사
2021-02-16 09:04:00,35.8922299,128.6075294,지상누수
2021-02-23 09:51:00,35.8924099,128.5980182,긴급공사
2021-02-23 09:51:00,35.8924099,128.5980182,지상누수
2021-02-26 09:03:00,35.8953951,128.6115114,긴급공사
2021-02-26 09:03:00,35.8953951,128.6115114,지상누수
2021-02-26 11:27:00,35.8897404,128.6027238,지하누수
2021-02-26 11:27:00,35.8897404,128.6027238,긴급공사
2021-03-03 09:46:00,35.8957377,128.6011203,지하누수
2021-03-03 09:46:00,35.8957377,128.6011203,긴급공사
2021-03-06 09:43:00,35.8948698,128.6010136,지상누수
2021-03-06 09:43:00,35.8948698,128.6010136,긴급공사
2021-03-11 09:27:00,35.8920608,128.5969805,긴급공사
2021-03-11 09:27:00,35.8920608,128.5969805,지하누수
2021-03-11 09:28:00,35.8923038,128.5969296,지하누수
2021-03-11 09:28:00,35.8923038,128.5969296,긴급공사
2021-03-11 13:04:00,35.8968784,128.6066871,긴급공사
2021-03-11 13:04:00,35.8968784,128.6066871,지하누수
2021-03-25 16:35:00,35.8929896,128.6046873,긴급공사
2021-03-25 16:35:00,35.8929896,128.6046873,지상누수
2021-03-26 09:15:00,35.8954103,128.6093837,긴급공사
2021-03-26 09:15:00,35.8954103,128.6093837,지하누수
2021-03-26 09:16:00,35.8956941,128.6084596,지하누수
2021-03-26 09:16:00,35.8956941,128.6084596,긴급공사
2021-03-26 17:09:00,35.8926598,128.6054077,지상누수
2021-03-26 17:09:00,35.8926598,128.6054077,긴급공사
2021-04-01 09:37:00,35.8916045,128.603594,지하누수
2021-04-01 09:37:00,35.8916045,128.603594,긴급공사
2021-04-07 08:52:00,35.8920443,128.6037541,긴급공사
2021-04-07 08:52:00,35.8920443,128.6037541,지하누수
2021-04-20 14:40:00,35.8939019,128.6063404,지상누수
2021-04-20 14:40:00,35.8939019,128.6063404,긴급공사
2021-04-20 16:03:00,35.8964574,128.6067985,지상누수
2021-04-20 16:03:00,35.8964574,128.6067985,긴급공사
2021-05-08 09:34:00,35.8951362,128.6118528,지상누수
2021-05-21 06:40:00,35.8942498,128.6104451,지상누수
2021-05-21 06:40:00,35.8942498,128.6104451,긴급공사
2021-06-04 15:38:00,35.8937502,128.6103499,지상누수
2021-06-08 15:42:00,35.8955894,128.6061974,긴급공사
2021-06-08 15:42:00,35.8955894,128.6061974,지하누수
2021-06-16 17:19:00,35.8955879,128.6064074,긴급공사
2021-06-16 17:19:00,35.8955879,128.6064074,지하누수
2021-06-17 11:35:00,35.8961398,128.6081966,지하누수
2021-06-17 11:35:00,35.8961398,128.6081966,긴급공사
2021-06-29 17:11:00,35.892445,128.6080946,긴급공사
2021-06-29 17:11:00,35.892445,128.6080946,지하누수
2021-06-30 14:26:00,35.8941277,128.5986262,긴급공사
2021-06-30 14:26:00,35.8941277,128.5986262,지상누수
2021-07-03 10:44:00,35.8952774,128.6101531,지상누수
2021-07-03 10:44:00,35.8952774,128.6101531,긴급공사
2021-07-08 17:33:00,35.8969802,128.6084567,긴급공사
2021-07-08 17:33:00,35.8969802,128.6084567,지하누수
2021-07-09 09:21:00,35.8924506,128.6083,긴급공사
2021-07-09 09:21:00,35.8924506,128.6083,지하누수
2021-07-12 16:48:00,35.8948441,128.6087573,긴급공사
2021-07-12 16:48:00,35.8948441,128.6087573,지하누수
2021-07-17 09:32:00,35.8961698,128.6018101,지상누수
2021-07-17 09:32:00,35.8961698,128.6018101,긴급공사
2021-07-22 09:07:00,35.8927823,128.5978525,지상누수
2021-07-22 09:07:00,35.8927823,128.5978525,긴급공사
2021-07-26 16:01:00,35.8977169,128.6048553,긴급공사
2021-07-26 16:01:00,35.8977169,128.6048553,지상누수
2021-07-31 14:13:00,35.898353,128.604123,지상누수
2021-07-31 14:13:00,35.898353,128.604123,긴급공사
2021-08-23 09:30:00,35.8920608,128.5969805,긴급공사
2021-08-23 09:30:00,35.8920608,128.5969805,지하누수
2021-08-27 12:44:00,35.8962193,128.6011202,긴급공사
2021-08-27 12:44:00,35.8961893,128.6011194,지상누수
2021-08-31 13:23:00,35.8926588,128.5981486,긴급공사
2021-08-31 13:23:00,35.8926588,128.5981486,지상누수
2021-09-24 16:14:00,35.8980362,128.6037608,긴급공사
2021-09-24 16:14:00,35.8980362,128.6037608,지상누수
2021-10-06 13:29:00,35.8927748,128.5978637,긴급공사
2021-10-15 14:15:00,35.8945825,128.6015796,긴급공사
2021-10-15 14:15:00,35.8945825,128.6015796,지상누수
2021-10-18 13:46:00,35.8941482,128.5976751,지상누수
2021-10-18 13:46:00,35.8941482,128.5976751,긴급공사
2021-10-19 09:49:00,35.8961338,128.6104798,지하누수
2021-10-19 09:49:00,35.8961338,128.6104798,긴급공사
2021-10-19 09:49:00,35.895638,128.6083125,긴급공사
2021-10-19 09:49:00,35.895638,128.6083125,지하누수
2021-11-04 11:03:00,35.893401,128.5981047,긴급공사
2021-11-04 11:03:00,35.893401,128.5981047,지상누수
2021-11-19 10:13:00,35.895853,128.6097435,지상누수
2021-11-19 10:13:00,35.895853,128.6097435,긴급공사
2021-11-29 09:16:00,35.8957823,128.5984428,긴급공사
2021-11-29 09:16:00,35.8957823,128.5984428,지상누수
2021-12-09 11:17:00,35.892445,128.6080946,긴급공사
2021-12-09 11:17:00,35.892445,128.6080946,지하누수
2021-12-13 16:20:00,35.8947052,128.6090903,지상누수
2021-12-13 16:20:00,35.8947052,128.6090903,긴급공사
2021-12-31 10:42:00,35.8971656,128.6002114,지상누수
2021-12-31 10:42:00,35.8971656,128.6002114,긴급공사
2022-01-06 15:08:00,35.8977432,128.6018556,지상누수
2022-01-06 15:08:00,35.8977432,128.6018556,긴급공사
2022-01-12 09:13:00,35.8902971,128.6031375,지상누수
2022-01-12 09:13:00,35.8902971,128.6031375,긴급공사
2022-01-17 18:00:00,35.8912787,128.5975226,긴급공사
2022-01-17 18:00:00,35.8912787,128.5975226,지하누수
2022-02-07 09:26:00,35.8943094,128.5979899,긴급공사
2022-02-07 09:26:00,35.8943094,128.5979899,지하누수
2022-02-07 09:31:00,35.897346,128.5991107,긴급공사
2022-02-07 09:31:00,35.897346,128.5991107,지하누수
2022-02-07 09:34:00,35.8914089,128.5976348,긴급공사
2022-02-07 09:34:00,35.8914089,128.5976348,지하누수
2022-02-13 12:22:00,35.8950599,128.6068585,지상누수
2022-02-13 12:22:00,35.8950599,128.6068585,긴급공사
2022-02-18 13:08:00,35.8940489,128.6048683,긴급공사
2022-02-18 13:08:00,35.8940489,128.6048683,지하누수
2022-02-22 16:21:00,35.8962927,128.6107424,긴급공사
2022-02-22 16:21:00,35.8962927,128.6107424,지상누수
2022-02-24 17:13:00,35.8981031,128.6047695,긴급공사
2022-02-24 17:13:00,35.8981031,128.6047695,지상누수
2022-02-28 14:36:00,35.8945985,128.6014333,긴급공사
2022-02-28 14:36:00,35.8945985,128.6014333,지상누수
2022-03-03 09:22:00,35.895618,128.6016666,긴급공사
2022-03-03 09:22:00,35.895618,128.6016666,지하누수
2022-03-03 09:23:00,35.8964067,128.6044953,긴급공사
2022-03-03 09:23:00,35.8964067,128.6044953,지하누수
2022-03-30 08:58:00,35.8972172,128.6062283,지하누수
2022-03-30 08:58:00,35.8972172,128.6062283,긴급공사
2022-04-05 14:10:00,35.8912521,128.6046144,긴급공사
2022-04-05 14:10:00,35.8912521,128.6046144,지상누수
2022-04-16 10:51:00,35.8937074,128.6092431,지상누수
2022-04-16 10:51:00,35.8937074,128.6092431,긴급공사
2022-04-20 16:08:00,35.893401,128.5981047,긴급공사
2022-04-26 09:44:00,35.8979109,128.6076387,지하누수
2022-04-26 09:44:00,35.8979109,128.6076387,긴급공사
2022-04-29 16:58:00,35.8963247,128.6066462,지하누수
2022-04-29 16:58:00,35.8963247,128.6066462,긴급공사
2022-05-16 08:59:00,35.8955649,128.6090574,긴급공사
2022-05-16 08:59:00,35.8955649,128.6090574,지상누수
2022-05-23 09:16:00,35.8970424,128.6098923,긴급공사
2022-05-23 09:16:00,35.8970424,128.6098923,지상누수
2022-05-24 09:06:00,35.8957771,128.6102088,긴급공사
2022-05-24 09:06:00,35.8957771,128.6102088,지하누수
2022-05-26 09:44:00,35.8970424,128.6098923,지상누수
2022-05-26 09:44:00,35.8970424,128.6098923,긴급공사
2022-05-31 14:17:00,35.8918995,128.6034968,긴급공사
2022-05-31 14:17:00,35.8918995,128.6034968,지상누수
2022-06-09 09:45:00,35.8896577,128.6031403,지하누수
2022-06-09 09:45:00,35.8896577,128.6031403,긴급공사
2022-06-09 09:46:00,35.8946786,128.5982036,긴급공사
2022-06-09 09:46:00,35.8946786,128.5982036,지하누수
2022-06-13 10:14:00,35.897039,128.6038291,긴급공사
2022-06-13 10:14:00,35.897039,128.6038291,지하누수
2022-06-13 10:19:00,35.8968503,128.6010226,긴급공사
2022-06-13 10:19:00,35.8968503,128.6010226,지하누수
2022-06-13 10:22:00,35.8962904,128.6010969,긴급공사
2022-06-13 10:22:00,35.8962904,128.6010969,지하누수
2022-06-16 16:44:00,35.8960865,128.6010963,긴급공사
2022-06-16 16:44:00,35.8960865,128.6010963,지하누수
2022-06-20 16:19:00,35.8968314,128.6046401,긴급공사
2022-06-21 17:59:00,35.8958307,128.6044147,긴급공사
2022-06-29 13:52:00,35.8981896,128.6074701,긴급공사
2022-07-04 13:11:00,35.8942685,128.6060313,긴급공사
2022-07-04 16:57:00,35.8961148,128.6015727,긴급공사
2022-07-11 10:10:00,35.8932826,128.6056974,긴급공사
2022-07-11 10:10:00,35.8942168,128.6106067,긴급공사
2022-07-11 16:27:00,35.8970157,128.6019014,긴급공사
2022-07-25 13:13:00,35.893553,128.5988743,긴급공사
2022-08-26 09:12:00,35.8930891,128.6046835,긴급공사
2022-09-23 09:03:00,35.8956036,128.6014744,긴급공사
2022-10-13 15:24:00,35.890103,128.6032336,긴급공사
2022-10-24 13:12:00,35.8984719,128.6043512,긴급공사
2022-10-24 13:20:00,35.8970534,128.60265,긴급공사
2022-10-25 16:57:00,35.8965952,128.6003396,긴급공사
2022-10-28 13:39:00,35.8959899,128.6009276,긴급공사
2022-11-01 15:36:00,35.8944709,128.6046304,긴급공사
2022-11-11 10:22:00,35.8928581,128.6093081,긴급공사
2022-11-11 14:34:00,35.896863,128.6101873,긴급공사
2022-12-05 08:55:00,35.8934205,128.5982273,긴급공사
2022-12-07 14:26:00,35.8945187,128.604318,긴급공사
2022-12-16 07:56:00,35.8941266,128.60801,긴급공사
2022-12-17 12:48:00,35.8952588,128.6080664,긴급공사
2022-12-17 14:26:00,35.8956723,128.609956,긴급공사
2022-12-20 07:24:00,35.8966709,128.6080818,긴급공사
2022-12-27 10:59:00,35.8956924,128.6085498,긴급공사
2022-12-27 20:14:00,35.8944129,128.609764,긴급공사
2023-01-17 14:42:00,35.8903368,128.6028848,긴급공사
2023-01-19 09:59:00,35.8932556,128.6085506,긴급공사
2023-01-25 14:35:00,35.8948097,128.600835,긴급공사
2023-01-26 10:16:00,35.8903237,128.6041602,긴급공사
2023-01-27 06:09:00,35.8909649,128.6035785,긴급공사
2023-01-30 12:47:00,35.8968519,128.6037057,긴급공사
2023-02-06 10:57:00,35.8924276,128.5972402,긴급공사
2023-02-08 11:57:00,35.8916872,128.5975226,긴급공사
2023-02-09 11:34:00,35.8932556,128.6085506,긴급공사
2023-02-17 11:32:00,35.8916872,128.5975226,긴급공사
2023-02-27 13:16:00,35.8958918,128.6010965,긴급공사
2023-02-27 16:23:00,35.8909562,128.6053664,긴급공사
2023-03-02 09:26:00,35.8974598,128.6041851,긴급공사
2023-03-07 21:42:00,35.8997918,128.6025145,긴급공사
2023-03-21 10:51:00,35.8965843,128.6035178,긴급공사
2023-03-21 16:08:00,35.8964249,128.6033211,긴급공사
2023-03-22 12:21:00,35.8922007,128.6077583,긴급공사
2023-04-12 09:36:00,35.8942515,128.6102411,긴급공사
2023-04-26 19:55:00,35.8966374,128.6045708,긴급공사
2023-04-27 13:13:00,35.8948062,128.5982373,긴급공사
2023-05-03 16:32:00,35.8940843,128.6099608,긴급공사
2023-05-09 13:41:00,35.8958275,128.6041042,긴급공사
2023-05-09 17:48:00,35.8935443,128.6092648,긴급공사
2023-05-15 11:37:00,35.8966499,128.6027278,긴급공사
2023-05-17 15:00:00,35.898406,128.6053291,긴급공사
2023-05-22 09:53:00,35.8974297,128.601222,긴급공사
2023-06-01 09:41:00,35.8954697,128.6050894,긴급공사
2023-06-02 16:28:00,35.8939864,128.6102099,긴급공사
2023-06-18 07:26:00,35.895403,128.6071057,긴급공사
2023-06-22 09:46:00,35.8954125,128.6069059,긴급공사
2023-06-23 09:00:00,35.8943368,128.5988499,긴급공사
2023-07-17 11:14:00,35.8941592,128.5988743,긴급공사
2023-07-20 10:50:00,35.8985938,128.6060735,긴급공사
2023-07-21 13:39:00,35.8968399,128.6013262,긴급공사
2023-07-26 16:16:00,35.8939505,128.5984068,긴급공사
2023-07-29 13:00:00,35.8943814,128.5986705,긴급공사
2023-08-01 15:27:00,35.8969874,128.6061293,긴급공사
2023-08-11 09:50:00,35.8956225,128.6004775,긴급공사
2023-08-14 10:50:00,35.890282,128.6036756,긴급공사
2023-08-14 10:54:00,35.8936809,128.5987518,긴급공사
2023-08-18 13:23:00,35.8936039,128.598409,긴급공사
2023-08-19 08:18:00,35.8928313,128.597682,긴급공사
2023-08-21 09:26:00,35.8976215,128.6049626,긴급공사
2023-08-21 13:13:00,35.8942938,128.6099079,긴급공사
2023-08-23 09:05:00,35.89015,128.6033144,긴급공사
2023-08-29 15:38:00,35.8937931,128.5985295,긴급공사
2023-09-01 15:55:00,35.8966843,128.6043934,긴급공사
2023-09-06 07:34:00,35.8971737,128.5986068,긴급공사
2023-09-06 17:25:00,35.8938732,128.5977815,긴급공사
2023-09-11 22:15:00,35.8916831,128.6048719,긴급공사
2023-09-18 09:02:00,35.8968922,128.6019671,긴급공사
2023-09-18 13:22:00,35.8959153,128.5988472,긴급공사
2023-09-19 09:24:00,35.8961994,128.6121224,긴급공사
2023-09-20 14:42:00,35.8897154,128.6014179,긴급공사
2023-09-25 17:16:00,35.8985056,128.6049998,긴급공사
2023-10-04 16:52:00,35.8971778,128.6074653,긴급공사
2023-10-10 11:00:00,35.8953586,128.5985977,긴급공사
2023-10-11 09:15:00,35.8944859,128.6014346,긴급공사
2023-10-23 11:38:00,35.8891812,128.6026319,긴급공사
2023-10-25 09:47:00,35.8928011,128.597434,긴급공사
2023-10-31 16:56:00,35.8970788,128.6077225,긴급공사
2023-11-02 08:44:00,35.8951477,128.6101584,긴급공사
2023-11-03 09:13:00,35.8966947,128.6046573,긴급공사
2023-11-03 09:13:00,35.8971634,128.6038306,긴급공사
2023-11-03 09:14:00,35.8962904,128.6010969,긴급공사
2023-11-11 11:00:00,35.8963788,128.6116833,긴급공사
2023-11-11 11:01:00,35.8954035,128.5994341,긴급공사
2023-11-11 11:01:00,35.895299,128.6018823,긴급공사
2023-11-11 11:02:00,35.895609,128.6026878,긴급공사
2023-11-14 16:15:00,35.8959292,128.6097443,긴급공사
2023-11-17 08:44:00,35.8940121,128.6078613,긴급공사
2023-11-21 11:19:00,35.895618,128.6016666,긴급공사
2023-11-21 11:23:00,35.895609,128.6026878,긴급공사
2023-11-22 11:36:00,35.8984583,128.6048728,긴급공사
2023-11-29 13:18:00,35.8913639,128.5966834,긴급공사
2023-11-30 15:49:00,35.8925157,128.5972114,긴급공사
2023-12-01 22:57:00,35.892058,128.5977012,긴급공사
2023-12-04 11:46:00,35.8960709,128.6107082,긴급공사
2023-12-05 11:30:00,35.8949869,128.5989874,긴급공사
2023-12-06 10:42:00,35.8919893,128.5979324,긴급공사
2023-12-15 17:18:00,35.8965551,128.6053847,긴급공사
2023-12-18 07:23:00,35.8980307,128.6039349,긴급공사
2023-12-18 18:32:00,35.8960799,128.6073073,긴급공사
2023-12-21 14:39:00,35.8958007,128.6086978,긴급공사
2023-12-25 10:51:00,35.8916162,128.6065522,긴급공사
2023-12-26 10:08:00,35.8952484,128.5985338,긴급공사
2024-01-04 11:23:00,35.8949466,128.6114821,긴급공사
2024-01-08 13:03:00,35.8900154,128.60332,긴급공사
2024-01-26 10:44:00,35.8908668,128.6038417,긴급공사
2024-01-30 08:54:00,35.8914541,128.6032893,긴급공사
2024-02-01 09:13:00,35.891423,128.6035525,긴급공사
2024-02-02 13:01:00,35.8942865,128.6098394,긴급공사
2024-02-05 16:25:00,35.8963484,128.599048,긴급공사
2024-02-16 11:08:00,35.8975739,128.6038398,긴급공사
2024-02-24 17:01:00,35.8894969,128.6027178,긴급공사
2024-03-13 10:41:00,35.8954321,128.6015067,긴급공사
2024-03-14 11:42:00,35.8927362,128.5972622,긴급공사
2024-03-15 16:10:00,35.893126,128.6079989,긴급공사
2024-04-02 09:52:00,35.8904408,128.6015707,긴급공사
2024-04-08 09:44:00,35.8978124,128.6008161,긴급공사
2024-04-12 14:16:00,35.8975022,128.5993369,긴급공사
2024-04-15 16:18:00,35.8937179,128.6081037,긴급공사
2024-04-24 19:42:00,35.8909154,128.604099,긴급공사
2024-04-29 15:03:00,35.8961978,128.6043234,긴급공사
2024-04-30 16:57:00,35.8954142,128.6116375,긴급공사
2024-05-10 11:05:00,35.892449,128.6088743,긴급공사
2024-05-23 08:01:00,35.895623,128.5987887,긴급공사
2024-05-30 16:57:00,35.8957987,128.5993513,긴급공사
2024-06-10 09:38:00,35.895626,128.6055963,긴급공사
2024-07-17 10:18:00,35.8941984,128.5982547,긴급공사
2024-07-17 10:37:00,35.8917892,128.5966102,긴급공사
2024-07-24 13:18:00,35.8926588,128.5981486,긴급공사
2024-07-24 13:26:00,35.8939031,128.5987502,긴급공사
2024-08-06 09:48:00,35.8959086,128.6094012,긴급공사
2024-08-20 10:09:00,35.895609,128.6026878,긴급공사
2024-08-20 10:43:00,35.8937698,128.5991186,긴급공사
2024-08-20 10:47:00,35.8975852,128.6021125,긴급공사
2024-08-20 11:01:00,35.8954325,128.6038501,긴급공사
2024-08-30 09:58:00,35.896751,128.6048439,긴급공사
2024-08-30 10:10:00,35.8975928,128.6075124,긴급공사
2024-08-30 10:13:00,35.8981896,128.6074701,긴급공사
2024-09-02 17:48:00,35.8923973,128.6053741,긴급공사
2024-09-09 10:20:00,35.8947697,128.6024035,긴급공사
2024-09-10 14:58:00,35.8897159,128.6012738,긴급공사
2024-09-24 10:49:00,35.8935405,128.6091179,긴급공사
2024-09-25 10:58:00,35.8921739,128.5978849,긴급공사
2024-09-25 11:07:00,35.8968828,128.5985564,긴급공사
2024-10-10 17:12:00,35.8937412,128.6053859,긴급공사
2024-10-16 10:06:00,35.8951594,128.5997819,긴급공사
2024-10-16 13:43:00,35.8945825,128.6015796,긴급공사
2024-10-18 09:34:00,35.8941528,128.6049132,긴급공사
2024-10-22 14:29:00,35.8978182,128.6082342,긴급공사
2024-10-31 16:20:00,35.8938137,128.6066753,긴급공사
2024-11-05 15:32:00,35.8936194,128.5988758,긴급공사
2024-11-17 12:45:00,35.892464,128.6060071,긴급공사
2024-11-19 10:16:00,35.8944859,128.6014346,긴급공사
2024-11-22 09:18:00,35.893307,128.598147,긴급공사
2024-11-25 09:12:00,35.8969202,128.5987609,긴급공사
2024-11-26 13:50:00,35.8927158,128.6071154,긴급공사
2024-12-04 16:41:00,35.8898417,128.6010228,긴급공사
2024-12-08 09:00:00,35.8897159,128.6012738,긴급공사
2024-12-10 08:38:00,35.8920192,128.6041082,긴급공사
2024-12-13 17:45:00,35.8950077,128.6014367,긴급공사
2024-12-17 12:00:00,35.8962179,128.6033294,긴급공사
2024-12-19 11:21:00,35.8913572,128.6032576,긴급공사
2024-12-20 16:52:00,35.8893733,128.6015727,긴급공사
2024-12-23 10:52:00,35.8898031,128.6032367,긴급공사
2024-12-24 13:22:00,35.8958475,128.603003,긴급공사
2024-12-26 10:54:00,35.8932908,128.6053603,긴급공사
2024-12-28 08:06:00,35.8965247,128.6047911,긴급공사
2025-01-10 10:16:00,35.8917011,128.6035545,긴급공사
2025-01-10 10:22:00,35.8948661,128.6060499,긴급공사
2025-01-13 10:20:00,35.8896045,128.6017164,긴급공사
2025-01-15 14:09:00,35.8954328,128.6060242,긴급공사
2025-01-20 16:43:00,35.8921541,128.6040525,긴급공사
2025-02-05 01:34:00,35.8912668,128.596979,긴급공사
2025-02-06 13:56:00,35.8961025,128.6043331,긴급공사
2025-02-06 14:04:00,35.8958248,128.6046429,긴급공사
2025-02-10 11:43:00,35.8921273,128.6065444,긴급공사
2025-02-10 17:22:00,35.8978433,128.6030065,긴급공사
2025-02-11 13:16:00,35.8964345,128.6001048,긴급공사
2025-02-14 13:01:00,35.8954103,128.6093837,긴급공사
2025-02-22 14:46:00,35.8917892,128.5966102,긴급공사
2025-02-24 15:18:00,35.8952564,128.6027767,긴급공사
2025-02-26 10:20:00,35.8924376,128.6035637,긴급공사
2025-02-27 11:17:00,35.8951859,128.6100182,긴급공사
2025-02-28 11:40:00,35.8942286,128.6080125,긴급공사
2025-03-04 10:30:00,35.8955794,128.6081656,긴급공사
2025-03-05 16:13:00,35.8952666,128.6002076,긴급공사
2025-03-27 16:43:00,35.890347,128.6011965,긴급공사
2025-04-04 15:10:00,35.8947352,128.5989505,긴급공사
2025-04-10 15:03:00,35.894675,128.6080001,긴급공사
2025-04-11 16:53:00,35.8953021,128.6042856,긴급공사
2025-04-14 15:12:00,35.8917235,128.6061353,긴급공사
2025-04-16 15:32:00,35.8952682,128.6077727,긴급공사
2025-04-18 09:51:00,35.8946041,128.6021922,긴급공사
2025-04-24 08:58:00,35.8950661,128.6044337,긴급공사
2025-05-10 08:16:00,35.8893733,128.6015727,긴급공사
2025-05-14 10:26:00,35.8967923,128.607576,긴급공사
2025-05-21 09:05:00,35.8927865,128.6044273,긴급공사
2025-05-27 13:03:00,35.8898904,128.6014252,긴급공사
2025-05-28 09:48:00,35.8904429,128.6039249,긴급공사
2025-06-09 13:24:00,35.8957987,128.5993513,긴급공사
2025-07-21 13:10:00,35.8928881,128.6043166,긴급공사
2025-07-21 14:41:00,35.896852,128.60232,긴급공사
2025-07-21 14:42:00,35.8968597,128.6024676,긴급공사
2025-07-21 15:09:00,35.8957823,128.5984428,긴급공사
2025-07-21 16:50:00,35.8944473,128.5974658,긴급공사
2025-07-21 16:51:00,35.8934489,128.5987172,긴급공사
2025-07-21 16:52:00,35.8934489,128.5987172,긴급공사
2025-07-23 14:59:00,35.8964048,128.609203,긴급공사
,35.8887528,128.6024193,지상누수
,35.8934943,128.6071291,지상누수
,35.8973255,128.598688,지상누수
,35.896862,128.6102019,지상누수
,35.8972847,128.6067763,지상누수
,35.8933568,128.6080768,지상누수
,35.8948698,128.6010136,지상누수
,35.8952936,128.6095987,지상누수
,35.8933378,128.6098866,지상누수
,35.8974779,128.6038346,지상누수
,35.8951696,128.6090785,지상누수
,35.8937156,128.6060161,지상누수
,35.8946232,128.6089947,지상누수
,35.8946812,128.60549,지상누수
,35.8958128,128.6122184,지상누수
,35.8941917,128.6098301,지상누수
,35.8958898,128.6102138,지상누수
,35.8974475,128.6082208,지상누수
,35.8976809,128.6005573,지상누수
,35.8970081,128.6100978,지상누수
,35.8945281,128.6102834,지상누수
,35.8954018,128.6109694,지상누수
,35.897172,128.6035242,지상누수
,35.8958181,128.5988243,지상누수
,35.8963146,128.608057,지상누수
,35.8898416,128.6029412,지상누수
,35.8898967,128.6014117,지상누수
,35.9021058,128.6014762,지상누수
,35.896079,128.6124025,지상누수
,35.8953808,128.6108597,지상누수
,35.8950228,128.6085868,지상누수
,35.8947785,128.6051035,지상누수
,35.8976226,128.6048668,지상누수
,35.8929263,128.6060014,지상누수
,35.8961776,128.6111316,지상누수
,35.8933208,128.6063727,지상누수
,35.8968082,128.5991048,지상누수
,35.8915979,128.5958797,지상누수
,35.8942939,128.6108759,지상누수
,35.8980429,128.6054633,지상누수
,35.8903448,128.603526,지상누수
,35.9015936,128.6040458,지상누수
,35.8963925,128.6093905,지상누수
,35.8948143,128.610655,지상누수
,35.8951427,128.6108632,지상누수
,35.8963992,128.5987661,지상누수
,35.8967871,128.6097942,지상누수
,35.8958578,128.6049185,지상누수
,35.8957134,128.611724,지상누수
,35.8950204,128.6087327,지상누수
,35.8964062,128.6085155,지상누수
,35.8941286,128.6087402,지상누수
,35.8976136,128.6049804,지상누수
,35.8912066,128.6040328,지상누수
,35.8929963,128.6041747,지상누수
,35.8951425,128.6102863,지상누수
,35.8929568,128.5974565,지상누수
,35.8948223,128.6031508,지상누수
,35.8950854,128.6088372,지상누수
,35.8954748,128.604678,지상누수
,35.8923529,128.5980818,지상누수
,35.891356,128.6032407,지하누수
,35.8972211,128.6096754,지하누수
,35.8972868,128.6080448,지하누수
,35.8958057,128.6091948,지하누수
,35.8967956,128.6094113,지하누수
,35.8963254,128.6083443,지하누수
,35.8954131,128.6085243,지하누수
,35.8966922,128.6062421,지하누수
,35.8913476,128.5984065,지하누수
,35.8962323,128.600836,지하누수
,35.8970021,128.602767,지하누수
,35.8952896,128.6012526,지하누수
,35.8958578,128.6049185,지하누수
,35.8950275,128.6071764,지하누수
,35.8950196,128.6097072,지하누수
,35.8950004,128.6102705,지하누수
,35.8954473,128.6010038,지하누수
,35.8970346,128.6017844,지하누수
,35.892469,128.6075684,지하누수
,35.895978,128.6022858,지하누수
,35.8953064,128.6008748,지하누수
,35.8956611,128.6023469,지하누수
,35.895665,128.6022169,지하누수
,35.8925156,128.5967567,지하누수
,35.8920784,128.5963469,지하누수
,35.8945447,128.60202,지하누수
,35.8946636,128.602393,지하누수
,35.8964518,128.5985146,지하누수
,35.8962741,128.598792,지하누수
,35.8962449,128.5985717,지하누수
,35.8971117,128.5998117,지하누수
,35.896796,128.5992992,지하누수
,35.8968833,128.6021024,지하누수
,35.8957266,128.6037964,지하누수
,35.8956114,128.6038041,지하누수
,35.8976002,128.603555,지하누수
,35.898598,128.6061009,지하누수
,35.8980324,128.6046759,지하누수
,35.8976226,128.6048668,지하누수
,35.8976226,128.6048668,지하누수
,35.8976416,128.6036774,지하누수
,35.8925856,128.5968797,지하누수
,35.8917733,128.5973032,지하누수
