FTR_CDE,FTR_IDN,CNT_NUM,SYS_CHK,STD_HOL,STD_VEL,PIP_LBL,IST_YMD,MOP_CDE,STD_DIP,BYC_LEN,JHT_CDE,LOW_DEP,HGH_DEP,AVG_DEP,IQT_CDE,HJD_CDE,BJD_CDE,SHT_NUM,MNG_CDE,SAA_CDE,MOD_CDE,A_MOD_CDE,B_MOD_CDE,SHAPE_LEN
SA001,27435,,1,0.00,0.00,1997/DCIP/Ø150/L38.3/D0.6,19971211,MOP001,150.0,38.29,JHT002,0.6,0.6,0.6,IQT001,5011051000,5011010100,336071165,6500000,SAA004,,,,38.29266802670
SA001,701478,WT2020080179,1,0.00,0.00,1900/DCIP/Ø80/L6.1/D0.9,19000101,MOP001,80.0,6.12,JHT002,0.80000001,0.89999998,0.89999998,IQT001,5011051000,5011010100,336071175,6500000,SAA004,,,,6.11520275052
SA001,701482,WT2020080179,1,0.00,0.00,1997/DCIP/Ø80/L1.7/D0.7,19970101,MOP001,80.0,1.68,JHT002,0.69999999,0.69999999,0.69999999,IQT001,5011051000,5011010100,336071175,6500000,SAA004,,,,1.67771219341
SA001,701496,WT2020080179,1,0.00,0.00,1999/DCIP/Ø100/L0.3/D1.1,19990101,MOP001,100.0,0.32,JHT002,1.10000002,1.10000002,1.10000002,IQT001,5011051000,5011010100,336071175,6500000,SAA004,,,,0.32328080673
SA001,701559,WT2020080179,1,0.00,0.00,1997/DCIP/Ø80/L0.2/D0.8,19970101,MOP001,80.0,0.22,JHT002,0.80000001,0.80000001,0.80000001,IQT001,5011056000,5011010600,336071175,6500000,SAA004,,,,0.22409841588
SA001,701921,WT2020080179,1,0.00,0.00,1998/HI-3P/Ø80/L37.4/D,19980520,MOP032,80.0,37.44,JHT904,0.0,0.0,0.0,IQT002,5011051000,5011010100,336071175,6500000,SAA004,,,,37.44276860010
SA001,702087,WT2020080179,1,0.00,0.00,1900/DCIP/Ø80/L41.0/D,19000101,MOP001,80.0,41.0,JHT002,0.0,0.0,0.0,IQT904,5011051000,5011010100,336071175,6500000,SAA004,,,,41.00075221720
SA001,702172,WT2020080179,,0.00,0.00,1900/DCIP/Ø200/L41.5/D,19000101,MOP001,200.0,41.46,JHT002,0.0,0.0,0.0,IQT904,5011051000,5011010100,336071175,6500000,SAA004,,,,41.46010197080
SA001,702853,0,1,0.00,0.00,1900/DCIP/Ø80/L40.0/D0.6,19000101,MOP001,80.0,40.01,JHT002,0.0,0.0,0.60000002,IQT001,5011059000,5011010700,336071165,6500000,SAA004,,,,40.01297692220
SA001,304314,WT2021080329,1,0.00,0.00,2003/HI-3P/Ø80/L48.1/D,20030101,MOP032,80.0,48.11,JHT904,0.0,0.0,0.0,IQT004,5011056000,5011010600,336071164,6500000,SAA908,,,,48.10972945770
SA001,304385,WT2021080329,1,0.00,0.00,1997/DCIP/Ø100/L50.7/D,19970101,MOP001,100.0,50.66,JHT002,0.0,0.0,0.0,IQT904,5011056000,5011010600,336071175,6500000,SAA908,,,,50.66355975730
SA001,304391,WT2021080329,1,0.00,0.00,2012/HI-3P/Ø80/L65.9/D,20120101,MOP032,80.0,65.92,JHT904,0.0,0.0,0.0,IQT004,5011056000,5011010600,336071165,6500000,SAA908,,,,65.92083789670
SA001,304400,WT2021080329,1,0.00,0.00,1997/DCIP/Ø80/L10.5/D,19970101,MOP001,80.0,10.46,JHT002,0.0,0.0,0.0,IQT904,5011059000,5011010700,336071165,6500000,SAA908,,,,10.46136318170
SA001,304417,WT2021080329,1,0.00,0.00,1900/DCIP/Ø80/L54.9/D,19000101,MOP001,80.0,54.94,JHT002,0.0,0.0,0.0,IQT904,5011056000,5011010600,336071164,6500000,SAA908,,,,54.94151933330
SA001,304439,WT2021080329,1,0.00,0.00,1997/DCIP/Ø80/L54.9/D0.7,19970101,MOP001,80.0,54.94,JHT002,0.60000002,0.80000001,0.69999999,IQT001,5011056000,5011010600,336071165,6500000,SAA004,,,,54.93514840260
SA001,304440,WT2021080329,1,0.00,0.00,1988/SP/Ø50/L6.0/D,19880101,MOP002,50.0,6.04,JHT903,0.0,0.0,0.0,IQT904,5011056000,5011010600,336071165,6500000,SAA908,,,,6.04115994905
SA001,304443,WT2021080329,1,0.00,0.00,1900/DCIP/Ø80/L17.6/D,19000101,MOP001,80.0,17.55,JHT002,0.0,0.0,0.0,IQT904,5011056000,5011010600,336071164,6500000,SAA908,,,,17.54578524250
SA001,304446,WT2021080329,1,0.00,0.00,1997/DCIP/Ø100/L0.9/D0.9,19970101,MOP001,100.0,0.85,JHT002,0.89999998,0.89999998,0.89999998,IQT001,5011056000,5011010600,336071175,6500000,SAA004,,,,0.85036756759
SA001,304450,WT2021080329,1,0.00,0.00,1900/DCIP/Ø150/L27.8/D,19000101,MOP001,150.0,27.8,JHT002,0.0,0.0,0.0,IQT904,5011056000,5011010600,336071174,6500000,SAA908,,,,27.80311050820
SA001,304455,WT2021080329,1,0.00,0.00,1900/DCIP/Ø80/L46.3/D,19000101,MOP001,80.0,46.33,JHT002,0.0,0.0,0.0,IQT904,5011056000,5011010600,336071175,6500000,SAA908,,,,46.33161782570
SA001,304456,WT2021080329,1,0.00,0.00,1900/DCIP/Ø80/L15.7/D,19000101,MOP001,80.0,15.66,JHT002,0.0,0.0,0.0,IQT904,5011056000,5011010600,336071175,6500000,SAA908,,,,15.66416882860
SA001,304461,WT2021080329,1,0.00,0.00,1991/DCIP/Ø100/L94.7/D,19910101,MOP001,100.0,94.66,JHT002,0.0,0.0,0.0,IQT904,5011056000,5011010600,336071164,6500000,SAA908,,,,94.66046306470
SA001,304516,WT2021080329,1,0.00,0.00,2012/HI-3P/Ø80/L2.1/D,20120101,MOP032,80.0,2.07,JHT904,0.0,0.0,0.0,IQT004,5011056000,5011010600,336071165,6500000,SAA908,,,,2.06839052292
SA001,304530,WT2021080329,1,0.00,0.00,2002/HI-3P/Ø50/L1.8/D,20020101,MOP032,50.0,1.79,JHT904,0.0,0.0,0.0,IQT004,5011056000,5011010600,336071174,6500000,SAA908,,,,1.78779256627
SA001,304600,WT2021080329,1,0.00,0.00,2001/HI-3P/Ø50/L67.4/D,20010101,MOP032,50.0,67.39,JHT904,0.0,0.0,0.0,IQT004,5011056000,5011010600,336071175,6500000,SAA908,,,,67.39272079080
SA001,304642,WT2021080329,1,0.00,0.00,1995/HI-3P/Ø50/L5.4/D,19950101,MOP032,50.0,5.36,JHT904,0.0,0.0,0.0,IQT004,5011056000,5011010600,336071165,6500000,SAA908,,,,5.36060942798
SA001,304646,WT2021080329,1,0.00,0.00,1900/HI-3P/Ø50/L39.4/D,19000101,MOP032,50.0,39.41,JHT904,0.0,0.0,0.0,IQT004,5011056000,5011010600,336071174,6500000,SAA908,,,,39.40915593220
SA001,304650,WT2021080329,1,0.00,0.00,2010/HI-3P/Ø50/L49.0/D,20100101,MOP032,50.0,48.97,JHT904,0.0,0.0,0.0,IQT004,5011056000,5011010600,336071164,6500000,SAA908,,,,48.96762139450
SA001,304656,WT2021080329,1,0.00,0.00,2002/HI-3P/Ø50/L67.4/D,20020101,MOP032,50.0,67.43,JHT904,0.0,0.0,0.0,IQT004,5011056000,5011010600,336071175,6500000,SAA908,,,,67.43339707710
SA001,304674,WT2021080329,1,0.00,0.00,2012/HI-3P/Ø80/L1.1/D1.0,20120101,MOP032,80.0,1.09,JHT904,1.0,1.0,1.0,IQT001,5011056000,5011010600,336071165,6500000,SAA004,,,,1.09112510740
SA001,304696,WT2021080329,1,0.00,0.00,2002/HI-3P/Ø50/L98.4/D,20020101,MOP032,50.0,98.42,JHT904,0.0,0.0,0.0,IQT004,5011056000,5011010600,336071174,6500000,SAA908,,,,98.42256632190
SA001,304701,WT2021080329,1,0.00,0.00,2002/HI-3P/Ø50/L4.6/D,20020101,MOP032,50.0,4.55,JHT904,0.0,0.0,0.0,IQT004,5011056000,5011010600,336071164,6500000,SAA908,,,,4.54551497039
SA001,304715,WT2021080329,1,0.00,0.00,2002/HI-3P/Ø50/L9.3/D,20020101,MOP032,50.0,9.26,JHT904,0.0,0.0,0.0,IQT004,5011056000,5011010600,336071164,6500000,SAA908,,,,9.26290547015
SA001,304718,WT2021080329,1,0.00,0.00,1994/PFP/Ø50/L109.0/D,19940101,MOP921,50.0,108.98,JHT092,0.0,0.0,0.0,IQT004,5011056000,5011010600,336071164,6500000,SAA908,,,,108.97844328200
SA001,304719,WT2021080329,1,0.00,0.00,2002/HI-3P/Ø80/L0.6/D,20020101,MOP032,80.0,0.56,JHT904,0.0,0.0,0.0,IQT004,5011056000,5011010600,336071164,6500000,SAA908,,,,0.55768353929
SA001,304720,WT2021080329,1,0.00,0.00,2002/HI-3P/Ø50/L75.4/D,20020101,MOP032,50.0,75.37,JHT904,0.0,0.0,0.0,IQT004,5011056000,5011010600,336071164,6500000,SAA908,,,,75.37241133350
SA001,304736,WT2021080329,1,0.00,0.00,2002/HI-3P/Ø50/L78.6/D,20020101,MOP032,50.0,78.63,JHT904,0.0,0.0,0.0,IQT004,5011056000,5011010600,336071164,6500000,SAA908,,,,78.62716523040
SA001,304769,WT2021080329,1,0.00,0.00,2003/HI-3P/Ø80/L52.3/D,20030101,MOP032,80.0,52.25,JHT904,0.0,0.0,0.0,IQT004,5011056000,5011010600,336071174,6500000,SAA908,,,,52.25024462870
SA001,304771,WT2021080329,1,0.00,0.00,2012/HI-3P/Ø80/L6.3/D,20120101,MOP032,80.0,6.28,JHT904,0.0,0.0,0.0,IQT004,5011056000,5011010600,336071165,6500000,SAA908,,,,6.27743105284
SA001,304787,WT2021080329,1,0.00,0.00,2003/HI-3P/Ø80/L17.6/D,20030101,MOP032,80.0,17.6,JHT904,0.0,0.0,0.0,IQT004,5011056000,5011010600,336071164,6500000,SAA908,,,,17.59911136650
SA001,304793,WT2021080329,1,0.00,0.00,2003/HI-3P/Ø80/L18.4/D,20030101,MOP032,80.0,18.37,JHT904,0.0,0.0,0.0,IQT004,5011056000,5011010600,336071164,6500000,SAA908,,,,18.36566546110
SA001,304797,WT2021080329,1,0.00,0.00,2003/HI-3P/Ø80/L120.2/D,20030101,MOP032,80.0,120.21,JHT904,0.0,0.0,0.0,IQT004,5011056000,5011010600,336071174,6500000,SAA908,,,,120.20891457300
SA001,304822,WT2021080329,1,0.00,0.00,1998/HI-3P/Ø50/L122.8/D,19980101,MOP032,50.0,122.8,JHT904,0.0,0.0,0.0,IQT004,5011056000,5011010600,336071165,6500000,SAA908,,,,122.79945920200
SA001,304826,WT2021080329,1,0.00,0.00,1997/DCIP/Ø100/L0.3/D0.8,19970101,MOP001,100.0,0.26,JHT002,0.80000001,0.80000001,0.80000001,IQT001,5011056000,5011010600,336071175,6500000,SAA004,,,,0.25827891900
SA001,304880,WT2021080329,1,0.00,0.00,1900/DCIP/Ø125/L15.6/D1.0,19000101,MOP001,125.0,15.56,JHT002,1.0,1.10000002,1.02999997,IQT001,5011056000,5011010600,336071174,6500000,SAA004,,,,15.55651196170
SA001,304895,WT2021080329,1,0.00,0.00,1900/DCIP/Ø200/L73.1/D0.9,19000101,MOP001,200.0,73.12,JHT002,0.80000001,1.0,0.93000001,IQT001,5011056000,5011010600,336071175,6500000,SAA004,,,,73.11553770320
SA001,304898,WT2021080329,1,0.00,0.00,1997/DCIP/Ø80/L0.5/D0.7,19970101,MOP001,80.0,0.45,JHT002,0.69999999,0.69999999,0.69999999,IQT001,5011056000,5011010600,336071175,6500000,SAA004,,,,0.44597085107
SA001,304900,WT2021080329,1,0.00,0.00,1997/DCIP/Ø100/L0.3/D0.8,19970101,MOP001,100.0,0.33,JHT002,0.80000001,0.80000001,0.80000001,IQT001,5011056000,5011010600,336071175,6500000,SAA004,,,,0.32557329436
SA001,304909,WT2021080329,1,0.00,0.00,1997/DCIP/Ø150/L5.6/D0.4,19970101,MOP001,150.0,5.64,JHT002,0.40000001,0.40000001,0.40000001,IQT001,5011056000,5011010600,336071175,6500000,SAA004,,,,5.64361036926
SA001,304915,WT2021080329,1,0.00,0.00,1900/DCIP/Ø200/L6.6/D0.6,19000101,MOP001,200.0,6.59,JHT002,0.5,0.69999999,0.60000002,IQT001,5011056000,5011010600,336071175,6500000,SAA004,,,,6.58782156710
SA001,304919,WT2021080329,1,0.00,0.00,1997/DCIP/Ø80/L16.5/D0.6,19970101,MOP001,80.0,16.48,JHT002,0.5,0.60000002,0.55000001,IQT001,5011056000,5011010600,336071175,6500000,SAA004,,,,16.48256321090
SA001,304921,WT2021080329,1,0.00,0.00,1993/DCIP/Ø150/L126.2/D1.0,19930101,MOP001,150.0,126.2,JHT002,0.60000002,1.29999995,0.98000002,IQT001,5011056000,5011010600,336071165,6500000,SAA004,,,,126.19988847800
SA001,304934,WT2021080329,1,0.00,0.00,1900/SP/Ø50/L21.0/D0.7,19000101,MOP002,50.0,20.97,JHT903,0.69999999,0.80000001,0.73000002,IQT001,5011056000,5011010600,336071164,6500000,SAA004,,,,20.96642760500
SA001,304935,WT2021080329,1,0.00,0.00,1900/SP/Ø50/L17.8/D0.7,19000101,MOP002,50.0,17.78,JHT903,0.69999999,0.69999999,0.69999999,IQT001,5011056000,5011010600,336071164,6500000,SAA004,,,,17.78377081050
SA001,304939,WT2021080329,1,0.00,0.00,1991/DCIP/Ø100/L0.3/D0.6,19910101,MOP001,100.0,0.29,JHT002,0.60000002,0.60000002,0.60000002,IQT001,5011056000,5011010600,336071164,6500000,SAA004,,,,0.29271487834
SA001,304965,WT2021080329,1,0.00,0.00,1997/DCIP/Ø80/L30.3/D1.3,19970101,MOP001,80.0,30.28,JHT002,1.10000002,1.39999998,1.29999995,IQT001,5011056000,5011010600,336071174,6500000,SAA004,,,,30.27928802600
SA001,304969,WT2021080329,1,0.00,0.00,1997/DCIP/Ø80/L27.7/D1.2,19970101,MOP001,80.0,27.7,JHT002,0.89999998,1.29999995,1.17999995,IQT001,5011056000,5011010600,336071174,6500000,SAA004,,,,27.69916502620
SA001,304978,WT2021080329,1,0.00,0.00,1997/DCIP/Ø80/L23.2/D0.9,19970101,MOP001,80.0,23.15,JHT002,0.89999998,0.89999998,0.89999998,IQT001,5011056000,5011010600,336071174,6500000,SAA004,,,,23.15487938970
SA001,304986,WT2021080329,1,0.00,0.00,1994/DCIP/Ø150/L0.4/D1.3,19940101,MOP001,150.0,0.38,JHT002,1.29999995,1.29999995,1.29999995,IQT001,5011056000,5011010600,336071174,6500000,SAA004,,,,0.38325578926
SA001,304989,WT2021080329,1,0.00,0.00,1994/DCIP/Ø150/L4.1/D1.3,19940101,MOP001,150.0,4.12,JHT002,1.29999995,1.29999995,1.29999995,IQT001,5011056000,5011010600,336071174,6500000,SAA004,,,,4.11947626346
SA001,304993,WT2021080329,1,0.00,0.00,1900/DCIP/Ø400/L1.1/D,19000101,MOP001,400.0,1.14,JHT002,0.0,0.0,0.0,IQT904,5011056000,5011010600,336071174,6500000,SAA908,,,,1.14156386155
SA001,304995,WT2021080329,1,0.00,0.00,1992/DCIP/Ø400/L6.1/D1.3,19920101,MOP001,400.0,6.13,JHT002,1.29999995,1.29999995,1.29999995,IQT001,5011056000,5011010600,336071174,6500000,SAA004,,,,6.12658746775
SA001,11028,,1,0.00,0.00,1997/DCIP/Ø80/L48.4/D0.4,19971211,MOP001,80.0,48.36,JHT002,0.0,0.0,0.4,IQT001,5011059000,5011010700,336071165,6500000,SAA004,,,,48.36012757610
SA001,30953,0,1,0.00,0.00,1900/DCIP/Ø80/L10.5/D0.6,19000101,MOP001,80.0,10.46,JHT002,0.0,0.0,0.6,IQT001,5011059000,5011010700,336071165,6500000,SAA004,,,,10.45639423100
SA001,701457,WT2020080179,1,0.00,0.00,1997/DCIP/Ø200/L1.5/D0.9,19971211,MOP001,200.0,1.49,JHT002,0.89999998,0.89999998,0.89999998,IQT001,5011051000,5011010100,336071175,6500000,SAA004,,,,1.49442291538
SA001,701461,WT2020080179,1,0.00,0.00,1997/DCIP/Ø200/L0.5/D0.9,19971211,MOP001,200.0,0.48,JHT002,0.89999998,0.89999998,0.89999998,IQT001,5011051000,5011010100,336071175,6500000,SAA004,,,,0.47576549896
SA001,701487,WT2020080179,1,0.00,0.00,1999/DCIP/Ø100/L5.0/D1.0,19990101,MOP001,100.0,4.98,JHT002,0.89999998,1.0,1.0,IQT001,5011051000,5011010100,336071175,6500000,SAA004,,,,4.98245714908
SA001,701505,WT2020080179,1,0.00,0.00,1983/DCIP/Ø150/L0.3/D0.9,19830101,MOP001,150.0,0.34,JHT002,0.89999998,0.89999998,0.89999998,IQT001,5011051000,5011010100,336071175,6500000,SAA004,,,,0.33603162054
SA001,701506,WT2020080179,1,0.00,0.00,1900/DCIP/Ø200/L64.5/D1.1,19000101,MOP001,200.0,64.48,JHT002,0.89999998,1.29999995,1.10000002,IQT001,5011051000,5011010100,336071175,6500000,SAA004,,,,64.48053691950
SA001,701923,WT2020080179,1,0.00,0.00,1998/HI-3P/Ø80/L0.9/D,19980520,MOP032,80.0,0.94,JHT904,0.0,0.0,0.0,IQT002,5011051000,5011010100,336071175,6500000,SAA004,,,,0.94488685566
SA001,304306,WT2021080329,1,0.00,0.00,1900/DCIP/Ø125/L5.2/D1.0,19000101,MOP001,125.0,5.18,JHT002,1.0,1.0,1.0,IQT001,5011056000,5011010600,336071174,6500000,SAA004,,,,5.17679269407
SA001,304309,WT2021080329,1,0.00,0.00,1998/HI-3P/Ø50/L5.3/D,19980101,MOP032,50.0,5.31,JHT904,0.0,0.0,0.0,IQT004,5011056000,5011010600,336071165,6500000,SAA908,,,,5.30649195326
SA001,304310,WT2021080329,1,0.00,0.00,1998/HI-3P/Ø50/L22.4/D,19980101,MOP032,50.0,22.36,JHT904,0.0,0.0,0.0,IQT004,5011056000,5011010600,336071165,6500000,SAA908,,,,22.35501835490
SA001,304318,WT2021080329,1,0.00,0.00,1997/DCIP/Ø80/L0.4/D0.8,19970101,MOP001,80.0,0.39,JHT002,0.80000001,0.80000001,0.80000001,IQT001,5011056000,5011010600,336071175,6500000,SAA004,,,,0.39031397618
SA001,304336,WT2021080329,1,0.00,0.00,1997/DCIP/Ø80/L40.7/D0.6,19970101,MOP001,80.0,40.69,JHT002,0.5,0.60000002,0.57999998,IQT001,5011051000,5011010100,336071175,6500000,SAA004,,,,40.69156797220
SA001,304350,WT2021080329,1,0.00,0.00,1900/DCIP/Ø80/L0.4/D0.8,19000101,MOP001,80.0,0.37,JHT002,0.80000001,0.80000001,0.80000001,IQT001,5011056000,5011010600,336071174,6500000,SAA004,,,,0.37048751666
SA001,304352,WT2021080329,1,0.00,0.00,1900/DCIP/Ø80/L61.6/D0.6,19000101,MOP001,80.0,61.58,JHT002,0.60000002,0.80000001,0.63999999,IQT001,5011056000,5011010600,336071174,6500000,SAA004,,,,61.58112116680
SA001,304358,WT2021080329,1,0.00,0.00,1997/PE/Ø300/L1571.7/D,19970101,MOP028,300.0,1571.67,JHT910,0.0,0.0,0.0,IQT004,5011057000,5011010800,336071166,6500000,SAA003,,,,1571.74503604000
SA001,304366,WT2021080329,1,0.00,0.00,1993/DCIP/Ø150/L0.6/D0.8,1993001,MOP001,150.0,0.58,JHT002,0.80000001,0.80000001,0.80000001,IQT001,5011056000,5011010600,336071165,6500000,SAA004,,,,0.58020168907
SA001,304382,WT2021080329,1,0.00,0.00,1900/DCIP/Ø200/L0.6/D0.6,19000101,MOP001,200.0,0.61,JHT002,0.60000002,0.60000002,0.60000002,IQT001,5011056000,5011010600,336071175,6500000,SAA004,,,,0.61052190788
SA001,304418,WT2021080329,1,0.00,0.00,1900/DCIP/Ø80/L5.0/D,19000101,MOP001,80.0,4.95,JHT002,0.0,0.0,0.0,IQT904,5011056000,5011010600,336071164,6500000,SAA908,,,,4.95260792714
SA001,304437,WT2021080329,1,0.00,0.00,1997/DCIP/Ø80/L34.4/D0.6,19970101,MOP001,80.0,34.35,JHT002,0.60000002,0.69999999,0.63999999,IQT001,5011056000,5011010600,336071165,6500000,SAA004,,,,34.35469615130
SA001,304442,WT2021080329,1,0.00,0.00,1988/DCIP/Ø80/L7.6/D,19880101,MOP001,80.0,7.61,JHT002,0.0,0.0,0.0,IQT904,5011056000,5011010600,336071165,6500000,SAA908,,,,7.60856675202
SA001,304444,WT2021080329,1,0.00,0.00,1997/DCIP/Ø100/L3.4/D,19970101,MOP001,100.0,3.38,JHT002,0.0,0.0,0.0,IQT904,5011056000,5011010600,336071175,6500000,SAA908,,,,3.38139416749
SA001,304463,WT2021080329,1,0.00,0.00,1900/CIP/Ø100/L34.2/D,19000101,MOP010,100.0,34.22,JHT002,0.0,0.0,0.0,IQT904,5011056000,5011010600,336071174,6500000,SAA908,,,,34.22460144110
SA001,304476,WT2021080329,1,0.00,0.00,1900/SP/Ø50/L36.2/D,19000101,MOP002,50.0,36.21,JHT903,0.0,0.0,0.0,IQT904,5011056000,5011010600,336071165,6500000,SAA908,,,,36.21026211670
SA001,304496,WT2021080329,1,0.00,0.00,1999/HI-3P/Ø80/L7.0/D,19990101,MOP032,80.0,7.01,JHT904,0.0,0.0,0.0,IQT004,5011056000,5011010600,336071165,6500000,SAA908,,,,7.00930002568
SA001,304515,WT2021080329,1,0.00,0.00,1999/HI-3P/Ø50/L4.6/D,19990101,MOP032,50.0,4.64,JHT904,0.0,0.0,0.0,IQT004,5011056000,5011010600,336071165,6500000,SAA908,,,,4.63583530553
SA001,304520,WT2021080329,1,0.00,0.00,2010/HI-3P/Ø50/L37.7/D,20100101,MOP032,50.0,37.68,JHT904,0.0,0.0,0.0,IQT004,5011056000,5011010600,336071174,6500000,SAA908,,,,37.67663076340
SA001,304643,WT2021080329,1,0.00,0.00,1995/HI-3P/Ø50/L55.8/D,19950101,MOP032,50.0,55.78,JHT904,0.0,0.0,0.0,IQT004,5011056000,5011010600,336071165,6500000,SAA908,,,,55.78369866260
SA001,304648,WT2021080329,1,0.00,0.00,2003/HI-3P/Ø80/L15.4/D,20030101,MOP032,80.0,15.39,JHT904,0.0,0.0,0.0,IQT004,5011056000,5011010600,336071174,6500000,SAA908,,,,15.38733196660
SA001,304653,WT2021080329,1,0.00,0.00,2010/HI-3P/Ø50/L46.2/D,20100101,MOP032,50.0,46.21,JHT904,0.0,0.0,0.0,IQT004,5011056000,5011010600,336071174,6500000,SAA908,,,,46.20564944360
SA001,304658,WT2021080329,1,0.00,0.00,2002/HI-3P/Ø80/L0.4/D0.8,20020101,MOP032,80.0,0.37,JHT904,0.80000001,0.80000001,0.80000001,IQT001,5011056000,5011010600,336071165,6500000,SAA004,,,,0.37308578102
SA001,304678,WT2021080329,1,0.00,0.00,1998/HI-3P/Ø80/L0.3/D,19980101,MOP032,80.0,0.31,JHT904,0.0,0.0,0.0,IQT004,5011056000,5011010600,336071165,6500000,SAA908,,,,0.31190078551
SA001,304692,WT2021080329,1,0.00,0.00,1997/HI-3P/Ø50/L4.3/D0.7,19970101,MOP032,50.0,4.26,JHT904,0.69999999,0.69999999,0.69999999,IQT001,5011056000,5011010600,336071175,6500000,SAA004,,,,4.25705194688
SA001,304711,WT2021080329,1,0.00,0.00,2003/HI-3P/Ø50/L6.3/D,20030101,MOP032,50.0,6.33,JHT904,0.0,0.0,0.0,IQT004,5011056000,5011010600,336071164,6500000,SAA908,,,,6.33335660272
SA001,304722,WT2021080329,1,0.00,0.00,2002/HI-3P/Ø50/L5.0/D,20020101,MOP032,50.0,5.03,JHT904,0.0,0.0,0.0,IQT004,5011056000,5011010600,336071164,6500000,SAA908,,,,5.03217902007
SA001,304730,WT2021080329,1,0.00,0.00,2002/HI-3P/Ø80/L42.5/D,20020101,MOP032,80.0,42.48,JHT904,0.0,0.0,0.0,IQT004,5011056000,5011010600,336071164,6500000,SAA908,,,,42.47970184070
SA001,304733,WT2021080329,1,0.00,0.00,2002/HI-3P/Ø80/L13.3/D,20020101,MOP032,80.0,13.32,JHT904,0.0,0.0,0.0,IQT004,5011056000,5011010600,336071164,6500000,SAA908,,,,13.31706108350
SA001,304734,WT2021080329,1,0.00,0.00,2002/HI-3P/Ø80/L31.2/D,20020101,MOP032,80.0,31.24,JHT904,0.0,0.0,0.0,IQT004,5011056000,5011010600,336071164,6500000,SAA908,,,,31.24273049280
SA001,304744,WT2021080329,1,0.00,0.00,2002/HI-3P/Ø50/L58.7/D,20020101,MOP032,50.0,58.67,JHT904,0.0,0.0,0.0,IQT004,5011056000,5011010600,336071164,6500000,SAA908,,,,58.67447412620
SA001,304747,WT2021080329,1,0.00,0.00,1998/HI-3P/Ø80/L101.4/D,19980101,MOP032,80.0,101.38,JHT904,0.0,0.0,0.0,IQT004,5011056000,5011010600,336071165,6500000,SAA908,,,,101.38477879400
SA001,304773,WT2021080329,1,0.00,0.00,2003/HI-3P/Ø80/L0.3/D,20030101,MOP032,80.0,0.32,JHT904,0.0,0.0,0.0,IQT004,5011056000,5011010600,336071164,6500000,SAA908,,,,0.32389487492
SA001,304788,WT2021080329,1,0.00,0.00,2003/HI-3P/Ø80/L31.4/D,20030101,MOP032,80.0,31.37,JHT904,0.0,0.0,0.0,IQT004,5011056000,5011010600,336071164,6500000,SAA908,,,,31.37274990700
SA001,304800,WT2021080329,1,0.00,0.00,2003/HI-3P/Ø50/L116.4/D,20030101,MOP032,50.0,116.36,JHT904,0.0,0.0,0.0,IQT004,5011056000,5011010600,336071164,6500000,SAA908,,,,116.35908527800
SA001,304814,WT2021080329,1,0.00,0.00,1900/HI-3P/Ø50/L11.9/D,19000101,MOP032,50.0,11.87,JHT904,0.0,0.0,0.0,IQT004,5011056000,5011010600,336071164,6500000,SAA908,,,,11.87174781150
SA001,304818,WT2021080329,1,0.00,0.00,1997/HI-3P/Ø80/L62.6/D,19970101,MOP032,80.0,62.63,JHT904,0.0,0.0,0.0,IQT004,5011051000,5011010100,336071165,6500000,SAA908,,,,62.63138295590
SA001,304819,WT2021080329,1,0.00,0.00,1999/HI-3P/Ø50/L99.4/D,19990101,MOP032,50.0,99.43,JHT904,0.0,0.0,0.0,IQT004,5011056000,5011010600,336071165,6500000,SAA908,,,,99.42515751800
SA001,304821,WT2021080329,1,0.00,0.00,2002/HI-3P/Ø50/L111.5/D,20020101,MOP032,50.0,111.48,JHT904,0.0,0.0,0.0,IQT004,5011056000,5011010600,336071164,6500000,SAA908,,,,111.47514508100
SA001,304829,WT2021080329,1,0.00,0.00,1900/SP/Ø50/L100.6/D0.6,19000101,MOP002,50.0,100.59,JHT903,0.40000001,0.80000001,0.60000002,IQT001,5011056000,5011010600,336071164,6500000,SAA004,,,,100.58504097900
SA001,304872,WT2021080329,1,0.00,0.00,1900/DCIP/Ø80/L1.8/D0.6,19000101,MOP001,80.0,1.81,JHT002,0.60000002,0.60000002,0.60000002,IQT001,5011056000,5011010600,336071164,6500000,SAA004,,,,1.80935803429
SA001,304881,WT2021080329,1,0.00,0.00,1900/DCIP/Ø125/L1.7/D1.2,19000101,MOP001,125.0,1.67,JHT002,1.10000002,1.20000005,1.14999998,IQT001,5011056000,5011010600,336071174,6500000,SAA004,,,,1.67107749671
SA001,304908,WT2021080329,1,0.00,0.00,1997/DCIP/Ø150/L0.6/D0.8,19970101,MOP001,150.0,0.55,JHT002,0.80000001,0.80000001,0.80000001,IQT001,5011056000,5011010600,336071175,6500000,SAA004,,,,0.55203260773
SA001,304911,WT2021080329,1,0.00,0.00,1997/DCIP/Ø100/L16.5/D0.8,19970101,MOP001,100.0,16.53,JHT002,0.69999999,0.80000001,0.76999998,IQT001,5011056000,5011010600,336071175,6500000,SAA004,,,,16.53441110020
SA001,304913,WT2021080329,1,0.00,0.00,1997/DCIP/Ø100/L35.2/D0.8,19970101,MOP001,100.0,35.19,JHT002,0.69999999,1.10000002,0.82999998,IQT001,5011056000,5011010600,336071175,6500000,SAA004,,,,35.18914451610
SA001,304943,WT2021080329,1,0.00,0.00,1991/DCIP/Ø100/L47.0/D0.6,19910101,MOP001,100.0,47.03,JHT002,0.60000002,0.69999999,0.63999999,IQT001,5011056000,5011010600,336071164,6500000,SAA004,,,,47.03123907900
SA001,304957,WT2021080329,1,0.00,0.00,1900/CIP/Ø100/L0.3/D1.0,19000101,MOP010,100.0,0.33,JHT002,1.0,1.0,1.0,IQT001,5011056000,5011010600,336071174,6500000,SAA004,,,,0.33399550895
SA001,304970,WT2021080329,1,0.00,0.00,1997/DCIP/Ø80/L112.3/D0.9,19970101,MOP001,80.0,112.28,JHT002,0.60000002,1.20000005,0.86000001,IQT001,5011056000,5011010600,336071174,6500000,SAA004,,,,112.28301675100
SA001,304972,WT2021080329,1,0.00,0.00,1997/DCIP/Ø100/L5.6/D1.0,19970101,MOP001,100.0,5.62,JHT002,0.89999998,1.10000002,1.02999997,IQT001,5011056000,5011010600,336071174,6500000,SAA004,,,,5.62075489377
SA001,304980,WT2021080329,1,0.00,0.00,1900/DCIP/Ø150/L0.4/D0.8,19000101,MOP001,150.0,0.36,JHT002,0.80000001,0.80000001,0.80000001,IQT001,5011056000,5011010600,336071174,6500000,SAA004,,,,0.35945097023
SA001,304987,WT2021080329,1,0.00,0.00,1994/DCIP/Ø150/L0.6/D1.3,19940101,MOP001,150.0,0.61,JHT002,1.29999995,1.29999995,1.29999995,IQT001,5011056000,5011010600,336071174,6500000,SAA004,,,,0.60523136072
SA001,304990,WT2021080329,1,0.00,0.00,1900/DCIP/Ø150/L24.3/D0.7,19000101,MOP001,150.0,24.25,JHT002,0.69999999,0.80000001,0.73000002,IQT001,5011056000,5011010600,336071174,6500000,SAA004,,,,24.25483227500
SA001,304991,WT2021080329,1,0.00,0.00,1900/DCIP/Ø150/L26.7/D1.0,19000101,MOP001,150.0,26.67,JHT002,0.69999999,1.29999995,1.02999997,IQT001,5011056000,5011010600,336071174,6500000,SAA004,,,,26.66609932940
SA001,305003,WT2021080329,1,0.00,0.00,1988/DCIP/Ø80/L0.3/D1.3,19880101,MOP001,80.0,0.29,JHT002,1.29999995,1.29999995,1.29999995,IQT001,5011056000,5011010600,336071165,6500000,SAA004,,,,0.28706793621
SA001,31123,,1,0.00,0.00,1997/DCIP/Ø100/L3.6/D0.5,19971211,MOP001,100.0,3.51,JHT002,0.5,0.5,0.5,IQT001,5011051000,5011010100,336071165,6500000,SAA004,,,,3.51414365387
SA001,701492,WT2020080179,1,0.00,0.00,1999/DCIP/Ø80/L2.6/D1.0,19990101,MOP001,80.0,2.59,JHT002,1.0,1.0,1.0,IQT001,5011051000,5011010100,336071175,6500000,SAA004,,,,2.58760331581
SA001,701495,WT2020080179,1,0.00,0.00,1999/DCIP/Ø100/L12.5/D1.1,19990101,MOP001,100.0,12.47,JHT002,1.0,1.20000005,1.10000002,IQT001,5011051000,5011010100,336071175,6500000,SAA004,,,,12.46656204480
SA001,701504,WT2020080179,1,0.00,0.00,1983/DCIP/Ø150/L20.5/D1.0,19830101,MOP001,150.0,20.52,JHT002,0.80000001,1.20000005,1.0,IQT001,5011051000,5011010100,336071175,6500000,SAA004,,,,20.52479327380
SA001,701922,WT2020080179,1,0.00,0.00,1998/HI-3P/Ø80/L68.2/D,19980520,MOP032,80.0,68.17,JHT904,0.0,0.0,0.0,IQT002,5011051000,5011010100,336071175,6500000,SAA004,,,,68.17062228780
SA001,701924,WT2020080179,1,0.00,0.00,1998/HI-3P/Ø80/L37.3/D,19980520,MOP032,80.0,37.31,JHT904,0.0,0.0,0.0,IQT002,5011051000,5011010100,336071175,6500000,SAA004,,,,37.30513953970
SA001,702848,0,1,0.00,0.00,1992/DCIP/Ø400/L9.9/D,19920101,MOP001,400.0,4.95,JHT002,0.0,0.0,0.0,IQT904,5011056000,5011010600,336071174,6500000,SAA004,,,,4.94591212792
SA001,304305,WT2021080329,1,0.00,0.00,1997/DCIP/Ø80/L0.3/D0.8,19970101,MOP001,80.0,0.27,JHT002,0.80000001,0.80000001,0.80000001,IQT001,5011056000,5011010600,336071175,6500000,SAA004,,,,0.26973870690
SA001,304317,WT2021080329,1,0.00,0.00,1997/DCIP/Ø100/L78.8/D0.8,19970101,MOP001,100.0,78.8,JHT002,0.69999999,1.0,0.75999999,IQT001,5011056000,5011010600,336071175,6500000,SAA004,,,,78.80329702190
SA001,304342,WT2021080329,1,0.00,0.00,1997/DCIP/Ø150/L69.8/D,19970101,MOP001,150.0,69.77,JHT002,0.0,0.0,0.0,IQT904,5011051000,5011010100,336071175,6500000,SAA908,,,,69.76574776080
SA001,304351,WT2021080329,1,0.00,0.00,1900/DCIP/Ø80/L39.4/D0.9,19000101,MOP001,80.0,39.42,JHT002,0.80000001,0.89999998,0.86000001,IQT001,5011056000,5011010600,336071175,6500000,SAA004,,,,39.41948428560
SA001,304359,WT2021080329,1,0.00,0.00,1997/DCIP/Ø150/L39.3/D0.9,19970101,MOP001,150.0,39.29,JHT002,0.80000001,0.89999998,0.86000001,IQT001,5011051000,5011010100,336071175,6500000,SAA004,,,,39.29438534690
SA001,304369,WT2021080329,1,0.00,0.00,2003/HI-3P/Ø80/L0.9/D,20030101,MOP032,80.0,0.94,JHT904,0.0,0.0,0.0,IQT004,5011056000,5011010600,336071175,6500000,SAA913,,,,0.94028435061
SA001,304410,WT2021080329,1,0.00,0.00,1997/DCIP/Ø80/L9.3/D,19970101,MOP001,80.0,9.32,JHT002,0.0,0.0,0.0,IQT904,5011056000,5011010600,336071175,6500000,SAA908,,,,9.32172782536
SA001,304414,WT2021080329,1,0.00,0.00,1997/DCIP/Ø100/L2.5/D,19970101,MOP001,100.0,2.53,JHT002,0.0,0.0,0.0,IQT904,5011056000,5011010600,336071175,6500000,SAA908,,,,2.53343064243
SA001,304436,WT2021080329,1,0.00,0.00,1997/DCIP/Ø80/L13.8/D,19970101,MOP001,80.0,13.76,JHT002,0.0,0.0,0.0,IQT904,5011056000,5011010600,336071165,6500000,SAA908,,,,13.76318012460
SA001,304485,WT2021080329,1,0.00,0.00,1996/HI-3P/Ø50/L0.2/D1.0,19960101,MOP032,50.0,0.21,JHT904,1.0,1.0,1.0,IQT001,5011056000,5011010600,336071174,6500000,SAA004,,,,0.21035446275
SA001,304488,WT2021080329,1,0.00,0.00,2002/HI-3P/Ø50/L102.6/D,20020101,MOP032,50.0,102.64,JHT904,0.0,0.0,0.0,IQT004,5011056000,5011010600,336071164,6500000,SAA908,,,,102.63502902600
SA001,304494,WT2021080329,1,0.00,0.00,2012/HI-3P/Ø80/L292.5/D,20120101,MOP032,80.0,292.5,JHT904,0.0,0.0,0.0,IQT004,5011056000,5011010600,336071165,6500000,SAA908,,,,292.49868949800
SA001,304497,WT2021080329,1,0.00,0.00,1999/HI-3P/Ø80/L63.7/D,19990101,MOP032,80.0,63.72,JHT904,0.0,0.0,0.0,IQT004,5011056000,5011010600,336071165,6500000,SAA908,,,,63.72425024530
SA001,304521,WT2021080329,1,0.00,0.00,2003/HI-3P/Ø80/L0.2/D,20030101,MOP032,80.0,0.17,JHT904,0.0,0.0,0.0,IQT004,5011056000,5011010600,336071174,6500000,SAA908,,,,0.16879529022
SA001,304532,WT2021080329,1,0.00,0.00,2002/HI-3P/Ø50/L87.5/D,20020101,MOP032,50.0,87.54,JHT904,0.0,0.0,0.0,IQT004,5011056000,5011010600,336071174,6500000,SAA908,,,,87.53931178630
SA001,304666,WT2021080329,1,0.00,0.00,2002/HI-3P/Ø50/L0.7/D0.8,20020101,MOP032,50.0,0.73,JHT904,0.80000001,0.80000001,0.80000001,IQT001,5011056000,5011010600,336071165,6500000,SAA004,,,,0.72646610382
SA001,304669,WT2021080329,1,0.00,0.00,2001/HI-3P/Ø50/L0.4/D,20010101,MOP032,50.0,0.36,JHT904,0.0,0.0,0.0,IQT004,5011056000,5011010600,336071165,6500000,SAA908,,,,0.35775712432
SA001,304676,WT2021080329,1,0.00,0.00,1998/HI-3P/Ø50/L0.4/D,19980101,MOP032,50.0,0.37,JHT904,0.0,0.0,0.0,IQT004,5011056000,5011010600,336071165,6500000,SAA908,,,,0.37386742303
SA001,304707,WT2021080329,1,0.00,0.00,2002/HI-3P/Ø50/L1.9/D,20020101,MOP032,50.0,1.93,JHT904,0.0,0.0,0.0,IQT004,5011056000,5011010600,336071164,6500000,SAA908,,,,1.92516198981
SA001,304712,WT2021080329,1,0.00,0.00,2003/HI-3P/Ø50/L1.4/D,20030101,MOP032,50.0,1.38,JHT904,0.0,0.0,0.0,IQT004,5011056000,5011010600,336071164,6500000,SAA908,,,,1.37682211632
SA001,304714,WT2021080329,1,0.00,0.00,1997/HI-3P/Ø50/L2.2/D,19970101,MOP032,50.0,2.21,JHT904,0.0,0.0,0.0,IQT004,5011056000,5011010600,336071164,6500000,SAA908,,,,2.20778974089
SA001,304716,WT2021080329,1,0.00,0.00,2002/HI-3P/Ø50/L58.4/D,20020101,MOP032,50.0,58.44,JHT904,0.0,0.0,0.0,IQT004,5011056000,5011010600,336071164,6500000,SAA908,,,,58.43500292400
SA001,304728,WT2021080329,1,0.00,0.00,2002/HI-3P/Ø50/L3.5/D,20020101,MOP032,50.0,3.54,JHT904,0.0,0.0,0.0,IQT004,5011056000,5011010600,336071164,6500000,SAA908,,,,3.54220409632
SA001,304731,WT2021080329,1,0.00,0.00,2002/HI-3P/Ø80/L0.9/D,20020101,MOP032,80.0,0.85,JHT904,0.0,0.0,0.0,IQT004,5011056000,5011010600,336071164,6500000,SAA908,,,,0.85455394798
SA001,304735,WT2021080329,1,0.00,0.00,2002/HI-3P/Ø50/L1.0/D,20020101,MOP032,50.0,1.0,JHT904,0.0,0.0,0.0,IQT004,5011056000,5011010600,336071164,6500000,SAA908,,,,0.99999406498
SA001,304764,WT2021080329,1,0.00,0.00,2003/HI-3P/Ø80/L64.0/D,20030101,MOP032,80.0,64.04,JHT904,0.0,0.0,0.0,IQT004,5011056000,5011010600,336071164,6500000,SAA908,,,,64.03869804600
SA001,304767,WT2021080329,1,0.00,0.00,2003/HI-3P/Ø80/L11.0/D,20030101,MOP032,80.0,11.02,JHT904,0.0,0.0,0.0,IQT004,5011056000,5011010600,336071164,6500000,SAA908,,,,11.01737397830
SA001,304768,WT2021080329,1,0.00,0.00,2003/HI-3P/Ø80/L7.2/D,20030101,MOP032,80.0,7.24,JHT904,0.0,0.0,0.0,IQT004,5011056000,5011010600,336071174,6500000,SAA908,,,,7.23998563811
SA001,304781,WT2021080329,1,0.00,0.00,1998/HI-3P/Ø50/L5.8/D,19980101,MOP032,50.0,5.78,JHT904,0.0,0.0,0.0,IQT004,5011056000,5011010600,336071165,6500000,SAA908,,,,5.77913368075
SA001,304790,WT2021080329,1,0.00,0.00,2003/HI-3P/Ø80/L23.7/D,20030101,MOP032,80.0,23.66,JHT904,0.0,0.0,0.0,IQT004,5011056000,5011010600,336071164,6500000,SAA908,,,,23.66225936250
SA001,304796,WT2021080329,1,0.00,0.00,2003/HI-3P/Ø80/L12.2/D,20030101,MOP032,80.0,12.19,JHT904,0.0,0.0,0.0,IQT004,5011056000,5011010600,336071164,6500000,SAA908,,,,12.18989597040
SA001,304899,WT2021080329,1,0.00,0.00,1997/DCIP/Ø80/L0.6/D0.8,19970101,MOP001,80.0,0.58,JHT002,0.80000001,0.80000001,0.80000001,IQT001,5011056000,5011010600,336071175,6500000,SAA004,,,,0.57986377711
SA001,304917,WT2021080329,1,0.00,0.00,1900/DCIP/Ø200/L6.0/D0.8,19000101,MOP001,200.0,6.0,JHT002,0.80000001,0.80000001,0.80000001,IQT001,5011056000,5011010600,336071174,6500000,SAA004,,,,6.00478126720
SA001,304922,WT2021080329,1,0.00,0.00,1993/DCIP/Ø150/L2.2/D0.8,19930101,MOP001,150.0,2.22,JHT002,0.80000001,0.80000001,0.80000001,IQT001,5011056000,5011010600,336071175,6500000,SAA004,,,,2.22012240280
SA001,304927,WT2021080329,1,0.00,0.00,1988/DCIP/Ø80/L60.8/D0.9,19880101,MOP001,80.0,60.8,JHT002,0.80000001,1.0,0.87,IQT001,5011056000,5011010600,336071165,6500000,SAA004,,,,60.79861566280
SA001,304940,WT2021080329,1,0.00,0.00,1991/DCIP/Ø100/L0.4/D0.6,19910101,MOP001,100.0,0.38,JHT002,0.60000002,0.60000002,0.60000002,IQT001,5011056000,5011010600,336071164,6500000,SAA004,,,,0.38496233582
SA001,304946,WT2021080329,1,0.00,0.00,1900/DCIP/Ø100/L7.3/D1.0,19000101,MOP001,100.0,7.27,JHT002,1.0,1.0,1.0,IQT001,5011056000,5011010600,336071164,6500000,SAA004,,,,7.27160422465
SA001,304951,WT2021080329,1,0.00,0.00,1993/DCIP/Ø150/L82.5/D0.9,19930101,MOP001,150.0,82.54,JHT002,0.69999999,1.0,0.85000002,IQT001,5011056000,5011010600,336071175,6500000,SAA004,,,,82.54267595740
SA001,304961,WT2021080329,1,0.00,0.00,1997/SP/Ø65/L0.3/D0.9,19970101,MOP002,65.0,0.25,JHT903,0.89999998,0.89999998,0.89999998,IQT001,5011056000,5011010600,336071164,6500000,SAA004,,,,0.24648326515
SA001,304976,WT2021080329,1,0.00,0.00,1997/DCIP/Ø80/L6.4/D0.7,19970101,MOP001,80.0,6.37,JHT002,0.69999999,0.80000001,0.73000002,IQT001,5011056000,5011010600,336071174,6500000,SAA004,,,,6.37310655014
SA001,304979,WT2021080329,1,0.00,0.00,1997/DCIP/Ø100/L6.8/D0.9,19970101,MOP001,100.0,6.82,JHT002,0.89999998,0.89999998,0.89999998,IQT001,5011056000,5011010600,336071174,6500000,SAA004,,,,6.81970475901
SA001,304982,WT2021080329,1,0.00,0.00,1994/DCIP/Ø150/L11.7/D1.3,19940101,MOP001,150.0,11.7,JHT002,1.29999995,1.29999995,1.29999995,IQT001,5011056000,5011010600,336071174,6500000,SAA004,,,,11.69984306020
SA001,304985,WT2021080329,1,0.00,0.00,1994/DCIP/Ø150/L0.4/D1.3,19940101,MOP001,150.0,0.39,JHT002,1.29999995,1.29999995,1.29999995,IQT001,5011056000,5011010600,336071174,6500000,SAA004,,,,0.39080046059
SA001,305000,WT2021080329,1,0.00,0.00,1988/DCIP/Ø80/L0.3/D0.9,19880101,MOP001,80.0,0.31,JHT002,0.89999998,0.89999998,0.89999998,IQT001,5011056000,5011010600,336071165,6500000,SAA004,,,,0.30996774026
SA001,305001,WT2021080329,1,0.00,0.00,1988/DCIP/Ø80/L3.4/D0.9,19880101,MOP001,80.0,3.43,JHT002,0.89999998,0.89999998,0.89999998,IQT001,5011056000,5011010600,336071165,6500000,SAA004,,,,3.42712307402
SA001,21495,,1,0.00,0.00,1997/HI-3P/Ø80/L5.9/D0.6,19971211,MOP032,80.0,5.94,JHT904,0.6,0.6,0.6,IQT001,5011051000,5011010100,336071165,6500000,SAA004,,,,5.93541910904
SA001,2574,0,1,0.00,0.00,1900/DCIP/Ø80/L25.8/D,19000101,MOP001,80.0,25.8,JHT002,0.0,0.0,0.0,IQT904,5011059000,5011010700,336071165,6500000,SAA004,,,,25.79776753910
SA001,18814,19971211001,1,0.00,0.00,1997/DCIP/Ø150/L5.1/D,19971211,MOP001,150.0,5.1,JHT002,0.0,0.0,0.0,IQT904,5011051000,5011010100,336071165,6500000,SAA004,,,,5.10077487858
SA001,701489,WT2020080179,1,0.00,0.00,1999/DCIP/Ø100/L11.6/D0.8,19990101,MOP001,100.0,11.59,JHT002,0.80000001,0.80000001,0.80000001,IQT001,5011051000,5011010100,336071175,6500000,SAA004,,,,11.58900766920
SA001,304333,WT2021080329,1,0.00,0.00,1997/DCIP/Ø80/L0.3/D0.7,19970101,MOP001,80.0,0.25,JHT002,0.69999999,0.69999999,0.69999999,IQT001,5011051000,5011010100,336071175,6500000,SAA004,,,,0.25054540507
SA001,304334,WT2021080329,1,0.00,0.00,1997/DCIP/Ø80/L0.3/D0.7,19970101,MOP001,80.0,0.28,JHT002,0.69999999,0.69999999,0.69999999,IQT001,5011051000,5011010100,336071175,6500000,SAA004,,,,0.28441694746
SA001,304335,WT2021080329,1,0.00,0.00,1997/DCIP/Ø80/L5.6/D0.8,19970101,MOP001,80.0,5.58,JHT002,0.69999999,0.89999998,0.80000001,IQT001,5011051000,5011010100,336071175,6500000,SAA004,,,,5.57500665682
SA001,304389,WT2021080329,1,0.00,0.00,1900/SP/Ø65/L26.7/D0.8,19000101,MOP002,65.0,26.73,JHT903,0.69999999,0.89999998,0.81999999,IQT001,5011056000,5011010600,336071174,6500000,SAA004,,,,26.72522212340
SA001,304390,WT2021080329,1,0.00,0.00,1997/DCIP/Ø80/L27.8/D,19970101,MOP001,80.0,27.77,JHT002,0.0,0.0,0.0,IQT904,5011056000,5011010600,336071165,6500000,SAA908,,,,27.77083696840
SA001,304401,WT2021080329,1,0.00,0.00,1997/DCIP/Ø80/L26.2/D0.7,19970101,MOP001,80.0,26.21,JHT002,0.69999999,0.69999999,0.69999999,IQT001,5011059000,5011010700,336071165,6500000,SAA004,,,,26.20943286420
SA001,304404,WT2021080329,1,0.00,0.00,2002/HI-3P/Ø80/L2.4/D,20020101,MOP032,80.0,2.4,JHT904,0.0,0.0,0.0,IQT004,5011056000,5011010600,336071164,6500000,SAA908,,,,2.39530965848
SA001,304435,WT2021080329,1,0.00,0.00,1997/DCIP/Ø80/L1.0/D,19970101,MOP001,80.0,1.0,JHT002,0.0,0.0,0.0,IQT904,5011056000,5011010600,336071165,6500000,SAA908,,,,1.00002950456
SA001,304441,WT2021080329,1,0.00,0.00,1988/DCIP/Ø80/L1.4/D,19880101,MOP001,80.0,1.43,JHT002,0.0,0.0,0.0,IQT904,5011056000,5011010600,336071165,6500000,SAA908,,,,1.42639821462
SA001,304445,WT2021080329,1,0.00,0.00,1997/DCIP/Ø100/L46.5/D,19970101,MOP001,100.0,46.48,JHT002,0.0,0.0,0.0,IQT904,5011056000,5011010600,336071175,6500000,SAA908,,,,46.48073440950
SA001,304451,WT2021080329,1,0.00,0.00,1900/DCIP/Ø150/L26.6/D,19000101,MOP001,150.0,26.61,JHT002,0.0,0.0,0.0,IQT904,5011056000,5011010600,336071174,6500000,SAA908,,,,26.61335611170
SA001,304454,WT2021080329,1,0.00,0.00,1900/DCIP/Ø80/L40.7/D,19000101,MOP001,80.0,40.71,JHT002,0.0,0.0,0.0,IQT904,5011056000,5011010600,336071175,6500000,SAA908,,,,40.71151057630
SA001,304483,WT2021080329,1,0.00,0.00,1994/PE/Ø400/L6.0/D,19940101,MOP028,400.0,6.02,JHT910,0.0,0.0,0.0,IQT004,5011056000,5011010600,336071174,6500000,SAA908,,,,6.02484109645
SA001,304487,WT2021080329,1,0.00,0.00,1996/HI-3P/Ø50/L0.3/D,19960101,MOP032,50.0,0.34,JHT904,0.0,0.0,0.0,IQT004,5011056000,5011010600,336071165,6500000,SAA908,,,,0.34080647001
SA001,304492,WT2021080329,1,0.00,0.00,1997/HI-3P/Ø80/L3.0/D,19970101,MOP032,80.0,3.01,JHT904,0.0,0.0,0.0,IQT004,5011056000,5011010600,336071175,6500000,SAA908,,,,3.00600862607
SA001,304509,WT2021080329,1,0.00,0.00,2002/HI-3P/Ø80/L2.0/D,20020101,MOP032,80.0,2.02,JHT904,0.0,0.0,0.0,IQT004,5011056000,5011010600,336071164,6500000,SAA908,,,,2.02471341228
SA001,304517,WT2021080329,1,0.00,0.00,1900/HI-3P/Ø50/L52.5/D,19000101,MOP032,50.0,52.53,JHT904,0.0,0.0,0.0,IQT004,5011056000,5011010600,336071174,6500000,SAA908,,,,52.53037169450
SA001,304518,WT2021080329,1,0.00,0.00,1900/HI-3P/Ø50/L5.7/D,19000101,MOP032,50.0,5.65,JHT904,0.0,0.0,0.0,IQT004,5011056000,5011010600,336071174,6500000,SAA908,,,,5.64770186458
SA001,304519,WT2021080329,1,0.00,0.00,2010/HI-3P/Ø50/L15.2/D,20100101,MOP032,50.0,15.24,JHT904,0.0,0.0,0.0,IQT004,5011056000,5011010600,336071174,6500000,SAA908,,,,15.24457022100
SA001,304524,WT2021080329,1,0.00,0.00,2003/HI-3P/Ø80/L1.6/D,20030101,MOP032,80.0,1.55,JHT904,0.0,0.0,0.0,IQT004,5011056000,5011010600,336071174,6500000,SAA908,,,,1.55038377380
SA001,304525,WT2021080329,1,0.00,0.00,1997/DCIP/Ø80/L1.3/D0.6,19970101,MOP001,80.0,1.36,JHT002,0.60000002,0.60000002,0.60000002,IQT001,5011056000,5011010600,336071175,6500000,SAA004,,,,1.35503689987
SA001,304528,WT2021080329,1,0.00,0.00,2002/HI-3P/Ø50/L1.0/D,20020101,MOP032,50.0,0.95,JHT904,0.0,0.0,0.0,IQT004,5011056000,5011010600,336071174,6500000,SAA908,,,,0.94885512593
SA001,304644,WT2021080329,1,0.00,0.00,2003/HI-3P/Ø80/L0.5/D,20030101,MOP032,80.0,0.53,JHT904,0.0,0.0,0.0,IQT004,5011056000,5011010600,336071164,6500000,SAA908,,,,0.52994378004
SA001,304671,WT2021080329,1,0.00,0.00,1997/HI-3P/Ø50/L82.5/D,19970101,MOP032,50.0,82.49,JHT904,0.0,0.0,0.0,IQT004,5011056000,5011010600,336071165,6500000,SAA908,3-가온,,,82.49378880590
SA001,304694,WT2021080329,1,0.00,0.00,1994/PE/Ø100/L2.7/D,19940101,MOP028,100.0,2.66,JHT910,0.0,0.0,0.0,IQT004,5011056000,5011010600,336071174,6500000,SAA913,,,,2.65805444828
SA001,304697,WT2021080329,1,0.00,0.00,2002/HI-3P/Ø50/L2.9/D,20020101,MOP032,50.0,2.92,JHT904,0.0,0.0,0.0,IQT004,5011056000,5011010600,336071164,6500000,SAA908,,,,2.91566758810
SA001,304700,WT2021080329,1,0.00,0.00,2002/HI-3P/Ø50/L102.9/D,20020101,MOP032,50.0,102.91,JHT904,0.0,0.0,0.0,IQT004,5011056000,5011010600,336071164,6500000,SAA908,,,,102.90991279800
SA001,304703,WT2021080329,1,0.00,0.00,2003/HI-3P/Ø50/L3.3/D,20030101,MOP032,50.0,3.32,JHT904,0.0,0.0,0.0,IQT004,5011056000,5011010600,336071164,6500000,SAA908,,,,3.32144439966
SA001,304721,WT2021080329,1,0.00,0.00,1999/HI-3P/Ø50/L99.6/D,19990101,MOP032,50.0,99.55,JHT904,0.0,0.0,0.0,IQT004,5011056000,5011010600,336071164,6500000,SAA908,,,,99.54856560280
SA001,304725,WT2021080329,1,0.00,0.00,2002/HI-3P/Ø80/L2.4/D,20020101,MOP032,80.0,2.44,JHT904,0.0,0.0,0.0,IQT004,5011056000,5011010600,336071164,6500000,SAA908,,,,2.44340210772
SA001,304738,WT2021080329,1,0.00,0.00,2002/HI-3P/Ø80/L0.6/D,20020101,MOP032,80.0,0.61,JHT904,0.0,0.0,0.0,IQT004,5011056000,5011010600,336071164,6500000,SAA908,,,,0.60691028991
SA001,304740,WT2021080329,1,0.00,0.00,1997/HI-3P/Ø50/L8.1/D,19970101,MOP032,50.0,8.13,JHT904,0.0,0.0,0.0,IQT004,5011056000,5011010600,336071174,6500000,SAA908,,,,8.12936190721
SA001,304743,WT2021080329,1,0.00,0.00,2012/HI-3P/Ø80/L56.9/D,20120101,MOP032,80.0,56.9,JHT904,0.0,0.0,0.0,IQT004,5011056000,5011010600,336071165,6500000,SAA908,,,,56.89681732560
SA001,304746,WT2021080329,1,0.00,0.00,2012/HI-3P/Ø80/L131.1/D,20120101,MOP032,80.0,131.13,JHT904,0.0,0.0,0.0,IQT004,5011056000,5011010600,336071165,6500000,SAA908,,,,131.13038860000
SA001,304752,WT2021080329,1,0.00,0.00,2003/HI-3P/Ø50/L5.9/D,20030101,MOP032,50.0,5.88,JHT904,0.0,0.0,0.0,IQT004,5011056000,5011010600,336071164,6500000,SAA908,,,,5.88138489568
SA001,304759,WT2021080329,1,0.00,0.00,1998/HI-3P/Ø50/L42.1/D,19980101,MOP032,50.0,42.08,JHT904,0.0,0.0,0.0,IQT004,5011056000,5011010600,336071165,6500000,SAA908,,,,42.07553887190
SA001,304762,WT2021080329,1,0.00,0.00,2003/HI-3P/Ø80/L53.8/D,20030101,MOP032,80.0,53.81,JHT904,0.0,0.0,0.0,IQT004,5011056000,5011010600,336071164,6500000,SAA908,,,,53.81157643290
SA001,304763,WT2021080329,1,0.00,0.00,2003/HI-3P/Ø80/L4.1/D,20030101,MOP032,80.0,4.09,JHT904,0.0,0.0,0.0,IQT004,5011056000,5011010600,336071164,6500000,SAA908,,,,4.09488781142
SA001,304766,WT2021080329,1,0.00,0.00,2003/HI-3P/Ø80/L0.8/D,20030101,MOP032,80.0,0.79,JHT904,0.0,0.0,0.0,IQT004,5011056000,5011010600,336071164,6500000,SAA908,,,,0.78629448046
SA001,304780,WT2021080329,1,0.00,0.00,2012/HI-3P/Ø80/L45.5/D,20120101,MOP032,80.0,45.49,JHT904,0.0,0.0,0.0,IQT004,5011056000,5011010600,336071165,6500000,SAA908,,,,45.49151262740
SA001,304809,WT2021080329,1,0.00,0.00,2012/HI-3P/Ø80/L1.0/D,20120101,MOP032,80.0,1.03,JHT904,0.0,0.0,0.0,IQT004,5011056000,5011010600,336071165,6500000,SAA908,,,,1.03197198605
SA001,304813,WT2021080329,1,0.00,0.00,1900/HI-3P/Ø50/L49.3/D,19000101,MOP032,50.0,49.31,JHT904,0.0,0.0,0.0,IQT004,5011056000,5011010600,336071164,6500000,SAA908,,,,49.30722693700
SA001,304815,WT2021080329,1,0.00,0.00,1900/HI-3P/Ø50/L63.4/D,19000101,MOP032,50.0,63.43,JHT904,0.0,0.0,0.0,IQT004,5011056000,5011010600,336071164,6500000,SAA908,,,,63.43419547000
SA001,304827,WT2021080329,1,0.00,0.00,1997/DCIP/Ø100/L0.5/D0.8,19970101,MOP001,100.0,0.5,JHT002,0.80000001,0.80000001,0.80000001,IQT001,5011056000,5011010600,336071175,6500000,SAA004,,,,0.50406348807
SA001,304830,WT2021080329,1,0.00,0.00,1997/DCIP/Ø80/L0.5/D0.8,19970101,MOP001,80.0,0.46,JHT002,0.80000001,0.80000001,0.80000001,IQT001,5011056000,5011010600,336071174,6500000,SAA913,,,,0.45648329652
SA001,304863,WT2021080329,1,0.00,0.00,1993/DCIP/Ø80/L0.4/D0.8,19930101,MOP001,80.0,0.35,JHT002,0.80000001,0.80000001,0.80000001,IQT001,5011056000,5011010600,336071165,6500000,SAA913,,,,0.34810630560
SA001,304871,WT2021080329,1,0.00,0.00,1900/DCIP/Ø80/L4.3/D0.6,19000101,MOP001,80.0,4.34,JHT002,0.5,0.60000002,0.55000001,IQT001,5011056000,5011010600,336071164,6500000,SAA004,,,,4.34006198112
SA001,304892,WT2021080329,1,0.00,0.00,1900/DCIP/Ø200/L0.6/D0.6,19000101,MOP001,200.0,0.64,JHT002,0.60000002,0.60000002,0.60000002,IQT001,5011056000,5011010600,336071175,6500000,SAA004,,,,0.64077219041
SA001,304906,WT2021080329,1,0.00,0.00,1997/DCIP/Ø150/L0.3/D0.7,19970101,MOP001,150.0,0.3,JHT002,0.69999999,0.69999999,0.69999999,IQT001,5011056000,5011010600,336071175,6500000,SAA004,,,,0.29637982388
SA001,304925,WT2021080329,1,0.00,0.00,1988/SP/Ø50/L35.2/D0.8,19880101,MOP002,50.0,35.16,JHT903,0.69999999,1.0,0.83999997,IQT001,5011056000,5011010600,336071165,6500000,SAA004,,,,35.15808026800
SA001,304938,WT2021080329,1,0.00,0.00,1900/SP/Ø50/L0.2/D0.7,19000101,MOP002,50.0,0.22,JHT903,0.69999999,0.69999999,0.69999999,IQT001,5011056000,5011010600,336071164,6500000,SAA004,,,,0.22464416307
SA001,304941,WT2021080329,1,0.00,0.00,1991/DCIP/Ø100/L17.4/D0.7,19910101,MOP001,100.0,17.41,JHT002,0.60000002,0.80000001,0.67000002,IQT001,5011056000,5011010600,336071164,6500000,SAA004,,,,17.41245899620
SA001,304945,WT2021080329,1,0.00,0.00,1900/DCIP/Ø100/L52.7/D0.9,19000101,MOP001,100.0,52.67,JHT002,0.69999999,1.0,0.86000001,IQT001,5011056000,5011010600,336071164,6500000,SAA004,,,,52.66775191200
SA001,304952,WT2021080329,1,0.00,0.00,1900/CIP/Ø100/L0.5/D0.8,19000101,MOP010,100.0,0.46,JHT002,0.80000001,0.80000001,0.80000001,IQT001,5011056000,5011010600,336071175,6500000,SAA004,,,,0.46178999556
SA001,304953,WT2021080329,1,0.00,0.00,1900/CIP/Ø100/L35.5/D0.8,19000101,MOP010,100.0,35.48,JHT002,0.60000002,0.89999998,0.80000001,IQT001,5011056000,5011010600,336071175,6500000,SAA004,,,,35.48418810430
SA001,304963,WT2021080329,1,0.00,0.00,1997/SP/Ø65/L2.7/D1.1,19970101,MOP002,65.0,2.69,JHT903,1.10000002,1.10000002,1.10000002,IQT001,5011056000,5011010600,336071164,6500000,SAA004,,,,2.69297697807
SA001,304971,WT2021080329,1,0.00,0.00,1997/DCIP/Ø80/L109.6/D0.8,19970101,MOP001,80.0,109.57,JHT002,0.5,1.10000002,0.80000001,IQT001,5011056000,5011010600,336071174,6500000,SAA004,,,,109.56914076200
SA001,304973,WT2021080329,1,0.00,0.00,1997/HI-3P/Ø50/L6.8/D,19970101,MOP032,50.0,6.79,JHT904,0.0,0.0,0.0,IQT004,5011056000,5011010600,336071174,6500000,SAA908,,,,6.78730611275
SA001,304974,WT2021080329,1,0.00,0.00,1997/DCIP/Ø80/L78.9/D0.7,19970101,MOP001,80.0,78.85,JHT002,0.60000002,0.80000001,0.69999999,IQT001,5011056000,5011010600,336071174,6500000,SAA004,,,,78.84703962170
SA001,304988,WT2021080329,1,0.00,0.00,1994/DCIP/Ø150/L0.6/D1.3,19940101,MOP001,150.0,0.55,JHT002,1.29999995,1.29999995,1.29999995,IQT001,5011056000,5011010600,336071174,6500000,SAA004,,,,0.54912657922
SA001,304997,WT2021080329,1,0.00,0.00,1997/DCIP/Ø150/L66.6/D1.1,19970101,MOP001,150.0,66.56,JHT002,0.89999998,1.29999995,1.12,IQT001,5011051000,5011010100,336071165,6500000,SAA004,,,,66.56417379440
SA001,701463,WT2020080179,1,0.00,0.00,1997/DCIP/Ø150/L4.1/D0.9,19971211,MOP001,150.0,4.11,JHT002,0.89999998,0.89999998,0.89999998,IQT001,5011051000,5011010100,336071175,6500000,SAA004,,,,4.11401421971
SA001,701468,WT2020080179,1,0.00,0.00,1997/DCIP/Ø80/L0.3/D0.6,19970101,MOP001,80.0,0.33,JHT002,0.60000002,0.60000002,0.60000002,IQT001,5011051000,5011010100,336071175,6500000,SAA004,3-제이에스아이시스템,,,0.33457795803
SA001,701493,WT2020080179,1,0.00,0.00,1999/DCIP/Ø100/L51.8/D0.9,19990101,MOP001,100.0,51.8,JHT002,0.80000001,1.0,0.89999998,IQT001,5011051000,5011010100,336071175,6500000,SAA004,,,,51.79515790880
SA001,701563,WT2020080179,1,0.00,0.00,1900/DCIP/Ø200/L0.4/D0.9,19000101,MOP001,200.0,0.37,JHT002,0.89999998,0.89999998,0.89999998,IQT001,5011056000,5011010600,336071175,6500000,SAA004,,,,0.37144614684
SA001,702194,WT2020080179,1,0.00,0.00,1997/DCIP/Ø150/L0.9/D1.0,19971211,MOP001,150.0,0.89,JHT002,0.80000001,1.10000002,1.0,IQT001,5011051000,5011010100,336071175,6500000,SAA004,,,,0.89168857792
SA001,702844,,1,0.00,0.00,1997/DCIP/Ø80/L0.3/D0.3,19971020,MOP001,80.0,0.33,JHT002,0.30000001,0.30000001,0.30000001,IQT001,5011051000,5011010100,336071165,6500000,SAA004,,,,0.32695565449
SA001,702847,0,1,0.00,0.00,1900/DCIP/Ø80/L79.2/D0.9,19000101,MOP001,80.0,72.69,JHT002,0.8,0.9,0.9,IQT001,5011051000,5011010100,336071165,6500000,SAA004,,,,72.69469444420
SA001,702850,0,1,0.00,0.00,1900/DCIP/Ø80/L10.5/D0.6,19000101,MOP001,80.0,10.46,JHT002,0.0,0.0,0.60000002,IQT001,5011059000,5011010700,336071165,6500000,SAA004,,,,10.45639423100
SA001,304308,WT2021080329,1,0.00,0.00,1998/HI-3P/Ø80/L5.8/D,19980101,MOP032,80.0,5.82,JHT904,0.0,0.0,0.0,IQT004,5011056000,5011010600,336071165,6500000,SAA908,,,,5.81647516628
SA001,304367,WT2021080329,1,0.00,0.00,2003/HI-3P/Ø80/L2.7/D,20030101,MOP032,80.0,2.66,JHT904,0.0,0.0,0.0,IQT004,5011056000,5011010600,336071175,6500000,SAA908,,,,2.65934159883
SA001,304368,WT2021080329,1,0.00,0.00,2003/HI-3P/Ø80/L36.5/D,20030101,MOP032,80.0,36.52,JHT904,0.0,0.0,0.0,IQT004,5011056000,5011010600,336071175,6500000,SAA908,,,,36.52171373340
SA001,304384,WT2021080329,1,0.00,0.00,2001/HI-3P/Ø50/L1.0/D,20010101,MOP032,50.0,1.0,JHT904,0.0,0.0,0.0,IQT004,5011056000,5011010600,336071175,6500000,SAA908,,,,0.99996804449
SA001,304386,WT2021080329,1,0.00,0.00,1997/DCIP/Ø100/L65.6/D,19970101,MOP001,100.0,65.56,JHT002,0.0,0.0,0.0,IQT904,5011056000,5011010600,336071175,6500000,SAA908,,,,65.55692633610
SA001,304393,WT2021080329,1,0.00,0.00,1999/HI-3P/Ø80/L4.7/D,19990101,MOP032,80.0,4.67,JHT904,0.0,0.0,0.0,IQT004,5011056000,5011010600,336071165,6500000,SAA908,,,,4.66741568602
SA001,304396,WT2021080329,1,0.00,0.00,1998/HI-3P/Ø80/L54.1/D,19980101,MOP032,80.0,54.14,JHT904,0.0,0.0,0.0,IQT004,5011056000,5011010600,336071165,6500000,SAA908,,,,54.14402467540
SA001,304399,WT2021080329,1,0.00,0.00,1988/SP/Ø50/L0.7/D,19880101,MOP002,50.0,0.72,JHT903,0.0,0.0,0.0,IQT904,5011056000,5011010600,336071165,6500000,SAA908,,,,0.71875634954
SA001,304403,WT2021080329,1,0.00,0.00,2002/HI-3P/Ø80/L1.0/D,20020101,MOP032,80.0,1.0,JHT904,0.0,0.0,0.0,IQT004,5011056000,5011010600,336071164,6500000,SAA908,,,,1.00000194000
SA001,304433,WT2021080329,1,0.00,0.00,1900/SP/Ø50/L64.6/D,19000101,MOP002,50.0,64.55,JHT903,0.0,0.0,0.0,IQT904,5011056000,5011010600,336071165,6500000,SAA908,,,,64.55111968550
SA001,304452,WT2021080329,1,0.00,0.00,1900/DCIP/Ø125/L96.6/D,19000101,MOP001,125.0,96.6,JHT002,0.0,0.0,0.0,IQT904,5011056000,5011010600,336071174,6500000,SAA908,,,,96.59766554640
SA001,304475,WT2021080329,1,0.00,0.00,1900/SP/Ø50/L26.2/D,19000101,MOP002,50.0,26.19,JHT903,0.0,0.0,0.0,IQT904,5011056000,5011010600,336071164,6500000,SAA908,,,,26.18978661720
SA001,304484,WT2021080329,1,0.00,0.00,2000/HI-3P/Ø50/L0.7/D,20000101,MOP032,50.0,0.7,JHT904,0.0,0.0,0.0,IQT004,5011056000,5011010600,336071174,6500000,SAA908,,,,0.69922766679
SA001,304510,WT2021080329,1,0.00,0.00,1994/PFP/Ø50/L0.3/D0.5,19940101,MOP921,50.0,0.31,JHT092,0.5,0.5,0.5,IQT001,5011056000,5011010600,336071164,6500000,SAA004,,,,0.30612415782
SA001,304522,WT2021080329,1,0.00,0.00,1998/HI-3P/Ø50/L55.0/D,19980101,MOP032,50.0,55.04,JHT904,0.0,0.0,0.0,IQT004,5011056000,5011010600,336071174,6500000,SAA908,,,,55.04185519760
SA001,304531,WT2021080329,1,0.00,0.00,2008/HI-3P/Ø50/L56.0/D,20080101,MOP032,50.0,56.02,JHT904,0.0,0.0,0.0,IQT004,5011056000,5011010600,336071174,6500000,SAA908,,,,56.01554037510
SA001,304641,WT2021080329,1,0.00,0.00,1996/HI-3P/Ø50/L36.8/D,19960101,MOP032,50.0,36.82,JHT904,0.0,0.0,0.0,IQT004,5011056000,5011010600,336071165,6500000,SAA908,,,,36.82402435870
SA001,304651,WT2021080329,1,0.00,0.00,2010/HI-3P/Ø50/L0.4/D1.2,20100101,MOP032,50.0,0.42,JHT904,1.20000005,1.20000005,1.20000005,IQT001,5011056000,5011010600,336071174,6500000,SAA004,,,,0.41889616852
SA001,304660,WT2021080329,1,0.00,0.00,2002/HI-3P/Ø50/L0.8/D,20020101,MOP032,50.0,0.75,JHT904,0.0,0.0,0.0,IQT004,5011056000,5011010600,336071165,6500000,SAA908,,,,0.75163143229
SA001,304661,WT2021080329,1,0.00,0.00,2002/HI-3P/Ø50/L24.8/D,20020101,MOP032,50.0,24.75,JHT904,0.0,0.0,0.0,IQT004,5011056000,5011010600,336071165,6500000,SAA908,,,,24.74946789920
SA001,304663,WT2021080329,1,0.00,0.00,2002/HI-3P/Ø50/L0.6/D,20020101,MOP032,50.0,0.63,JHT904,0.0,0.0,0.0,IQT004,5011056000,5011010600,336071165,6500000,SAA908,,,,0.63323203488
SA001,304665,WT2021080329,1,0.00,0.00,2002/HI-3P/Ø50/L53.9/D,20020101,MOP032,50.0,53.91,JHT904,0.0,0.0,0.0,IQT004,5011056000,5011010600,336071165,6500000,SAA908,,,,53.91467489960
SA001,304670,WT2021080329,1,0.00,0.00,2012/HI-3P/Ø80/L0.9/D,20120101,MOP032,80.0,0.86,JHT904,0.0,0.0,0.0,IQT004,5011056000,5011010600,336071165,6500000,SAA908,,,,0.85806088945
SA001,304680,WT2021080329,1,0.00,0.00,2003/HI-3P/Ø50/L1.7/D,20030101,MOP032,50.0,1.65,JHT904,0.0,0.0,0.0,IQT004,5011056000,5011010600,336071164,6500000,SAA908,,,,1.65436906402
SA001,304687,WT2021080329,1,0.00,0.00,1997/HI-3P/Ø50/L0.3/D0.7,19970101,MOP032,50.0,0.31,JHT904,0.69999999,0.69999999,0.69999999,IQT001,5011056000,5011010600,336071174,6500000,SAA004,,,,0.31120732639
SA001,304688,WT2021080329,1,0.00,0.00,1994/PFP/Ø50/L39.9/D,19940101,MOP921,50.0,39.94,JHT092,0.0,0.0,0.0,IQT004,5011056000,5011010600,336071174,6500000,SAA908,,,,39.94441402500
SA001,304693,WT2021080329,1,0.00,0.00,1994/PE/Ø400/L40.4/D,19940101,MOP028,400.0,40.44,JHT910,0.0,0.0,0.0,IQT004,5011057000,5011010800,336071174,6500000,SAA908,,,,40.44103934460
SA001,304695,WT2021080329,1,0.00,0.00,2002/HI-3P/Ø50/L0.2/D,20020101,MOP032,50.0,0.24,JHT904,0.0,0.0,0.0,IQT004,5011056000,5011010600,336071174,6500000,SAA908,,,,0.23624478830
SA001,304702,WT2021080329,1,0.00,0.00,2003/HI-3P/Ø50/L0.3/D,20030101,MOP032,50.0,0.31,JHT904,0.0,0.0,0.0,IQT004,5011056000,5011010600,336071164,6500000,SAA908,,,,0.30649257740
SA001,304705,WT2021080329,1,0.00,0.00,2002/HI-3P/Ø50/L59.0/D,20020101,MOP032,50.0,58.99,JHT904,0.0,0.0,0.0,IQT004,5011056000,5011010600,336071164,6500000,SAA908,,,,58.98986207830
SA001,304706,WT2021080329,1,0.00,0.00,2002/HI-3P/Ø50/L0.4/D0.6,20020101,MOP032,50.0,0.38,JHT904,0.60000002,0.60000002,0.60000002,IQT001,5011056000,5011010600,336071164,6500000,SAA004,,,,0.38442684610
SA001,304723,WT2021080329,1,0.00,0.00,2002/HI-3P/Ø50/L1.2/D,20020101,MOP032,50.0,1.17,JHT904,0.0,0.0,0.0,IQT004,5011056000,5011010600,336071164,6500000,SAA908,,,,1.17118627468
SA001,304724,WT2021080329,1,0.00,0.00,2002/HI-3P/Ø80/L0.5/D,20020101,MOP032,80.0,0.5,JHT904,0.0,0.0,0.0,IQT004,5011056000,5011010600,336071164,6500000,SAA908,,,,0.50340490661
SA001,304732,WT2021080329,1,0.00,0.00,2002/HI-3P/Ø80/L3.2/D,20020101,MOP032,80.0,3.2,JHT904,0.0,0.0,0.0,IQT004,5011056000,5011010600,336071164,6500000,SAA908,,,,3.20211786167
SA001,304749,WT2021080329,1,0.00,0.00,1998/HI-3P/Ø80/L137.4/D,19980101,MOP032,80.0,137.42,JHT904,0.0,0.0,0.0,IQT004,5011056000,5011010600,336071165,6500000,SAA908,,,,137.41679940200
SA001,304760,WT2021080329,1,0.00,0.00,2003/HI-3P/Ø80/L4.0/D,20030101,MOP032,80.0,3.99,JHT904,0.0,0.0,0.0,IQT004,5011056000,5011010600,336071164,6500000,SAA908,,,,3.99356292300
SA001,304761,WT2021080329,1,0.00,0.00,2003/HI-3P/Ø80/L0.4/D,20030101,MOP032,80.0,0.38,JHT904,0.0,0.0,0.0,IQT004,5011056000,5011010600,336071164,6500000,SAA908,,,,0.37820313325
SA001,304772,WT2021080329,1,0.00,0.00,2010/HI-3P/Ø50/L34.2/D,20100101,MOP032,50.0,34.23,JHT904,0.0,0.0,0.0,IQT004,5011056000,5011010600,336071164,6500000,SAA908,,,,34.23228429890
SA001,304789,WT2021080329,1,0.00,0.00,2003/HI-3P/Ø80/L6.6/D,20030101,MOP032,80.0,6.6,JHT904,0.0,0.0,0.0,IQT004,5011056000,5011010600,336071164,6500000,SAA908,,,,6.59926775228
SA001,304794,WT2021080329,1,0.00,0.00,2003/HI-3P/Ø80/L46.1/D,20030101,MOP032,80.0,46.05,JHT904,0.0,0.0,0.0,IQT004,5011056000,5011010600,336071164,6500000,SAA908,,,,46.04838846520
SA001,304816,WT2021080329,1,0.00,0.00,1900/HI-3P/Ø50/L4.3/D,19000101,MOP032,50.0,4.32,JHT904,0.0,0.0,0.0,IQT004,5011056000,5011010600,336071164,6500000,SAA908,,,,4.32290025793
SA001,304817,WT2021080329,1,0.00,0.00,1900/HI-3P/Ø50/L35.7/D,19000101,MOP032,50.0,35.71,JHT904,0.0,0.0,0.0,IQT004,5011056000,5011010600,336071164,6500000,SAA908,,,,35.71229601410
SA001,304873,WT2021080329,1,0.00,0.00,1900/DCIP/Ø80/L38.2/D0.5,19000101,MOP001,80.0,38.24,JHT002,0.40000001,0.60000002,0.47999999,IQT001,5011056000,5011010600,336071164,6500000,SAA004,,,,38.23600352220
SA001,304884,WT2021080329,1,0.00,0.00,1900/DCIP/Ø125/L35.6/D0.9,19000101,MOP001,125.0,35.64,JHT002,0.69999999,1.20000005,0.89999998,IQT001,5011056000,5011010600,336071174,6500000,SAA004,,,,35.64370594830
SA001,304901,WT2021080329,1,0.00,0.00,1997/DCIP/Ø100/L0.4/D0.8,19970101,MOP001,100.0,0.42,JHT002,0.80000001,0.80000001,0.80000001,IQT001,5011056000,5011010600,336071175,6500000,SAA004,,,,0.41899403337
SA001,304903,WT2021080329,1,0.00,0.00,1997/DCIP/Ø100/L83.7/D0.7,19970101,MOP001,100.0,83.69,JHT002,0.5,0.80000001,0.68000001,IQT001,5011056000,5011010600,336071175,6500000,SAA004,,,,83.68809572530
SA001,304910,WT2021080329,1,0.00,0.00,1997/DCIP/Ø100/L132.7/D0.6,19970101,MOP001,100.0,132.74,JHT002,0.40000001,0.80000001,0.63,IQT001,5011056000,5011010600,336071175,6500000,SAA004,,,,132.73932781100
SA001,304914,WT2021080329,1,0.00,0.00,1997/DCIP/Ø150/L0.4/D0.8,19970101,MOP001,150.0,0.39,JHT002,0.80000001,0.80000001,0.80000001,IQT001,5011056000,5011010600,336071175,6500000,SAA004,,,,0.39041516364
SA001,304918,WT2021080329,1,0.00,0.00,1997/DCIP/Ø80/L75.8/D0.6,19970101,MOP001,80.0,75.84,JHT002,0.5,0.60000002,0.55000001,IQT001,5011056000,5011010600,336071175,6500000,SAA004,,,,75.84241861180
SA001,304926,WT2021080329,1,0.00,0.00,1988/DCIP/Ø80/L32.3/D0.7,19880101,MOP001,80.0,32.32,JHT002,0.60000002,0.89999998,0.74000001,IQT001,5011056000,5011010600,336071165,6500000,SAA004,,,,32.32110498450
SA001,304931,WT2021080329,1,0.00,0.00,1900/DCIP/Ø80/L2.1/D0.6,19000101,MOP001,80.0,2.05,JHT002,0.60000002,0.60000002,0.60000002,IQT001,5011056000,5011010600,336071164,6500000,SAA004,,,,2.05328054586
SA001,304933,WT2021080329,1,0.00,0.00,1900/DCIP/Ø80/L12.4/D0.8,19000101,MOP001,80.0,12.42,JHT002,0.69999999,0.80000001,0.75,IQT001,5011056000,5011010600,336071164,6500000,SAA004,,,,12.41571216020
SA001,304948,WT2021080329,1,0.00,0.00,1900/DCIP/Ø100/L39.8/D1.1,19000101,MOP001,100.0,39.82,JHT002,0.80000001,1.29999995,1.05999994,IQT001,5011056000,5011010600,336071164,6500000,SAA004,,,,39.82224726690
SA001,304955,WT2021080329,1,0.00,0.00,1900/CIP/Ø100/L56.1/D0.7,19000101,MOP010,100.0,56.07,JHT002,0.69999999,0.80000001,0.74000001,IQT001,5011056000,5011010600,336071175,6500000,SAA004,,,,56.07207620100
SA001,304956,WT2021080329,1,0.00,0.00,1900/CIP/Ø100/L5.3/D0.9,19000101,MOP010,100.0,5.27,JHT002,0.80000001,1.0,0.89999998,IQT001,5011056000,5011010600,336071174,6500000,SAA004,,,,5.26658618082
SA001,304966,WT2021080329,1,0.00,0.00,1997/DCIP/Ø80/L44.1/D1.0,19970101,MOP001,80.0,44.11,JHT002,0.89999998,1.20000005,1.01999998,IQT001,5011056000,5011010600,336071164,6500000,SAA004,,,,44.11153363100
SA001,304975,WT2021080329,1,0.00,0.00,1997/DCIP/Ø80/L40.5/D0.8,19970101,MOP001,80.0,40.49,JHT002,0.69999999,0.89999998,0.75999999,IQT001,5011056000,5011010600,336071174,6500000,SAA004,,,,40.48532011690
SA001,304977,WT2021080329,1,0.00,0.00,1997/DCIP/Ø80/L76.0/D0.7,19970101,MOP001,80.0,75.95,JHT002,0.60000002,0.89999998,0.69999999,IQT001,5011056000,5011010600,336071174,6500000,SAA004,,,,75.95117889680
SA001,304981,WT2021080329,1,0.00,0.00,1994/DCIP/Ø150/L0.4/D1.3,19940101,MOP001,150.0,0.43,JHT002,1.29999995,1.29999995,1.29999995,IQT001,5011056000,5011010600,336071174,6500000,SAA004,,,,0.42950785790
SA001,304992,WT2021080329,1,0.00,0.00,1900/DCIP/Ø150/L12.1/D0.8,19000101,MOP001,150.0,12.08,JHT002,0.80000001,0.80000001,0.80000001,IQT001,5011056000,5011010600,336071174,6500000,SAA004,,,,12.08497970420
SA001,304994,WT2021080329,1,0.00,0.00,1900/DCIP/Ø400/L20.6/D1.3,19000101,MOP001,400.0,20.62,JHT002,1.29999995,1.39999998,1.33000004,IQT001,5011056000,5011010600,336071174,6500000,SAA004,,,,20.62104939360
SA001,305005,WT2021080329,1,0.00,0.00,1997/DCIP/Ø150/L3.2/D1.3,19970101,MOP001,150.0,3.15,JHT002,1.29999995,1.29999995,1.29999995,IQT001,5011056000,5011010600,336071165,6500000,SAA004,,,,3.14625626853
SA001,23670,,1,0.00,0.00,1997/HI-3P/Ø80/L3.0/D0.3,19971211,MOP032,80.0,3.0,JHT904,0.3,0.3,0.3,IQT001,5011051000,5011010100,336071165,6500000,SAA004,,,,2.99603070745
SA001,24535,,1,0.00,0.00,1997/DCIP/Ø150/L2.8/D0.3,19971211,MOP001,150.0,2.76,JHT002,0.3,0.3,0.3,IQT001,5011051000,5011010100,336071165,6500000,SAA004,,,,2.76076033368
SA001,7816,0,1,0.00,0.00,1900/DCIP/Ø80/L14.1/D0.6,19000101,MOP001,80.0,14.08,JHT002,0.0,0.0,0.6,IQT001,5011059000,5011010700,336071165,6500000,SAA004,,,,14.08443431880
SA001,21573,0,1,0.00,0.00,1900/DCIP/Ø80/L9.7/D0.8,19000101,MOP001,80.0,9.67,JHT002,0.8,0.8,0.8,IQT001,5011051000,5011010100,336071165,6500000,SAA004,,,,9.66819324446
SA001,21954,0,1,0.00,0.00,1900/DCIP/Ø80/L40.0/D0.6,19000101,MOP001,80.0,40.01,JHT002,0.0,0.0,0.6,IQT001,5011059000,5011010700,336071165,6500000,SAA004,,,,40.01297692220
SA001,400073,0,1,0.00,0.00,1992/DCIP/Ø400/L12.8/D1.0,19920101,MOP001,400.0,12.83,JHT002,0.0,0.0,1.0,IQT001,5011056000,5011010600,336071174,6500000,SAA004,,,,12.83083740410
SA001,701458,WT2020080179,1,0.00,0.00,1997/DCIP/Ø200/L1.3/D0.9,19971211,MOP001,200.0,1.31,JHT002,0.89999998,0.89999998,0.89999998,IQT001,5011051000,5011010100,336071175,6500000,SAA004,,,,1.31353558383
SA001,701462,WT2020080179,1,0.00,0.00,1997/DCIP/Ø200/L5.7/D1.0,19970101,MOP001,200.0,5.74,JHT002,0.80000001,1.10000002,1.0,IQT001,5011051000,5011010100,336071175,6500000,SAA004,,,,5.74097881352
SA001,701477,WT2020080179,1,0.00,0.00,1900/DCIP/Ø80/L45.6/D1.0,19000101,MOP001,80.0,45.58,JHT002,0.80000001,1.10000002,1.0,IQT001,5011051000,5011010100,336071175,6500000,SAA004,,,,45.57940760690
SA001,701479,WT2020080179,1,0.00,0.00,1900/DCIP/Ø80/L0.3/D0.8,19000101,MOP001,80.0,0.28,JHT002,0.80000001,0.80000001,0.80000001,IQT001,5011051000,5011010100,336071175,6500000,SAA004,,,,0.27798823716
SA001,701481,WT2020080179,1,0.00,0.00,1997/DCIP/Ø100/L48.9/D0.7,19970101,MOP001,100.0,48.9,JHT002,0.5,0.89999998,0.69999999,IQT001,5011051000,5011010100,336071175,6500000,SAA004,,,,48.90112533030
SA001,701490,WT2020080179,1,0.00,0.00,1999/DCIP/Ø80/L2.2/D0.8,19990101,MOP001,80.0,2.22,JHT002,0.80000001,0.80000001,0.80000001,IQT001,5011051000,5011010100,336071175,6500000,SAA004,,,,2.21669918798
SA001,701491,WT2020080179,1,0.00,0.00,1999/DCIP/Ø100/L5.5/D0.9,19990101,MOP001,100.0,5.53,JHT002,0.80000001,1.0,0.89999998,IQT001,5011051000,5011010100,336071175,6500000,SAA004,,,,5.53000593218
SA001,701561,WT2020080179,1,0.00,0.00,1900/DCIP/Ø200/L0.5/D0.8,19000101,MOP001,200.0,0.46,JHT002,0.80000001,0.80000001,0.80000001,IQT001,5011056000,5011010600,336071175,6500000,SAA004,,,,0.45847333619
SA001,702085,WT2020080179,1,0.00,0.00,1900/DCIP/Ø80/L11.1/D,19000101,MOP001,80.0,11.06,JHT002,0.0,0.0,0.0,IQT904,5011051000,5011010100,336071175,6500000,SAA004,,,,11.05707443300
SA001,304331,WT2021080329,1,0.00,0.00,1997/DCIP/Ø80/L88.9/D1.0,19970101,MOP001,80.0,88.89,JHT002,0.69999999,1.20000005,0.99000001,IQT001,5011051000,5011010100,336071175,6500000,SAA004,,,,88.88571991590
SA001,304332,WT2021080329,1,0.00,0.00,1997/DCIP/Ø80/L5.8/D0.6,19970101,MOP001,80.0,5.76,JHT002,0.60000002,0.60000002,0.60000002,IQT001,5011051000,5011010100,336071175,6500000,SAA004,,,,5.75635335955
SA001,304340,WT2021080329,1,0.00,0.00,1997/DCIP/Ø80/L2.7/D0.7,19970101,MOP001,80.0,2.71,JHT002,0.69999999,0.69999999,0.69999999,IQT001,5011051000,5011010100,336071175,6500000,SAA004,,,,2.71108926448
SA001,304341,WT2021080329,1,0.00,0.00,1997/DCIP/Ø80/L79.5/D0.7,19970101,MOP001,80.0,79.45,JHT002,0.60000002,0.80000001,0.64999998,IQT001,5011051000,5011010100,336071175,6500000,SAA004,,,,79.44711439010
SA001,304353,WT2021080329,1,0.00,0.00,2017/DCIP/Ø150/L441.6/D,20170101,MOP001,150.0,442.29,JHT002,0.0,0.0,0.0,IQT904,5011051000,5011010100,336071175,6500000,SAA908,,,,442.29375940900
SA001,304370,WT2021080329,1,0.00,0.00,1998/HI-3P/Ø80/L1.3/D,19980101,MOP032,80.0,1.3,JHT904,0.0,0.0,0.0,IQT004,5011056000,5011010600,336071165,6500000,SAA908,,,,1.30258445408
SA001,304371,WT2021080329,1,0.00,0.00,1998/HI-3P/Ø80/L112.7/D,19980101,MOP032,80.0,112.66,JHT904,0.0,0.0,0.0,IQT004,5011056000,5011010600,336071165,6500000,SAA908,,,,112.65618426300
SA001,304372,WT2021080329,1,0.00,0.00,1998/HI-3P/Ø80/L0.2/D,19980101,MOP032,80.0,0.23,JHT904,0.0,0.0,0.0,IQT004,5011056000,5011010600,336071165,6500000,SAA913,,,,0.22932217512
SA001,304394,WT2021080329,1,0.00,0.00,1999/HI-3P/Ø80/L1.6/D,19990101,MOP032,80.0,1.63,JHT904,0.0,0.0,0.0,IQT004,5011056000,5011010600,336071165,6500000,SAA908,,,,1.62740541968
SA001,304409,WT2021080329,1,0.00,0.00,2003/HI-3P/Ø50/L1.1/D,20030101,MOP032,50.0,1.07,JHT904,0.0,0.0,0.0,IQT004,5011056000,5011010600,336071164,6500000,SAA908,,,,1.06716918751
SA001,304416,WT2021080329,1,0.00,0.00,1900/SP/Ø80/L6.7/D,19000101,MOP002,80.0,6.74,JHT903,0.0,0.0,0.0,IQT904,5011056000,5011010600,336071174,6500000,SAA908,,,,6.74201836619
SA001,304434,WT2021080329,1,0.00,0.00,1900/SP/Ø65/L92.3/D,19000101,MOP002,65.0,92.29,JHT903,0.0,0.0,0.0,IQT904,5011056000,5011010600,336071174,6500000,SAA908,,,,92.29012329660
SA001,304447,WT2021080329,1,0.00,0.00,1900/DCIP/Ø200/L91.2/D0.9,19000101,MOP001,200.0,91.16,JHT002,0.80000001,1.0,0.92000002,IQT001,5011056000,5011010600,336071175,6500000,SAA004,,,,91.16008780940
SA001,304448,WT2021080329,1,0.00,0.00,1900/DCIP/Ø200/L28.7/D,19000101,MOP001,200.0,28.65,JHT002,0.0,0.0,0.0,IQT904,5011056000,5011010600,336071175,6500000,SAA908,,,,28.65436982870
SA001,304453,WT2021080329,1,0.00,0.00,1900/DCIP/Ø200/L25.7/D,19000101,MOP001,200.0,25.72,JHT002,0.0,0.0,0.0,IQT904,5011056000,5011010600,336071175,6500000,SAA908,,,,25.71711710380
SA001,304459,WT2021080329,1,0.00,0.00,1900/DCIP/Ø80/L70.8/D,19000101,MOP001,80.0,70.76,JHT002,0.0,0.0,0.0,IQT904,5011056000,5011010600,336071164,6500000,SAA908,,,,70.76372938510
SA001,304482,WT2021080329,1,0.00,0.00,1994/PFP/Ø50/L1.1/D0.7,19940101,MOP921,50.0,1.05,JHT092,0.69999999,0.69999999,0.69999999,IQT001,5011056000,5011010600,336071174,6500000,SAA004,,,,1.04598326946
SA001,304486,WT2021080329,1,0.00,0.00,1998/HI-3P/Ø50/L6.1/D,19980101,MOP032,50.0,6.06,JHT904,0.0,0.0,0.0,IQT004,5011056000,5011010600,336071165,6500000,SAA908,,,,6.05771175016
SA001,304507,WT2021080329,1,0.00,0.00,2003/HI-3P/Ø80/L0.2/D0.8,20030101,MOP032,80.0,0.24,JHT904,0.80000001,0.80000001,0.80000001,IQT001,5011056000,5011010600,336071175,6500000,SAA004,,,,0.24273854247
SA001,304512,WT2021080329,1,0.00,0.00,1998/HI-3P/Ø50/L0.6/D,19980101,MOP032,50.0,0.64,JHT904,0.0,0.0,0.0,IQT004,5011056000,5011010600,336071165,6500000,SAA908,,,,0.64453761721
SA001,304513,WT2021080329,1,0.00,0.00,1999/HI-3P/Ø80/L0.5/D,19990101,MOP032,80.0,0.48,JHT904,0.0,0.0,0.0,IQT004,5011056000,5011010600,336071165,6500000,SAA908,,,,0.48285924450
SA001,304533,WT2021080329,1,0.00,0.00,2002/HI-3P/Ø50/L1.2/D,20020101,MOP032,50.0,1.21,JHT904,0.0,0.0,0.0,IQT004,5011056000,5011010600,336071174,6500000,SAA908,,,,1.20896984660
SA001,304639,WT2021080329,1,0.00,0.00,2012/HI-3P/Ø80/L43.6/D,20120101,MOP032,80.0,43.62,JHT904,0.0,0.0,0.0,IQT004,5011056000,5011010600,336071165,6500000,SAA908,,,,43.61819597490
SA001,304654,WT2021080329,1,0.00,0.00,2010/HI-3P/Ø50/L0.3/D0.7,20100101,MOP032,50.0,0.32,JHT904,0.69999999,0.69999999,0.69999999,IQT001,5011056000,5011010600,336071174,6500000,SAA004,,,,0.31682960720
SA001,304659,WT2021080329,1,0.00,0.00,2002/HI-3P/Ø50/L42.3/D,20020101,MOP032,50.0,42.32,JHT904,0.0,0.0,0.0,IQT004,5011056000,5011010600,336071165,6500000,SAA908,,,,42.31721926580
SA001,304677,WT2021080329,1,0.00,0.00,1998/HI-3P/Ø50/L0.3/D,19980101,MOP032,50.0,0.28,JHT904,0.0,0.0,0.0,IQT004,5011056000,5011010600,336071165,6500000,SAA908,,,,0.27654889260
SA001,304682,WT2021080329,1,0.00,0.00,2003/HI-3P/Ø80/L2.0/D,20030101,MOP032,80.0,2.01,JHT904,0.0,0.0,0.0,IQT004,5011056000,5011010600,336071164,6500000,SAA908,,,,2.01263528986
SA001,304685,WT2021080329,1,0.00,0.00,2003/HI-3P/Ø80/L0.5/D,20030101,MOP032,80.0,0.5,JHT904,0.0,0.0,0.0,IQT004,5011056000,5011010600,336071164,6500000,SAA908,,,,0.50407549038
SA001,304699,WT2021080329,1,0.00,0.00,2003/HI-3P/Ø50/L1.6/D,20030101,MOP032,50.0,1.62,JHT904,0.0,0.0,0.0,IQT004,5011056000,5011010600,336071164,6500000,SAA908,,,,1.62321717134
SA001,304708,WT2021080329,1,0.00,0.00,2002/HI-3P/Ø50/L97.3/D,20020101,MOP032,50.0,97.27,JHT904,0.0,0.0,0.0,IQT004,5011056000,5011010600,336071174,6500000,SAA908,,,,97.26598883500
SA001,304710,WT2021080329,1,0.00,0.00,1997/HI-3P/Ø50/L2.4/D,19970101,MOP032,50.0,2.4,JHT904,0.0,0.0,0.0,IQT004,5011056000,5011010600,336071164,6500000,SAA908,,,,2.39738995159
SA001,304727,WT2021080329,1,0.00,0.00,1994/PFP/Ø50/L0.3/D0.6,19940101,MOP921,50.0,0.31,JHT092,0.60000002,0.60000002,0.60000002,IQT001,5011056000,5011010600,336071164,6500000,SAA004,,,,0.30591502088
SA001,304729,WT2021080329,1,0.00,0.00,2002/HI-3P/Ø80/L2.3/D,20020101,MOP032,80.0,2.3,JHT904,0.0,0.0,0.0,IQT004,5011056000,5011010600,336071164,6500000,SAA908,,,,2.29817692095
SA001,304753,WT2021080329,1,0.00,0.00,2003/HI-3P/Ø50/L110.8/D,20030101,MOP032,50.0,110.84,JHT904,0.0,0.0,0.0,IQT004,5011056000,5011010600,336071164,6500000,SAA908,,,,110.83924464200
SA001,304765,WT2021080329,1,0.00,0.00,2003/HI-3P/Ø80/L0.6/D,20030101,MOP032,80.0,0.62,JHT904,0.0,0.0,0.0,IQT004,5011056000,5011010600,336071164,6500000,SAA908,,,,0.61731584299
SA001,304782,WT2021080329,1,0.00,0.00,1998/HI-3P/Ø50/L25.8/D,19980101,MOP032,50.0,25.77,JHT904,0.0,0.0,0.0,IQT004,5011056000,5011010600,336071165,6500000,SAA908,,,,25.76610381330
SA001,304792,WT2021080329,1,0.00,0.00,2003/HI-3P/Ø80/L5.1/D,20030101,MOP032,80.0,5.1,JHT904,0.0,0.0,0.0,IQT004,5011056000,5011010600,336071164,6500000,SAA908,,,,5.10120707284
SA001,304799,WT2021080329,1,0.00,0.00,2003/HI-3P/Ø80/L0.4/D0.8,20030101,MOP032,80.0,0.36,JHT904,0.80000001,0.80000001,0.80000001,IQT001,5011056000,5011010600,336071175,6500000,SAA004,,,,0.35769400330
SA001,304812,WT2021080329,1,0.00,0.00,1997/HI-3P/Ø80/L73.2/D,19970101,MOP032,80.0,73.15,JHT904,0.0,0.0,0.0,IQT004,5011056000,5011010600,336071164,6500000,SAA908,,,,73.15450792160
SA001,304828,WT2021080329,1,0.00,0.00,1900/SP/Ø50/L0.3/D0.6,19000101,MOP002,50.0,0.28,JHT903,0.60000002,0.60000002,0.60000002,IQT001,5011056000,5011010600,336071164,6500000,SAA004,,,,0.28217724926
SA001,304862,WT2021080329,1,0.00,0.00,2010/HI-3P/Ø50/L0.3/D1.0,20100101,MOP032,50.0,0.25,JHT904,1.0,1.0,1.0,IQT001,5011056000,5011010600,336071164,6500000,SAA004,,,,0.25333179824
SA001,304870,WT2021080329,1,0.00,0.00,1900/DCIP/Ø80/L26.4/D0.5,19000101,MOP001,80.0,26.4,JHT002,0.40000001,0.5,0.47999999,IQT001,5011056000,5011010600,336071164,6500000,SAA004,,,,26.39511341370
SA001,304885,WT2021080329,1,0.00,0.00,1900/DCIP/Ø125/L70.7/D1.0,19000101,MOP001,125.0,70.65,JHT002,0.80000001,1.20000005,1.01999998,IQT001,5011056000,5011010600,336071174,6500000,SAA004,,,,70.65212913650
SA001,304893,WT2021080329,1,0.00,0.00,1900/DCIP/Ø200/L11.8/D1.0,19000101,MOP001,200.0,11.82,JHT002,0.60000002,1.0,1.0,IQT001,5011056000,5011010600,336071175,6500000,SAA004,,,,11.82214242150
SA001,304897,WT2021080329,1,0.00,0.00,1900/DCIP/Ø200/L16.5/D1.1,19000101,MOP001,200.0,16.51,JHT002,1.0,1.10000002,1.04999995,IQT001,5011056000,5011010600,336071175,6500000,SAA004,,,,16.50693089490
SA001,304902,WT2021080329,1,0.00,0.00,1997/DCIP/Ø100/L4.6/D0.8,19970101,MOP001,100.0,4.6,JHT002,0.69999999,0.80000001,0.75,IQT001,5011056000,5011010600,336071175,6500000,SAA004,,,,4.59854703666
SA001,304905,WT2021080329,1,0.00,0.00,1997/DCIP/Ø150/L23.0/D0.7,19970101,MOP001,150.0,22.95,JHT002,0.60000002,0.69999999,0.68000001,IQT001,5011056000,5011010600,336071175,6500000,SAA004,,,,22.94596685780
SA001,304912,WT2021080329,1,0.00,0.00,1997/DCIP/Ø100/L18.6/D0.7,19970101,MOP001,100.0,18.56,JHT002,0.60000002,0.80000001,0.69999999,IQT001,5011056000,5011010600,336071175,6500000,SAA004,,,,18.55913508660
SA001,304920,WT2021080329,1,0.00,0.00,1997/DCIP/Ø80/L67.3/D0.6,19970101,MOP001,80.0,67.33,JHT002,0.40000001,0.80000001,0.57999998,IQT001,5011056000,5011010600,336071175,6500000,SAA004,,,,67.32607376540
SA001,304923,WT2021080329,1,0.00,0.00,1988/DCIP/Ø80/L10.3/D0.7,19880101,MOP001,80.0,10.31,JHT002,0.69999999,0.69999999,0.69999999,IQT001,5011056000,5011010600,336071165,6500000,SAA004,,,,10.31407412230
SA001,304929,WT2021080329,1,0.00,0.00,1900/DCIP/Ø80/L75.8/D0.5,19000101,MOP001,80.0,75.8,JHT002,0.2,0.60000002,0.47,IQT001,5011056000,5011010600,336071164,6500000,SAA004,,,,75.80265006430
SA001,304930,WT2021080329,1,0.00,0.00,1900/DCIP/Ø80/L6.3/D0.6,19000101,MOP001,80.0,6.3,JHT002,0.60000002,0.60000002,0.60000002,IQT001,5011056000,5011010600,336071164,6500000,SAA004,,,,6.29992460272
SA001,304932,WT2021080329,1,0.00,0.00,1900/DCIP/Ø80/L0.4/D0.8,19000101,MOP001,80.0,0.36,JHT002,0.80000001,0.80000001,0.80000001,IQT001,5011056000,5011010600,336071164,6500000,SAA004,,,,0.35642671056
SA001,304950,WT2021080329,1,0.00,0.00,1988/DCIP/Ø80/L96.0/D0.8,19880101,MOP001,80.0,96.03,JHT002,0.69999999,0.89999998,0.81,IQT001,5011056000,5011010600,336071165,6500000,SAA004,,,,96.02512764470
SA001,304964,WT2021080329,1,0.00,0.00,1997/SP/Ø65/L0.2/D1.1,19970101,MOP002,65.0,0.22,JHT903,1.10000002,1.10000002,1.10000002,IQT001,5011056000,5011010600,336071164,6500000,SAA004,,,,0.22127810556
SA001,304968,WT2021080329,1,0.00,0.00,1997/DCIP/Ø80/L18.5/D0.9,19970101,MOP001,80.0,18.54,JHT002,0.89999998,1.0,0.93000001,IQT001,5011056000,5011010600,336071164,6500000,SAA004,,,,18.54067556360
SA001,304996,WT2021080329,1,0.00,0.00,1992/DCIP/Ø400/L621.0/D0.9,19920101,MOP001,400.0,620.99,JHT002,0.69999999,1.20000005,0.89999998,IQT001,5011051000,5011010100,336071175,6500000,SAA004,,,,620.98951034400
SA001,304998,WT2021080329,1,0.00,0.00,1997/DCIP/Ø150/L14.3/D1.0,19970101,MOP001,150.0,14.31,JHT002,1.0,1.10000002,1.02999997,IQT001,5011056000,5011010600,336071165,6500000,SAA004,,,,14.31239210140
SA001,701467,WT2020080179,1,0.00,0.00,1997/DCIP/Ø80/L64.8/D0.6,19970101,MOP001,80.0,24.11,JHT002,0.60000002,0.60000002,0.60000002,IQT001,5011051000,5011010100,336071175,6500000,SAA004,,,,24.11361216450
SA001,701494,WT2020080179,1,0.00,0.00,1999/DCIP/Ø80/L3.0/D1.0,19990101,MOP001,80.0,3.01,JHT002,0.89999998,1.0,1.0,IQT001,5011051000,5011010100,336071175,6500000,SAA004,,,,3.01186450367
SA001,701562,WT2020080179,1,0.00,0.00,1900/DCIP/Ø200/L2.8/D0.9,19000101,MOP001,200.0,2.83,JHT002,0.80000001,0.89999998,0.89999998,IQT001,5011056000,5011010600,336071175,6500000,SAA004,,,,2.82788059331
SA001,304311,WT2021080329,1,0.00,0.00,1998/HI-3P/Ø50/L44.4/D,19980101,MOP032,50.0,44.4,JHT904,0.0,0.0,0.0,IQT004,5011056000,5011010600,336071165,6500000,SAA908,,,,44.40317090750
SA001,304312,WT2021080329,1,0.00,0.00,1994/PFP/Ø50/L3.1/D,19940101,MOP921,50.0,3.11,JHT092,0.0,0.0,0.0,IQT004,5011056000,5011010600,336071165,6500000,SAA908,,,,3.10948706059
SA001,304322,WT2021080329,1,0.00,0.00,1900/DCIP/Ø80/L1.0/D,19000101,MOP001,80.0,1.0,JHT002,0.0,0.0,0.0,IQT904,5011056000,5011010600,336071174,6500000,SAA908,,,,0.99999722500
SA001,304339,WT2021080329,1,0.00,0.00,1997/DCIP/Ø80/L44.2/D0.7,19970101,MOP001,80.0,44.21,JHT002,0.69999999,0.80000001,0.73000002,IQT001,5011056000,5011010600,336071175,6500000,SAA004,,,,44.21102838950
SA001,304387,WT2021080329,1,0.00,0.00,1997/DCIP/Ø80/L0.6/D0.6,19970101,MOP001,80.0,0.57,JHT002,0.60000002,0.60000002,0.60000002,IQT001,5011056000,5011010600,336071175,6500000,SAA004,,,,0.56977978202
SA001,304388,WT2021080329,1,0.00,0.00,1900/DCIP/Ø150/L15.7/D0.9,19000101,MOP001,150.0,15.66,JHT002,0.69999999,1.29999995,0.94,IQT001,5011056000,5011010600,336071174,6500000,SAA004,,,,15.66078330920
SA001,304395,WT2021080329,1,0.00,0.00,1998/HI-3P/Ø80/L38.4/D,19980101,MOP032,80.0,38.44,JHT904,0.0,0.0,0.0,IQT004,5011056000,5011010600,336071165,6500000,SAA908,,,,38.44005367390
SA001,304398,WT2021080329,1,0.00,0.00,2003/HI-3P/Ø80/L1.0/D,20030101,MOP032,80.0,1.0,JHT904,0.0,0.0,0.0,IQT004,5011056000,5011010600,336071164,6500000,SAA908,,,,0.99996579942
SA001,304411,WT2021080329,1,0.00,0.00,1900/SP/Ø50/L14.9/D,19000101,MOP002,50.0,14.85,JHT903,0.0,0.0,0.0,IQT904,5011056000,5011010600,336071174,6500000,SAA908,,,,14.85181112260
SA001,304412,WT2021080329,1,0.00,0.00,1900/SP/Ø50/L80.5/D,19000101,MOP002,50.0,80.49,JHT903,0.0,0.0,0.0,IQT904,5011056000,5011010600,336071175,6500000,SAA908,,,,80.48625439360
SA001,304415,WT2021080329,1,0.00,0.00,1900/SP/Ø80/L53.5/D,19000101,MOP002,80.0,53.52,JHT903,0.0,0.0,0.0,IQT904,5011056000,5011010600,336071174,6500000,SAA908,,,,53.51516263000
SA001,304460,WT2021080329,1,0.00,0.00,1900/SP/Ø50/L47.5/D,19000101,MOP002,50.0,47.48,JHT903,0.0,0.0,0.0,IQT904,5011056000,5011010600,336071164,6500000,SAA908,,,,47.47706440280
SA001,304493,WT2021080329,1,0.00,0.00,2012/HI-3P/Ø80/L0.3/D,20120101,MOP032,80.0,0.34,JHT904,0.0,0.0,0.0,IQT004,5011056000,5011010600,336071165,6500000,SAA908,,,,0.34460000000
SA001,304495,WT2021080329,1,0.00,0.00,1999/HI-3P/Ø80/L78.4/D,19990101,MOP032,80.0,78.44,JHT904,0.0,0.0,0.0,IQT004,5011056000,5011010600,336071165,6500000,SAA908,,,,78.44025090950
SA001,304514,WT2021080329,1,0.00,0.00,1999/HI-3P/Ø50/L0.5/D,19990101,MOP032,50.0,0.49,JHT904,0.0,0.0,0.0,IQT004,5011056000,5011010600,336071165,6500000,SAA908,,,,0.49376335425
SA001,304534,WT2021080329,1,0.00,0.00,2008/HI-3P/Ø80/L78.0/D,20080101,MOP032,80.0,77.96,JHT904,0.0,0.0,0.0,IQT004,5011056000,5011010600,336071174,6500000,SAA908,,,,77.95987514700
SA001,304536,WT2021080329,1,0.00,0.00,2001/HI-3P/Ø50/L103.1/D,20010101,MOP032,50.0,103.13,JHT904,0.0,0.0,0.0,IQT004,5011056000,5011010600,336071174,6500000,SAA908,,,,103.12605757800
SA001,304638,WT2021080329,1,0.00,0.00,2012/HI-3P/Ø80/L2.0/D,20120101,MOP032,80.0,2.02,JHT904,0.0,0.0,0.0,IQT004,5011056000,5011010600,336071165,6500000,SAA908,,,,2.02499298270
SA001,304640,WT2021080329,1,0.00,0.00,1996/HI-3P/Ø50/L0.7/D,19960101,MOP032,50.0,0.74,JHT904,0.0,0.0,0.0,IQT004,5011056000,5011010600,336071165,6500000,SAA908,,,,0.74094352012
SA001,304645,WT2021080329,1,0.00,0.00,2003/HI-3P/Ø50/L1.8/D,20030101,MOP032,50.0,1.76,JHT904,0.0,0.0,0.0,IQT004,5011056000,5011010600,336071174,6500000,SAA908,,,,1.75674037069
SA001,304649,WT2021080329,1,0.00,0.00,2003/HI-3P/Ø80/L0.9/D,20030101,MOP032,80.0,0.9,JHT904,0.0,0.0,0.0,IQT004,5011056000,5011010600,336071174,6500000,SAA908,,,,0.90213352116
SA001,304652,WT2021080329,1,0.00,0.00,2010/HI-3P/Ø50/L3.3/D,20100101,MOP032,50.0,3.33,JHT904,0.0,0.0,0.0,IQT004,5011056000,5011010600,336071174,6500000,SAA908,,,,3.32757332379
SA001,304662,WT2021080329,1,0.00,0.00,2002/HI-3P/Ø50/L43.0/D,20020101,MOP032,50.0,42.99,JHT904,0.0,0.0,0.0,IQT004,5011056000,5011010600,336071165,6500000,SAA908,,,,42.98989616930
SA001,304667,WT2021080329,1,0.00,0.00,2001/HI-3P/Ø50/L3.8/D,20010101,MOP032,50.0,3.82,JHT904,0.0,0.0,0.0,IQT004,5011056000,5011010600,336071165,6500000,SAA908,,,,3.81512168365
SA001,304673,WT2021080329,1,0.00,0.00,2012/HI-3P/Ø80/L1.0/D1.0,20120101,MOP032,80.0,1.0,JHT904,1.0,1.0,1.0,IQT001,5011056000,5011010600,336071165,6500000,SAA004,,,,0.99731639914
SA001,304675,WT2021080329,1,0.00,0.00,1998/HI-3P/Ø80/L1.6/D,19980101,MOP032,80.0,1.55,JHT904,0.0,0.0,0.0,IQT004,5011056000,5011010600,336071165,6500000,SAA908,,,,1.54776967602
SA001,304686,WT2021080329,1,0.00,0.00,1994/PFP/Ø50/L39.3/D,19940101,MOP921,50.0,39.28,JHT092,0.0,0.0,0.0,IQT004,5011056000,5011010600,336071174,6500000,SAA908,,,,39.28396247800
SA001,304698,WT2021080329,1,0.00,0.00,2002/HI-3P/Ø50/L0.2/D1.3,20020101,MOP032,50.0,0.19,JHT904,1.29999995,1.29999995,1.29999995,IQT001,5011056000,5011010600,336071174,6500000,SAA004,,,,0.18792817777
SA001,304704,WT2021080329,1,0.00,0.00,2002/HI-3P/Ø50/L0.4/D0.6,20020101,MOP032,50.0,0.42,JHT904,0.60000002,0.60000002,0.60000002,IQT001,5011056000,5011010600,336071164,6500000,SAA004,,,,0.41773197148
SA001,304709,WT2021080329,1,0.00,0.00,2002/HI-3P/Ø50/L0.4/D,20020101,MOP032,50.0,0.35,JHT904,0.0,0.0,0.0,IQT004,5011056000,5011010600,336071174,6500000,SAA908,,,,0.35484933423
SA001,304713,WT2021080329,1,0.00,0.00,2003/HI-3P/Ø80/L0.4/D,20030101,MOP032,80.0,0.38,JHT904,0.0,0.0,0.0,IQT004,5011056000,5011010600,336071164,6500000,SAA908,,,,0.38273281803
SA001,304726,WT2021080329,1,0.00,0.00,1994/PFP/Ø50/L103.1/D,19940101,MOP921,50.0,103.11,JHT092,0.0,0.0,0.0,IQT004,5011056000,5011010600,336071164,6500000,SAA908,,,,103.10697518000
SA001,304737,WT2021080329,1,0.00,0.00,2002/HI-3P/Ø50/L3.4/D,20020101,MOP032,50.0,3.36,JHT904,0.0,0.0,0.0,IQT004,5011056000,5011010600,336071164,6500000,SAA908,,,,3.36186277781
SA001,304754,WT2021080329,1,0.00,0.00,1998/HI-3P/Ø50/L66.4/D,19980101,MOP032,50.0,66.36,JHT904,0.0,0.0,0.0,IQT004,5011056000,5011010600,336071165,6500000,SAA908,,,,66.36409528530
SA001,304775,WT2021080329,1,0.00,0.00,1998/HI-3P/Ø50/L42.2/D,19980101,MOP032,50.0,42.23,JHT904,0.0,0.0,0.0,IQT004,5011056000,5011010600,336071165,6500000,SAA908,,,,42.23074472000
SA001,304783,WT2021080329,1,0.00,0.00,1998/HI-3P/Ø50/L75.3/D,19980101,MOP032,50.0,75.28,JHT904,0.0,0.0,0.0,IQT004,5011056000,5011010600,336071165,6500000,SAA908,,,,75.28269865890
SA001,304791,WT2021080329,1,0.00,0.00,2003/HI-3P/Ø80/L27.0/D,20030101,MOP032,80.0,26.97,JHT904,0.0,0.0,0.0,IQT004,5011056000,5011010600,336071164,6500000,SAA908,,,,26.96503544310
SA001,304798,WT2021080329,1,0.00,0.00,2003/HI-3P/Ø80/L41.1/D,20030101,MOP032,80.0,41.14,JHT904,0.0,0.0,0.0,IQT004,5011056000,5011010600,336071175,6500000,SAA908,,,,41.13737970230
SA001,304806,WT2021080329,1,0.00,0.00,2012/HI-3P/Ø80/L5.3/D,20120101,MOP032,80.0,5.3,JHT904,0.0,0.0,0.0,IQT004,5011056000,5011010600,336071165,6500000,SAA908,,,,5.30351639588
SA001,304808,WT2021080329,1,0.00,0.00,2012/HI-3P/Ø80/L140.6/D,20120101,MOP032,80.0,140.56,JHT904,0.0,0.0,0.0,IQT004,5011056000,5011010600,336071165,6500000,SAA908,,,,140.55539847000
SA001,304907,WT2021080329,1,0.00,0.00,1997/DCIP/Ø150/L2.1/D0.8,19970101,MOP001,150.0,2.05,JHT002,0.69999999,0.80000001,0.75,IQT001,5011056000,5011010600,336071175,6500000,SAA004,,,,2.05056187422
SA001,304916,WT2021080329,1,0.00,0.00,1900/DCIP/Ø200/L76.4/D0.6,19000101,MOP001,200.0,76.5,JHT002,0.5,0.80000001,0.58999997,IQT001,5011056000,5011010600,336071175,6500000,SAA004,,,,76.49553353160
SA001,304924,WT2021080329,1,0.00,0.00,1988/DCIP/Ø80/L5.3/D0.8,19880101,MOP001,80.0,5.31,JHT002,0.69999999,0.80000001,0.75,IQT001,5011056000,5011010600,336071165,6500000,SAA004,,,,5.30731047598
SA001,304928,WT2021080329,1,0.00,0.00,1900/DCIP/Ø80/L39.8/D0.5,19000101,MOP001,80.0,39.79,JHT002,0.40000001,0.60000002,0.47999999,IQT001,5011056000,5011010600,336071164,6500000,SAA004,,,,39.78681835010
SA001,304936,WT2021080329,1,0.00,0.00,1900/SP/Ø50/L2.5/D1.0,19000101,MOP002,50.0,2.53,JHT903,1.0,1.0,1.0,IQT001,5011056000,5011010600,336071164,6500000,SAA004,,,,2.53481537789
SA001,304937,WT2021080329,1,0.00,0.00,1900/SP/Ø50/L89.9/D0.6,19000101,MOP002,50.0,89.9,JHT903,0.5,0.69999999,0.60000002,IQT001,5011056000,5011010600,336071164,6500000,SAA004,,,,89.89854065110
SA001,304942,WT2021080329,1,0.00,0.00,1991/DCIP/Ø100/L4.9/D0.6,19910101,MOP001,100.0,4.93,JHT002,0.60000002,0.60000002,0.60000002,IQT001,5011056000,5011010600,336071164,6500000,SAA004,,,,4.93459795728
SA001,304947,WT2021080329,1,0.00,0.00,1900/DCIP/Ø100/L21.2/D0.9,19000101,MOP001,100.0,21.16,JHT002,0.80000001,0.89999998,0.85000002,IQT001,5011056000,5011010600,336071164,6500000,SAA004,,,,21.15703313440
SA001,304958,WT2021080329,1,0.00,0.00,1900/CIP/Ø100/L49.6/D0.9,19000101,MOP010,100.0,49.58,JHT002,0.80000001,1.10000002,0.94,IQT001,5011056000,5011010600,336071174,6500000,SAA004,,,,49.57536316250
SA001,305002,WT2021080329,1,0.00,0.00,1988/DCIP/Ø80/L15.9/D1.1,19880101,MOP001,80.0,15.88,JHT002,0.89999998,1.29999995,1.10000002,IQT001,5011056000,5011010600,336071165,6500000,SAA004,,,,15.88449692110
SA001,305004,WT2021080329,1,0.00,0.00,1997/DCIP/Ø150/L105.8/D1.0,19970101,MOP001,150.0,105.78,JHT002,0.69999999,1.20000005,0.94999999,IQT001,5011056000,5011010600,336071165,6500000,SAA004,,,,105.77986753400
SA001,701480,WT2020080179,1,0.00,0.00,1997/DCIP/Ø100/L6.4/D0.8,19970101,MOP001,100.0,6.37,JHT002,0.69999999,0.80000001,0.80000001,IQT001,5011051000,5011010100,336071175,6500000,SAA004,,,,6.36985767451
SA001,701488,WT2020080179,1,0.00,0.00,1999/DCIP/Ø100/L51.1/D0.9,19990101,MOP001,100.0,51.06,JHT002,0.80000001,1.0,0.89999998,IQT001,5011051000,5011010100,336071175,6500000,SAA004,,,,51.05642804670
SA001,701497,WT2020080179,1,0.00,0.00,1900/DCIP/Ø200/L3.5/D0.9,19000101,MOP001,200.0,3.53,JHT002,0.89999998,0.89999998,0.89999998,IQT001,5011051000,5011010100,336071175,6500000,SAA004,,,,3.53161645284
SA001,701498,WT2020080179,1,0.00,0.00,1900/DCIP/Ø200/L8.4/D0.9,19000101,MOP001,200.0,8.36,JHT002,0.89999998,0.89999998,0.89999998,IQT001,5011051000,5011010100,336071175,6500000,SAA004,,,,8.35561296617
SA001,701560,WT2020080179,1,0.00,0.00,1900/DCIP/Ø200/L1.7/D1.0,19000101,MOP001,200.0,1.67,JHT002,0.80000001,1.20000005,1.0,IQT001,5011056000,5011010600,336071175,6500000,SAA004,,,,1.66748164335
SA001,701883,WT2020080179,1,0.00,0.00,1997/DCIP/Ø80/L84.9/D0.9,19970101,MOP001,80.0,84.88,JHT002,0.60000002,1.0,0.89999998,IQT001,5011051000,5011010100,336071175,6500000,SAA004,,,,84.88324485080
SA001,702086,WT2020080179,1,0.00,0.00,1997/DCIP/Ø80/L27.4/D,19971211,MOP001,80.0,27.42,JHT002,0.0,0.0,0.0,IQT904,5011051000,5011010100,336071175,6500000,SAA004,,,,27.41516693270
SA001,304307,WT2021080329,1,0.00,0.00,1900/DCIP/Ø125/L25.2/D1.1,19000101,MOP001,125.0,25.18,JHT002,1.0,1.20000005,1.10000002,IQT001,5011056000,5011010600,336071174,6500000,SAA004,,,,25.18269654860
SA001,304313,WT2021080329,1,0.00,0.00,2003/HI-3P/Ø80/L20.3/D,20030101,MOP032,80.0,20.27,JHT904,0.0,0.0,0.0,IQT004,5011056000,5011010600,336071174,6500000,SAA908,,,,20.26833230120
SA001,304316,WT2021080329,1,0.00,0.00,1997/DCIP/Ø100/L35.9/D,19970101,MOP001,100.0,35.93,JHT002,0.0,0.0,0.0,IQT904,5011056000,5011010600,336071175,6500000,SAA908,,,,35.93301739480
SA001,304337,WT2021080329,1,0.00,0.00,1997/DCIP/Ø80/L0.3/D0.6,19970101,MOP001,80.0,0.26,JHT002,0.60000002,0.60000002,0.60000002,IQT001,5011056000,5011010600,336071175,6500000,SAA004,,,,0.26459402865
SA001,304338,WT2021080329,1,0.00,0.00,1997/DCIP/Ø80/L46.1/D0.6,19970101,MOP001,80.0,46.1,JHT002,0.5,0.69999999,0.61000001,IQT001,5011051000,5011010100,336071175,6500000,SAA004,,,,46.09914611000
SA001,304397,WT2021080329,1,0.00,0.00,2002/HI-3P/Ø50/L7.2/D,20020101,MOP032,50.0,7.21,JHT904,0.0,0.0,0.0,IQT004,5011056000,5011010600,336071164,6500000,SAA908,,,,7.20750921823
SA001,304402,WT2021080329,1,0.00,0.00,1997/DCIP/Ø80/L2.0/D0.6,19970101,MOP001,80.0,1.95,JHT002,0.60000002,0.60000002,0.60000002,IQT001,5011059000,5011010700,336071165,6500000,SAA004,,,,1.95041662216
SA001,304413,WT2021080329,1,0.00,0.00,1900/DCIP/Ø100/L3.3/D0.5,19000101,MOP001,100.0,3.25,JHT002,0.5,0.5,0.5,IQT001,5011056000,5011010600,336071175,6500000,SAA913,,,,3.24619900807
SA001,304438,WT2021080329,1,0.00,0.00,1997/DCIP/Ø80/L0.9/D0.6,19970101,MOP001,80.0,0.88,JHT002,0.60000002,0.60000002,0.60000002,IQT001,5011059000,5011010700,336071165,6500000,SAA004,,,,0.87512513391
SA001,304449,WT2021080329,1,0.00,0.00,1900/DCIP/Ø150/L43.2/D,19000101,MOP001,150.0,43.21,JHT002,0.0,0.0,0.0,IQT904,5011056000,5011010600,336071174,6500000,SAA908,,,,43.21044564320
SA001,304457,WT2021080329,1,0.00,0.00,1900/DCIP/Ø80/L18.2/D,19000101,MOP001,80.0,18.15,JHT002,0.0,0.0,0.0,IQT904,5011056000,5011010600,336071174,6500000,SAA908,,,,18.14674906920
SA001,304458,WT2021080329,1,0.00,0.00,1900/DCIP/Ø80/L0.4/D0.8,19000101,MOP001,80.0,0.35,JHT002,0.80000001,0.80000001,0.80000001,IQT001,5011056000,5011010600,336071174,6500000,SAA004,,,,0.34848816336
SA001,304462,WT2021080329,1,0.00,0.00,1900/CIP/Ø100/L7.9/D,19000101,MOP010,100.0,7.87,JHT002,0.0,0.0,0.0,IQT904,5011056000,5011010600,336071175,6500000,SAA908,,,,7.87392002821
SA001,304474,WT2021080329,1,0.00,0.00,1997/DCIP/Ø80/L24.9/D,19970101,MOP001,80.0,24.93,JHT002,0.0,0.0,0.0,IQT904,5011056000,5011010600,336071174,6500000,SAA908,,,,24.93265767500
SA001,304508,WT2021080329,1,0.00,0.00,1900/SP/Ø50/L0.7/D0.7,19000101,MOP002,50.0,0.66,JHT903,0.69999999,0.69999999,0.69999999,IQT001,5011056000,5011010600,336071164,6500000,SAA004,,,,0.65727467622
SA001,304511,WT2021080329,1,0.00,0.00,1998/HI-3P/Ø50/L0.6/D,19980101,MOP032,50.0,0.64,JHT904,0.0,0.0,0.0,IQT004,5011056000,5011010600,336071165,6500000,SAA908,,,,0.64187179405
SA001,304523,WT2021080329,1,0.00,0.00,1998/HI-3P/Ø50/L0.2/D0.7,19980101,MOP032,50.0,0.16,JHT904,0.69999999,0.69999999,0.69999999,IQT001,5011056000,5011010600,336071174,6500000,SAA004,,,,0.16402743673
SA001,304529,WT2021080329,1,0.00,0.00,2002/HI-3P/Ø50/L91.5/D,20020101,MOP032,50.0,91.51,JHT904,0.0,0.0,0.0,IQT004,5011056000,5011010600,336071174,6500000,SAA908,,,,91.50628667600
SA001,304535,WT2021080329,1,0.00,0.00,2008/HI-3P/Ø80/L4.3/D,20080101,MOP032,80.0,4.28,JHT904,0.0,0.0,0.0,IQT004,5011056000,5011010600,336071174,6500000,SAA908,,,,4.28206117775
SA001,304537,WT2021080329,1,0.00,0.00,2010/HI-3P/Ø50/L0.7/D,20100101,MOP032,50.0,0.69,JHT904,0.0,0.0,0.0,IQT004,5011056000,5011010600,336071174,6500000,SAA908,,,,0.69477203456
SA001,304637,WT2021080329,1,0.00,0.00,1997/HI-3P/Ø50/L47.9/D,19970101,MOP032,50.0,47.86,JHT904,0.0,0.0,0.0,IQT004,5011056000,5011010600,336071175,6500000,SAA908,,,,47.86440390020
SA001,304647,WT2021080329,1,0.00,0.00,1994/HI-3P/Ø50/L0.3/D1.3,19940101,MOP032,50.0,0.26,JHT904,1.29999995,1.29999995,1.29999995,IQT001,5011056000,5011010600,336071174,6500000,SAA004,,,,0.26076809621
SA001,304655,WT2021080329,1,0.00,0.00,2002/HI-3P/Ø50/L0.6/D,20020101,MOP032,50.0,0.6,JHT904,0.0,0.0,0.0,IQT004,5011056000,5011010600,336071174,6500000,SAA908,,,,0.60360955095
SA001,304657,WT2021080329,1,0.00,0.00,2002/HI-3P/Ø50/L4.4/D,20020101,MOP032,50.0,4.43,JHT904,0.0,0.0,0.0,IQT004,5011056000,5011010600,336071165,6500000,SAA908,,,,4.43208982423
SA001,304664,WT2021080329,1,0.00,0.00,2002/HI-3P/Ø50/L3.5/D,20020101,MOP032,50.0,3.48,JHT904,0.0,0.0,0.0,IQT004,5011056000,5011010600,336071165,6500000,SAA908,,,,3.48080631983
SA001,304668,WT2021080329,1,0.00,0.00,2001/HI-3P/Ø50/L50.7/D,20010101,MOP032,50.0,50.74,JHT904,0.0,0.0,0.0,IQT004,5011056000,5011010600,336071165,6500000,SAA908,,,,50.73767068170
SA001,304672,WT2021080329,1,0.00,0.00,2012/HI-3P/Ø80/L0.7/D,20120101,MOP032,80.0,0.72,JHT904,0.0,0.0,0.0,IQT004,5011056000,5011010600,336071165,6500000,SAA908,,,,0.71777067368
SA001,304679,WT2021080329,1,0.00,0.00,1999/HI-3P/Ø80/L0.6/D,19990101,MOP032,80.0,0.61,JHT904,0.0,0.0,0.0,IQT004,5011056000,5011010600,336071165,6500000,SAA908,,,,0.60713458969
SA001,304681,WT2021080329,1,0.00,0.00,2003/HI-3P/Ø80/L2.1/D,20030101,MOP032,80.0,2.05,JHT904,0.0,0.0,0.0,IQT004,5011056000,5011010600,336071164,6500000,SAA908,,,,2.05417868746
SA001,304683,WT2021080329,1,0.00,0.00,2003/HI-3P/Ø80/L1.8/D,20030101,MOP032,80.0,1.79,JHT904,0.0,0.0,0.0,IQT004,5011056000,5011010600,336071164,6500000,SAA908,,,,1.79026883720
SA001,304684,WT2021080329,1,0.00,0.00,2003/HI-3P/Ø50/L1.5/D,20030101,MOP032,50.0,1.47,JHT904,0.0,0.0,0.0,IQT004,5011056000,5011010600,336071164,6500000,SAA908,,,,1.46616191994
SA001,304689,WT2021080329,1,0.00,0.00,1994/PFP/Ø50/L0.2/D0.8,19940101,MOP921,50.0,0.2,JHT092,0.80000001,0.80000001,0.80000001,IQT001,5011056000,5011010600,336071174,6500000,SAA004,,,,0.19833809518
SA001,304717,WT2021080329,1,0.00,0.00,2002/HI-3P/Ø80/L125.0/D,20020101,MOP032,80.0,125.02,JHT904,0.0,0.0,0.0,IQT004,5011056000,5011010600,336071164,6500000,SAA908,,,,125.02305420700
SA001,304739,WT2021080329,1,0.00,0.00,2002/HI-3P/Ø80/L0.5/D,20020101,MOP032,80.0,0.45,JHT904,0.0,0.0,0.0,IQT004,5011056000,5011010600,336071164,6500000,SAA908,,,,0.44837450864
SA001,304748,WT2021080329,1,0.00,0.00,1998/HI-3P/Ø80/L4.5/D,19980101,MOP032,80.0,4.45,JHT904,0.0,0.0,0.0,IQT004,5011056000,5011010600,336071165,6500000,SAA908,,,,4.45221123039
SA001,304774,WT2021080329,1,0.00,0.00,1994/PFP/Ø50/L106.8/D,19940101,MOP921,50.0,106.75,JHT092,0.0,0.0,0.0,IQT004,5011056000,5011010600,336071165,6500000,SAA908,,,,106.74956978600
SA001,304795,WT2021080329,1,0.00,0.00,2003/HI-3P/Ø80/L1.1/D,20030101,MOP032,80.0,1.11,JHT904,0.0,0.0,0.0,IQT004,5011056000,5011010600,336071164,6500000,SAA908,,,,1.11083450613
SA001,304807,WT2021080329,1,0.00,0.00,2012/HI-3P/Ø80/L144.5/D,20120101,MOP032,80.0,144.51,JHT904,0.0,0.0,0.0,IQT004,5011056000,5011010600,336071165,6500000,SAA908,,,,144.50779335100
SA001,304810,WT2021080329,1,0.00,0.00,2012/HI-3P/Ø80/L5.8/D,20120101,MOP032,80.0,5.8,JHT904,0.0,0.0,0.0,IQT004,5011056000,5011010600,336071165,6500000,SAA908,,,,5.79608812155
SA001,304811,WT2021080329,1,0.00,0.00,2012/HI-3P/Ø80/L114.2/D,20120101,MOP032,80.0,114.23,JHT904,0.0,0.0,0.0,IQT004,5011056000,5011010600,336071165,6500000,SAA908,,,,114.22911352600
SA001,304820,WT2021080329,1,0.00,0.00,1999/HI-3P/Ø50/L0.5/D,19990101,MOP032,50.0,0.46,JHT904,0.0,0.0,0.0,IQT004,5011056000,5011010600,336071165,6500000,SAA908,,,,0.45795677744
SA001,304882,WT2021080329,1,0.00,0.00,1900/DCIP/Ø125/L3.1/D1.2,19000101,MOP001,125.0,3.07,JHT002,1.10000002,1.20000005,1.14999998,IQT001,5011056000,5011010600,336071174,6500000,SAA004,,,,3.07133912162
SA001,304883,WT2021080329,1,0.00,0.00,1900/DCIP/Ø125/L2.1/D0.8,19000101,MOP001,125.0,2.1,JHT002,0.69999999,1.10000002,0.82999998,IQT001,5011056000,5011010600,336071174,6500000,SAA004,,,,2.09816853785
SA001,304894,WT2021080329,1,0.00,0.00,1900/DCIP/Ø200/L13.0/D1.2,19000101,MOP001,200.0,12.98,JHT002,1.0,1.29999995,1.14999998,IQT001,5011056000,5011010600,336071175,6500000,SAA004,,,,12.97783267830
SA001,304896,WT2021080329,1,0.00,0.00,1900/DCIP/Ø200/L0.2/D1.0,19000101,MOP001,200.0,0.23,JHT002,1.0,1.0,1.0,IQT001,5011056000,5011010600,336071175,6500000,SAA004,,,,0.22810743083
SA001,304904,WT2021080329,1,0.00,0.00,1997/DCIP/Ø100/L0.7/D0.7,19970101,MOP001,100.0,0.67,JHT002,0.69999999,0.69999999,0.69999999,IQT001,5011056000,5011010600,336071175,6500000,SAA004,,,,0.66706071688
SA001,304944,WT2021080329,1,0.00,0.00,1991/DCIP/Ø100/L2.5/D0.7,19910101,MOP001,100.0,2.5,JHT002,0.69999999,0.69999999,0.69999999,IQT001,5011056000,5011010600,336071164,6500000,SAA004,,,,2.49689807561
SA001,304949,WT2021080329,1,0.00,0.00,1988/DCIP/Ø80/L86.8/D0.9,19880101,MOP001,80.0,86.83,JHT002,0.69999999,1.0,0.86000001,IQT001,5011056000,5011010600,336071165,6500000,SAA004,,,,86.83038845660
SA001,304954,WT2021080329,1,0.00,0.00,1900/CIP/Ø100/L6.8/D0.8,19000101,MOP010,100.0,6.84,JHT002,0.80000001,0.80000001,0.80000001,IQT001,5011056000,5011010600,336071175,6500000,SAA004,,,,6.84072291501
SA001,304959,WT2021080329,1,0.00,0.00,1900/CIP/Ø100/L0.3/D0.8,19000101,MOP010,100.0,0.26,JHT002,0.80000001,0.80000001,0.80000001,IQT001,5011056000,5011010600,336071174,6500000,SAA004,,,,0.26080069018
SA001,304960,WT2021080329,1,0.00,0.00,1997/SP/Ø65/L5.8/D0.8,19970101,MOP002,65.0,5.81,JHT903,0.69999999,0.89999998,0.80000001,IQT001,5011056000,5011010600,336071174,6500000,SAA004,,,,5.80651136478
SA001,304962,WT2021080329,1,0.00,0.00,1900/SP/Ø65/L44.1/D1.0,19000101,MOP002,65.0,44.1,JHT903,0.80000001,1.10000002,0.95999998,IQT001,5011056000,5011010600,336071164,6500000,SAA004,,,,44.09663053980
SA001,304967,WT2021080329,1,0.00,0.00,1997/DCIP/Ø80/L29.0/D0.9,19970101,MOP001,80.0,29.04,JHT002,0.69999999,1.0,0.88,IQT001,5011056000,5011010600,336071164,6500000,SAA004,,,,29.04231083620
SA001,304983,WT2021080329,1,0.00,0.00,1994/DCIP/Ø150/L0.7/D1.3,19940101,MOP001,150.0,0.7,JHT002,1.29999995,1.29999995,1.29999995,IQT001,5011056000,5011010600,336071174,6500000,SAA004,,,,0.69885692384
SA001,304984,WT2021080329,1,0.00,0.00,1994/DCIP/Ø150/L1.0/D1.3,19940101,MOP001,150.0,0.95,JHT002,1.29999995,1.29999995,1.29999995,IQT001,5011056000,5011010600,336071174,6500000,SAA004,,,,0.95085067177
SA001,304999,WT2021080329,1,0.00,0.00,1997/DCIP/Ø150/L6.0/D1.0,19970101,MOP001,150.0,5.97,JHT002,1.0,1.0,1.0,IQT001,5011056000,5011010600,336071165,6500000,SAA004,,,,5.96983659743
