NO,접수번호,부서,정산년월,지시번호,공사명,공사개요,공사유형,탐사구분,주소,접수일시,작업시작,작업종료,용도구분,구군,중구역번호,소구역번호,도로구분,누수관경,누수관종,누수부위,누수원인,손괴원인,누수시간,누수량,용수구분,"누수지점
GIS ID",GIS 입력
1,20250723-0413,북부사업소,202507,644 ,북구 대동로8길 15-1 (산격동) / 1249-27번지,D25*13 분기점 누수 수선유솔,지하-공도,자체상시,산격동 1249-27,2025-07-23 14:59,,2025-07-29 15:42,급수관,북구,0520,48,공도,25 ,부분기대,부분기대,노후,,80일,230 ,,,미입력
2,20250721-0608,북부사업소,202507,638 ,북구 연암공원로8길 15 (산격동) / 1106-18번지,D15mm 인입선누수수선 및 보호통교체,지하-사유지,용역일반,산격동 1106-18,2025-07-21 16:52,,2025-07-28 09:12,급수관,북구,0520,46-1,사유지,15 ,스텐레스관,이형관,노후,,200일,672 ,생활용수,,미대상
3,20250721-0606,북부사업소,202507,637 ,북구 연암공원로8길 13-2 (산격동) / 1106-18번지,D80*25mm 분기점누수수선,지하-공도,용역일반,산격동 1106-18,2025-07-21 16:51,,2025-07-28 09:11,급수관,북구,0520,46-1,공도,25 ,부분기대,부분기대,노후,,80일,230 ,,,미입력
4,20250721-0605,북부사업소,202507,636 ,북구 연암공원로7길 9 (산격동) / 1134-1번지,D15mm 인입선누수수선 및 보호통교체,지하-사유지,용역일반,산격동 1134-1,2025-07-21 16:50,,2025-07-28 09:14,급수관,북구,0520,46-1,사유지,15 ,계량기보호통(실),접합부,노후,,140일,504 ,,,미대상
5,20250721-0489,북부사업소,202507,635 ,북구 연암공원로 55-31 (산격동) / 1169-17번지,D20mm 밸브누수수선,지하-공도,용역일반,산격동 1169-17,2025-07-21 15:09,,2025-07-28 09:17,급수관,북구,0520,46-1,공도,20 ,변류,본체,노후,,140일,0 ,,,미입력
6,20250721-0465,북부사업소,202507,633 ,북구 연암공원로14길 19-12 (산격동) / 1186-71번지,D15mm 계량기실누수수선 및 보호통교체,지하-사유지,용역일반,산격동 1186-71,2025-07-21 14:42,,2025-08-08 13:57,급수관,북구,0520,24-3,사유지,15 ,계량기보호통(실),접합부,노후,,145일,522 ,,,미대상
7,20250721-0463,북부사업소,202507,632 ,북구 연암공원로14길 19-16 (산격동) / 1186-39번지,DTC D80mm 접합부누수수선,지하-공도,용역일반,산격동 1186-39,2025-07-21 14:41,,2025-08-08 13:56,배수관,북구,0520,24-3,공도,80 ,닥타일관,직관,노후,,140일,0 ,,,미입력
8,20250721-0323,북부사업소,202507,628 ,북구 대구체육관로11길 7-1 (산격동) / 1430-27번지,D80*13mm 분기점누수수선,지하-공도,자체상시,산격동 1430-27,2025-07-21 13:10,,2025-07-29 15:43,급수관,북구,0520,47,공도,15 ,부분기대,부분기대,노후,,150일,900 ,,,미입력
9,20250609-0243,북부사업소,202506,535 ,북구 연암공원로 60 (산격동) / 1155-7번지,현장출동-하수도,미누수,,산격동 1155-7,2025-06-09 13:24,,2025-06-09 16:01,,북구,0520,46-1,,,,,,,,,,,미대상
10,20250521-0010,북부사업소,202506,470 ,북구 대구체육관로11길 3 (산격동) / 1430-8번지,현장출동-밸브고장(공무이첩),미누수,,산격동 1430-8,2025-05-21 09:05,,2025-05-22 15:28,,북구,0520,47,,,,,,,,,,,미대상
11,20250528-0066,북부사업소,202505,507 ,북구 연암로4길 52-4 (산격동) / 1498-136번지,현장출동-옥내누수,미누수,,산격동 1498-136,2025-05-28 09:48,,2025-06-05 15:18,,북구,0520,47,,,,,,,,,,,미대상
12,20250527-0354,북부사업소,202505,505 ,북구 연암로 18-30 (산격동) / 1441-20번지,D13mm 밸브밑누수 및 통교체,지상-사유지,,산격동 1441-20,2025-05-27 13:03,,2025-05-28 15:43,급수관,북구,0520,47,사유지,15 ,계량기보호통(실),계량기보호통,노후,,,,생활용수,,미대상
13,20250514-0049,북부사업소,202505,451 ,북구 대학로13길 55-1 (산격동) / 1242-12번지,현장출동-옥내누수,미누수,,산격동 1242-12,2025-05-14 10:26,,2025-05-14 13:54,,북구,0520,48,,,,,,,,,,,미대상
14,20250510-0006,북부사업소,202505,444 ,"북구 연암로4길 1 (산격동,서울비닐상사) / 1441-2번지",현장출동-하수도,미누수,,산격동 1441-2,2025-05-10 08:16,,2025-05-12 09:32,,북구,0520,47,,,,,,,,,,,미대상
15,20250424-0010,북부사업소,202505,392 ,"북구 산격로9길 6-1 (산격동,새마을금고) / 1424-6번지",터파기 결과 이상없음,기타,,산격동 1424-6,2025-04-24 08:58,,2025-05-20 11:00,기타,북구,0520,47,,,,,,,,,,,미대상
16,20250418-0039,북부사업소,202504,375 ,북구 연암공원로10길 33-3 (산격동) / 1437-132번지,D13 밸브조임,지상-사유지,,산격동 1437-132,2025-04-18 09:51,,2025-04-18 13:00,급수관,북구,0520,24-3,사유지,15 ,계량기보호통(실),앵글밸브,접합부이완,,,,생활용수,,미대상
17,20250416-0280,북부사업소,202504,367 ,북구 대학로13길 40 (산격동) / 1312-23번지,D100*15 분기점 수선,지상-공도,,산격동 1312-23,2025-04-16 15:32,,2025-04-21 17:00,급수관,북구,0520,48,공도,15 ,부분기대,부분기대,노후,,8시간,0 ,생활용수,853777,입력
18,20250414-0308,북부사업소,202504,356 ,"북구 대학로 59-38, (폐전:2013.10.23) (산격동) / 1416-37번지",D80mm 직관부누수수선(클램프설치),지하-공도,자체상시,산격동 1416-37 (폐전:2013.10.23),2025-04-14 15:12,,2025-04-16 09:19,배수관,북구,0520,49,공도,80 ,닥타일관,직관,노후,,15일,0 ,생활용수,854088,입력
19,20250411-0236,북부사업소,202504,354 ,북구 연암공원로14길 54-1 (산격동) / 1424-30번지,D100*15mm 분기점누수수선(누수방지새들설치),지하-공도,자체일반,산격동 1424-30,2025-04-11 16:53,,2025-04-16 09:18,급수관,북구,0520,47,공도,15 ,부분기대,부분기대,노후,,30일,0 ,생활용수,853772,입력
20,20250410-0221,북부사업소,202504,348 ,북구 산격로10길 26-2 (산격동) / 1326-34번지,현장출동-미누수,미누수,,산격동 1326-34,2025-04-10 15:03,,2025-04-17 16:55,,북구,0520,49,,,,,,,,,,,미대상
21,20250404-0309,북부사업소,202504,337 ,북구 연암공원로10길 3-7 (산격동) / 1149-1번지,"현장출동-오수, 구청으로 이관",미누수,,산격동 1149-1,2025-04-04 15:10,,2025-04-04 15:32,,북구,0520,46-1,,,,,,,,,,,미대상
22,20250327-0617,북부사업소,202503,314 ,북구 대구체육관로 8 (산격동) / 1442-50번지,D13 밸브조임,지상-사유지,,산격동 1442-50 소담까페,2025-03-27 16:43,,2025-03-28 14:55,급수관,북구,0520,47,사유지,15 ,계량기보호통(실),앵글밸브,볼트이완,,,,생활용수,,미대상
23,20250305-0747,북부사업소,202503,225 ,북구 산격로서9길 26-6 (산격동) / 1117-45번지,"(1차)D13mm 접합부누수수선, (2차)D80×13mm 분기점누수수선",지하-공도,자체상시,산격동 1117-45,2025-03-05 16:13,,2025-03-26 08:58,급수관,북구,0520,46-1,공도,15 ,부분기대,부분기대,노후,,180일,"1,253 ",생활용수,853626,입력
24,20250304-0151,북부사업소,202503,218 ,북구 대학로25길 38-1 (산격동) / 1311-45번지,D80×13mm 구분기점누수수선(누.방설치),지하-공도,자체상시,산격동 1311-45,2025-03-04 10:30,,2025-03-26 08:57,급수관,북구,0520,48,공도,15 ,부분기대,부분기대,노후,,180일,605 ,생활용수,853627,입력
25,20250228-0217,북부사업소,202502,208 ,북구 대학로15길 25-1 (산격동) / 1326-13번지,D13 계량기통교체,지상-사유지,,산격동 1326-13,2025-02-28 11:40,,2025-02-28 16:00,급수관,북구,0520,49,사유지,15 ,계량기보호통(실),계량기보호통,노후,,,,생활용수,,미대상
26,20250227-0244,북부사업소,202502,205 ,북구 산격로10길 43-3 (산격동) / 1307-34번지,현장확인-옥내누수,미누수,,산격동 1307-34,2025-02-27 11:17,,2025-02-27 14:19,,북구,0520,49,,,,,,,,,,,미대상
27,20250226-0075,북부사업소,202502,195 ,북구 대구체육관로 40 (산격동) / 1497-7번지,"현장출동-계량기커버누수,요금팀 이첩",미누수,,산격동 1497-7 CU편의점,2025-02-26 10:20,,2025-02-26 16:28,,북구,0520,47,,,,,,,,,,,미대상
28,20250224-0473,북부사업소,202502,191 ,북구 산격로북9길 1-1 (산격동) / 1437-168번지,탐사결과-급수중지 밸브 잠금,미누수,,산격동 1437-168 행복한날,2025-02-24 15:18,,2025-03-06 08:58,,북구,0520,24-3,,,,,,,,,생활용수,,미대상
29,20250222-0021,북부사업소,202502,188 ,북구 연암로12길 9-9 (산격동) / 1040-2번지,D13mm 인입선누수 수선(밸브설치),지상-공도,,산격동 1040-2,2025-02-22 14:46,,2025-03-06 08:54,급수관,북구,0520,46-1,공도,15 ,부분기대,부분기대,노후,,4시간,1 ,생활용수,853370,입력
30,20250214-0113,북부사업소,202502,171 ,북구 대동로6길 22 (산격동) / 1312번지,D80mm (Hi-3P) 접합부누수 수선(볼트조움),지상-공도,,산격동 1312,2025-02-14 13:01,,2025-02-21 13:41,급수관,북구,0520,48,공도,80 ,HIVP,이형관,부식,,7시간,48 ,생활용수,853364,입력
31,20250211-0169,북부사업소,202502,154 ,북구 연암공원로 66-3 (산격동) / 1163-41번지,D13 밸브조임,지상-사유지,,산격동 1163-41,2025-02-11 13:16,,2025-02-11 17:29,급수관,북구,0520,46-1,사유지,15 ,계량기보호통(실),앵글밸브,노후,,,,,,미대상
32,20250210-0439,북부사업소,202502,148 ,북구 연암공원로20길 16 (산격동) / 1188번지,D13 밸브조임,지상-사유지,,산격동 1188,2025-02-10 17:22,,2025-02-11 09:06,급수관,북구,0520,24-3,사유지,15 ,계량기보호통(실),앵글밸브,노후,,,,생활용수,,미대상
33,20250210-0182,북부사업소,202502,144 ,"북구 대학로9길 14-19 (산격동,드림빌) / 1414-68번지",D20 밸브조임,지상-사유지,,산격동 1414-68,2025-02-10 11:43,,2025-02-11 08:59,급수관,북구,0520,49,사유지,20 ,계량기보호통(실),앵글밸브,노후,,,,,,미대상
34,20250206-0206,북부사업소,202502,138 ,북구 연암공원로14길 47 (산격동) / 1422-30번지,PFP D40mm 접합부누수 수선(직선처리),지상-공도,,산격동 1422-30,2025-02-06 14:04,,2025-02-07 13:27,배수관,북구,0520,47,공도,40 ,PFP관,직관,노후,,8시간,0 ,생활용수,853358,입력
35,20250206-0200,북부사업소,202502,137 ,북구 산격로11길 8 (산격동) / 1225-13번지,현장출동-미누수,미누수,,산격동 1225-13,2025-02-06 13:56,,2025-02-06 18:00,,북구,0520,47,,,,,,,,,,,미대상
36,20250205-0001,북부사업소,202502,128 ,북구 연암로 60-2 (산격동) / 993-6번지,D13mm 계량기실 누수수선(통교체),지상-사유지,,산격동 993-6,2025-02-05 01:34,,2025-02-05 16:00,급수관,북구,0520,46-1,사유지,15 ,계량기보호통(실),계량기보호통,노후,,,,,,미대상
37,20250120-0514,북부사업소,202501,82 ,북구 대구체육관로10길 7 (산격동) / 1490-21번지,계량기 잠금-내부누수(온수보일러),미누수,,산격동 1490-21,2025-01-20 16:43,,2025-01-21 09:31,,북구,0520,47,,,,,,,,,,,미대상
38,20250115-0157,북부사업소,202501,56 ,북구 대학로9길 52 (산격동) / 1407-55번지,D80*13mm 분기점 누수수선,지상-공도,,산격동 1407-55,2025-01-15 14:09,,2025-01-15 18:00,급수관,북구,0520,48,공도,15 ,부분기대,부분기대,노후,,8시간,1 ,생활용수,853348,입력
39,20250113-0120,북부사업소,202501,41 ,북구 연암로 18-14 (산격동) / 1441-24번지,"(1차)D25×13mm 분기점누수 수선, (2차)D25mm 접합부누수 수선",지상-공도,,산격동 1441-24,2025-01-13 10:20,,2025-01-13 14:00,급수관,북구,0520,47,공도,15 ,부분기대,부분기대,노후,,4시간,1 ,생활용수,853344,입력
40,20250110-0090,북부사업소,202501,30 ,"북구 대학로9길 42-5 (산격동,에벤에셀교회) / 1409-11번지",현장출동-미누수(오수현장),미누수,,산격동 1409-11,2025-01-10 10:22,,2025-01-20 14:22,,북구,0520,49,,,,,,,,,,,미대상
41,20250110-0087,북부사업소,202501,28 ,"북구 대구체육관로8길 17 (산격동,전원빌라트) / 1497-8번지",PFP D80×13mm 분기점누수 수선,지상-공도,,산격동 1497-8,2025-01-10 10:16,,2025-01-20 14:23,급수관,북구,0520,47,공도,15 ,부분기대,부분기대,노후,,4시간,0 ,생활용수,853339,입력
42,20241228-0004,북부사업소,202412,794 ,북구 연암공원로14길 41-7 (산격동) / 1226-11번지,EPS D50*15mm 분기점 누수수선,지상-공도,,산격동 1226-11,2024-12-28 08:06,,2024-12-28 12:00,급수관,북구,0520,47,공도,15 ,부분기대,부분기대,노후,,8시간,0 ,생활용수,853154,입력
43,20241226-0142,북부사업소,202412,785 ,"북구 산격로 32 (산격동,대도횟집) / 1413-11번지",D15mm 계량기실 앵글밸브 조움,지상-사유지,,산격동 1413-11,2024-12-26 10:54,,2024-12-26 18:00,급수관,북구,0520,49,사유지,15 ,계량기보호통(실),앵글밸브,노후,,,,생활용수,,미대상
44,20241224-0264,북부사업소,202412,781 ,북구 산격로11길 20 (산격동) / 1225-3번지,"D13mm 계량기보호통교체
",지상-사유지,,산격동 1225-3,2024-12-24 13:22,,2024-12-24 18:00,급수관,북구,0520,47,사유지,15 ,계량기보호통(실),계량기보호통,노후,,,,생활용수,,미대상
45,20241223-0128,북부사업소,202412,776 ,북구 연암로2길 31-2 (산격동) / 1498-226번지,업체 확인결과 옥내누수,미누수,,산격동 1498-226,2024-12-23 10:52,,2024-12-24 08:00,,북구,0520,47,,,,,,,,,,,미대상
46,20241220-0318,북부사업소,202412,772 ,"북구 연암로4길 1 (산격동,서울비닐상사) / 1441-2번지","(1차,2차)(터파기미누수)(3차)EPS D50×13mm 분기점누수 수선",지상-공도,,산격동 1441-2,2024-12-20 16:52,,2024-12-21 18:00,급수관,북구,0520,47,공도,15 ,부분기대,부분기대,노후,,8시간,0 ,생활용수,853161,입력
47,20241219-0148,북부사업소,202412,760 ,북구 대구체육관로8길 26 (산격동) / 1498-6번지,업체 확인결과 미누수(수도X),미누수,,산격동 1498-6,2024-12-19 11:21,,2024-12-19 18:00,,북구,0520,47,,,,,,,,,생활용수,,미대상
48,20241217-0180,북부사업소,202412,752 ,북구 산격로11길 18-8 (산격동) / 1224-8번지,D15mm 계량기 앵글밸브 조움,지상-사유지,,산격동 1224-8,2024-12-17 12:00,,2024-12-17 18:00,급수관,북구,0520,47,사유지,15 ,계량기보호통(실),계량기보호통,노후,,,,생활용수,,미대상
49,20241213-0230,북부사업소,202412,743 ,북구 산격로서9길 13 (산격동) / 1437-94번지,DTC D300mm 배수본관 누수수선,지상-공도,,산격동 1437-94,2024-12-13 17:45,,2024-12-13 23:00,배수본관,북구,0520,24-3,공도,300 ,닥타일관,직관,타공사손괴,구청(하수도),3시간,210 ,,853185,입력
50,20241210-0004,북부사업소,202412,730 ,"북구 대구체육관로10길 11 (산격동,LH다움) / 1490-5번지",DTC D80*15mm 구분기점 누수수선(누수방지새들 설치),지상-공도,,산격동 1490-5,2024-12-10 08:38,,2024-12-10 10:00,급수관,북구,0520,47,공도,15 ,부분기대,부분기대,노후,,1시간,0 ,,853190,입력
51,20241208-0017,북부사업소,202412,725 ,북구 연암로 18-15 (산격동) / 1441-61번지,EPS D50mm 직관부 누수수선,지상-공도,,산격동 1441-61,2024-12-08 09:00,,2024-12-09 12:00,배수관,북구,0520,47,공도,50 ,에폭시강관,직관,노후,,2시간,1 ,,853191,입력
52,20241204-0353,북부사업소,202412,703 ,북구 연암로 18-9 (산격동) / 1441-51번지,PFP D40*15mm 분기점 누수수선,지하-공도,자체일반,산격동 1441-51,2024-12-04 16:41,,2024-12-05 18:00,배수관,북구,0520,47,공도,25 ,부분기대,부분기대,노후,,5일,17 ,생활용수,853199,입력
53,20241119-0070,북부사업소,202412,658 ,북구 연암공원로10길 25-2 (산격동) / 1436-5번지,업체 확인결과 옥내누수,미누수,,산격동 1436-5,2024-11-19 10:16,,2024-11-19 18:00,,북구,0520,24-3,,,,,,,,,,,미대상
54,20241126-0355,북부사업소,202411,678 ,"북구 연암공원로 67, 2동 201호 (산격동,영광주택) / 1165번지",업체 확인결과 미누수,미누수,,산격동 1165 2동 201호,2024-11-26 13:55,,2024-11-27 08:00,,북구,0520,46-1,,,,,,,,,,,미대상
55,20241126-0348,북부사업소,202411,677 ,"북구 산격로6길 17, 경북크리닝 (산격동) / 1412-30번지",업체 확인결과 상수도 아님,미누수,,산격동 1412-30 경북크리닝,2024-11-26 13:50,,2024-11-26 18:00,,북구,0520,49,,,,,,,,,,,미대상
56,20241125-0037,북부사업소,202411,673 ,북구 연암공원로13길 12-3 (산격동) / 1180-131번지,D15mm 계량기 앵글밸브 조움,지상-사유지,,산격동 1180-131,2024-11-25 09:12,,2024-11-25 18:00,급수관,북구,0520,46-1,사유지,15 ,계량기보호통(실),계량기보호통,노후,,,,생활용수,,미대상
57,20241122-0027,북부사업소,202411,669 ,북구 연암공원로8길 22 (산격동) / 1102-13번지,D15mm 계량기보호통 교체,지상-사유지,,산격동 1102-13,2024-11-22 09:18,,2024-11-22 18:00,급수관,북구,0520,46-1,사유지,15 ,계량기보호통(실),계량기보호통,노후,,,,,,미대상
58,20241117-0011,북부사업소,202411,651 ,"북구 산격로6길 8 (산격동,오그레이Ⅰ) / 1414-8번지",업체 확인결과 하수도,미누수,,산격동 1414-8,2024-11-17 12:45,,2024-11-17 14:00,,북구,0520,49,,,,,,,,,,,미대상
59,20241105-0330,북부사업소,202411,633 ,북구 연암공원로8길 11-1 (산격동) / 1106-6번지,업체 확인결과 디지털계량기 고장(요금이첩),미누수,,산격동 1106-6,2024-11-05 15:32,,2024-11-05 18:00,,북구,0520,46-1,,,,,,,,,,,미대상
60,20241031-0596,북부사업소,202410,626 ,북구 산격로8길 11-4 (산격동) / 1409-32번지,STS D25 직관부누수 밸브설치,지하-공도,자체상시,산격동 1409-32,2024-10-31 16:20,,2024-11-13 16:25,배수관,북구,0520,49,공도,25 ,스텐레스관,직관,노후,,153일,"1,469 ",,853236,입력
61,20241022-0272,북부사업소,202410,601 ,"북구 대동로 12 (산격동,팔공산직판장) / 1253-1번지",D15mm 계량기 후단부 엘보 조움,지상-사유지,,산격동 1253-1,2024-10-22 14:29,,2024-10-22 18:00,급수관,북구,0520,48,사유지,15 ,계량기보호통(실),연결부,노후,,,,,,미대상
62,20241018-0041,북부사업소,202410,590 ,북구 산격로 39-3 (산격동) / 1425-29번지,D15mm 계량기 앵글밸브 조움,지상-사유지,,산격동 1425-29,2024-10-18 09:34,,2024-10-18 12:00,급수관,북구,0520,47,사유지,15 ,계량기보호통(실),앵글밸브,노후,,,,,,미대상
63,20241016-0187,북부사업소,202410,586 ,북구 연암공원로10길 31-7 (산격동) / 1436-4번지,업체 확인결과 옥내누수,미누수,,산격동 1436-4,2024-10-16 13:43,,2024-10-16 18:00,,북구,0520,24-3,,,,,,,,,,,미대상
64,20241016-0055,북부사업소,202410,585 ,북구 연암공원로12길 11 (산격동) / 1148-7번지,D15mm 계량기 앵글밸브 조움,지상-사유지,,산격동 1148-7,2024-10-16 10:06,,2024-10-16 13:00,급수관,북구,0520,46-1,사유지,15 ,계량기보호통(실),앵글밸브,노후,,,,,,미대상
65,20241010-0383,북부사업소,202410,564 ,"북구 산격로8길 1, 우리들약국 (산격동) / 1410-7번지",업체 확인결과 옥내누수,미누수,,산격동 1410-7 우리들약국,2024-10-10 17:12,,2024-10-10 19:00,,북구,0520,49,,,,,,,,,,,미대상
66,20240925-0208,북부사업소,202410,506 ,"북구 연암로12길 12-10 (산격동,대아전업사) / 1091-2번지",D15mm 계량기보호통 교체,지하-사유지,용역상시,산격동 1091-2,2024-09-25 10:58,,2024-10-14 18:00,급수관,북구,0520,46-1,사유지,15 ,계량기보호통(실),계량기보호통,노후,,135일,"1,296 ",,,미대상
67,20240925-0225,북부사업소,202409,508 ,"북구 연암공원로13길 14 (산격동,미래센스빌) / 1180-104번지",업체 확인결과 옥내누수,미누수,,산격동 1180-104,2024-09-25 11:07,,2024-09-25 13:00,,북구,0520,46-1,,,,,,,,,,,미대상
68,20240924-0187,북부사업소,202409,492 ,"북구 산격로8길 36 (산격동,마이까사) / 1327-12번지",D15mm 앵글밸브 조움(보조계량기),지상-사유지,,산격동 1327-12,2024-09-24 10:49,,2024-09-24 12:00,급수관,북구,0520,49,사유지,15 ,계량기보호통(실),앵글밸브,노후,,,,생활용수,,미대상
69,20240910-0240,북부사업소,202409,478 ,북구 연암로 18-15 (산격동) / 1441-61번지,D15mm 계량기 앵글밸브 조임,지상-사유지,,산격동 1441-61,2024-09-10 14:58,,2024-09-10 15:00,급수관,북구,0520,47,사유지,15 ,계량기보호통(실),앵글밸브,노후,,,,생활용수,,미대상
70,20240909-0071,북부사업소,202409,474 ,북구 산격로서9길 3-5 (산격동) / 1437-77번지,밸브고장 공무이첩,미누수,,산격동 1437-77,2024-09-09 10:20,,2024-09-09 14:00,,북구,0520,24-3,,,,,,,,,,,미대상
71,20240902-0631,북부사업소,202409,466 ,"북구 산격로 22 (산격동,화장품) / 1418-9번지",D15mm 계량기 앵글밸브 수선,지상-사유지,,산격동 1418-9,2024-09-02 17:48,,2024-09-02 19:00,급수관,북구,0520,49,사유지,15 ,계량기보호통(실),앵글밸브,노후,,,,생활용수,,미대상
72,20240830-0109,북부사업소,202409,458 ,북구 관음중앙로21길 8-7 (관음동) / 1253-11번지,D20mm 계량기보호통 교체,지하-사유지,용역일반,관음동 1253-11,2024-08-30 10:16,,2024-09-09 18:00,급수관,북구,0520,48,사유지,20 ,계량기보호통(실),계량기보호통,노후,,4일,14 ,생활용수,,미대상
73,20240830-0100,북부사업소,202409,453 ,북구 대동로4길 6-6 (산격동) / 1241-14번지,D15mm 계량기보호통 교체,지하-사유지,용역일반,산격동 1241-14,2024-08-30 10:10,,2024-09-09 14:00,급수관,북구,0520,48,사유지,15 ,계량기보호통(실),계량기보호통,노후,,4일,2 ,생활용수,,미대상
74,20240830-0102,북부사업소,202408,454 ,북구 대동로 2 (산격동) / 1234-1번지,D100mm 이토변 누수수선(볼트조음),지하-공도,용역일반,산격동 1234-1 그린파크빌(고:횟집),2024-08-30 10:13,,2024-08-30 18:00,배수관,북구,0520,48,공도,100 ,변류,접합부,노후,,122일,"2,255 ",생활용수,853179,입력
75,20240830-0076,북부사업소,202408,447 ,북구 산격로13길 5-3 (산격동) / 1228-20번지,EPS D50*15mm 분기점 누수수선,지하-공도,용역일반,산격동 1228-20,2024-08-30 09:58,,2024-08-30 18:00,급수관,북구,0520,47,공도,15 ,부분기대,부분기대,노후,,122일,"1,435 ",생활용수,853170,입력
76,20240820-0141,북부사업소,202408,421 ,북구 산격로9길 14-22 (산격동) / 1424-28번지,D15mm 계량기통 교체,지하-사유지,용역일반,산격동 1424-28,2024-08-20 11:01,,2024-08-20 18:00,급수관,북구,0520,47,사유지,15 ,계량기보호통(실),계량기보호통,노후,,4일,10 ,생활용수,,미대상
77,20240820-0129,북부사업소,202408,418 ,북구 연암공원로 90-18 (산격동) / 1185-18번지,D15mm 계량기실 누수수선(통교체),지하-사유지,용역일반,산격동 1185-18,2024-08-20 10:47,,2024-08-29 18:00,급수관,북구,0520,24-3,사유지,15 ,계량기보호통(실),계량기보호통,노후,,117일,"1,264 ",생활용수,853146,입력
78,20240820-0122,북부사업소,202408,417 ,북구 연암공원로8길 7-1 (산격동) / 1106-1번지,D13mm 계량기실 누수수선(통교체),지하-사유지,용역일반,산격동 1106-1,2024-08-20 10:43,,2024-08-22 12:00,급수관,북구,0520,46-1,사유지,15 ,계량기보호통(실),계량기보호통,노후,,5일,2 ,생활용수,,미대상
79,20240820-0085,북부사업소,202408,411 ,북구 산격로북9길 5-2 (산격동) / 1437-62번지,D13mm 직관부 밸브누수 수선(밸브교체),지하-사유지,용역일반,산격동 1437-62,2024-08-20 10:09,,2024-08-20 18:00,급수관,북구,0520,24-3,사유지,15 ,변류,본체,노후,,4일,40 ,생활용수,,미대상
80,20240806-0092,북부사업소,202408,387 ,"북구 산격로14길 38 (산격동,대호빌라트) / 1311번지",D15mm 계량기실 누수수선(후크너트),지상-사유지,,산격동 1311,2024-08-06 09:48,,2024-08-06 18:00,급수관,북구,0520,48,사유지,15 ,계량기보호통(실),연결부,노후,,,,생활용수,,미대상
81,20240724-0347,북부사업소,202407,365 ,북구 연암공원로8길 10-4 (산격동) / 1126-5번지,D15mm 계량기실 누수수선(통교체),지하-사유지,용역일반,산격동 1126-5,2024-07-24 13:26,,2024-08-02 12:00,급수관,북구,0520,46-1,사유지,20 ,계량기보호통(실),계량기보호통,노후,,4일,37 ,,,미대상
82,20240724-0339,북부사업소,202407,363 ,북구 연암공원로 22-23 (산격동) / 1099-46번지,D15mm 계량기실 누수수선(통교체),지하-사유지,용역일반,산격동 1099-46,2024-07-24 13:18,,2024-07-24 18:00,급수관,북구,0520,46-1,사유지,15 ,계량기보호통(실),계량기보호통,노후,,5일,36 ,생활용수,,미대상
83,20240717-0101,북부사업소,202407,344 ,북구 연암로12길 9-9 (산격동) / 1040-2번지,D15mm 계량기실 누수수선(통교체),지하-사유지,용역일반,산격동 1040-2,2024-07-17 10:37,,2024-07-20 18:00,급수관,북구,0520,46-1,사유지,15 ,계량기보호통(실),계량기보호통,노후,,4일,38 ,,,미대상
84,20240717-0078,북부사업소,202407,336 ,북구 연암공원로 37 (산격동) / 1132-1번지,D15mm 계량기실 누수수선(통교체),지하-사유지,용역일반,산격동 1132-1,2024-07-17 10:18,,2024-07-17 18:00,급수관,북구,0520,46-1,사유지,15 ,계량기보호통(실),계량기보호통,노후,,100일,"1,080 ",생활용수,852158,입력
85,20240610-0204,북부사업소,202406,256 ,북구 산격로 58-1 (산격동) / 1408-13번지,D15 통밑누수 보호통교체,지상-사유지,,산격동 1408-13,2024-06-10 09:38,,2024-06-15 07:01,급수관,북구,0520,48,사유지,15 ,계량기보호통(실),계량기보호통,노후,,,,생활용수,,미대상
86,20240530-0531,북부사업소,202405,218 ,북구 연암공원로 60 (산격동) / 1155-7번지,D15mm 계량기실 누수수선(통교체),지하-사유지,자체일반,산격동 1155-7,2024-05-30 16:57,,2024-05-31 12:00,급수관,북구,0520,46-1,사유지,15 ,계량기보호통(실),계량기보호통,노후,,3일,32 ,생활용수,,미대상
87,20240523-0006,북부사업소,202405,201 ,북구 연암공원로 55-5 (산격동) / 1153-8번지,D15mm 계량기실 누수수선(통교체),지상-사유지,,산격동 1153-8,2024-05-23 08:01,,2024-05-23 13:00,급수관,북구,0520,46-1,사유지,15 ,계량기보호통(실),계량기보호통,노후,,,,생활용수,,미대상
88,20240510-0092,북부사업소,202405,175 ,북구 대학로 77-1 (산격동) / 1346-19번지,업체 확인결과 하수도,미누수,,산격동 1346-19,2024-05-10 11:05,,2024-05-10 12:00,,북구,0520,49,,,,,,,,,,,미대상
89,20240430-0679,북부사업소,202404,156 ,북구 대학로25길 5-2 (산격동) / 1277-1번지,업체 확인결과 미누수,미누수,,산격동 1277-1,2024-04-30 16:57,,2024-04-30 18:00,,북구,0520,49,,,,,,,,,,,미대상
90,20240429-0523,북부사업소,202404,145 ,북구 산격로11길 8-4 (산격동) / 1225-14번지,D15mm 계량기실 누수수선(밸브),지상-사유지,,산격동 1225-14,2024-04-29 15:03,,2024-04-29 16:00,급수관,북구,0520,47,사유지,15 ,계량기보호통(실),계량기보호통,노후,,,,,,미대상
91,20240424-0481,북부사업소,202404,139 ,"북구 연암로4길 59 (산격동,대성이용원) / 1498-194번지",D15mm 계량기실 누수수선(밸브),지상-사유지,,산격동 1498-194,2024-04-24 19:42,,2024-04-24 21:00,급수관,북구,0520,47,사유지,15 ,계량기보호통(실),앵글밸브,노후,,,,,,미대상
92,20240415-0261,북부사업소,202404,119 ,"북구 대학로15길 17-1 (산격동,주비) / 1326-11번지",D15mm 계량기실 누수수선(밸브),지상-사유지,,산격동 1326-11,2024-04-15 16:18,,2024-04-15 19:00,급수관,북구,0520,49,사유지,15 ,계량기보호통(실),앵글밸브,노후,,,,생활용수,,미대상
93,20240412-0178,북부사업소,202404,116 ,북구 연암공원로11길 16 (산격동) / 1180-31번지,STS D15mm 통밑 유니온 수선,지하-사유지,자체일반,산격동 1180-31,2024-04-12 14:16,,2024-04-12 18:00,급수관,북구,0520,46-1,사유지,15 ,계량기보호통(실),계량기보호통,노후,,4일,43 ,생활용수,,미대상
94,20240408-0056,북부사업소,202404,102 ,북구 연암공원로 83-3 (산격동) / 1183-44번지,업체 확인결과 옥내누수,미누수,,산격동 1183-44,2024-04-08 09:44,,2024-04-08 12:00,,북구,0520,24-3,,,,,,,,,,,미대상
95,20240402-0130,북부사업소,202404,94 ,북구 대구체육관로2길 7-3 (산격동) / 1442-40번지,D15mm 계량기 접합부 수선(후크너트),지상-사유지,,산격동 1442-40,2024-04-02 09:52,,2024-04-02 12:00,급수관,북구,0520,47,사유지,15 ,계량기보호통(실),접합부,노후,,,,,,미대상
96,20240315-0242,북부사업소,202403,42 ,북구 대학로15길 11-1 (산격동) / 1397-40번지,D15mm 계량기실 누수수선(밸브)밸브 캡 조임.,지상-사유지,,산격동 1397-40 야무지게,2024-03-15 16:10,,2024-03-15 19:00,급수관,북구,0520,49,사유지,15 ,계량기보호통(실),앵글밸브,노후,,,,,,미대상
97,20240314-0109,북부사업소,202403,34 ,북구 연암공원로 18-1 (산격동) / 1061-2번지,D25 EOP밸브 설치,지상-공도,,산격동 1061-2,2024-03-14 11:42,,2024-03-14 15:42,급수관,북구,0520,46-1,공도,25 ,스텐레스관,직관,노후,,1시간,1 ,,851173,입력
98,20240313-0057,북부사업소,202403,33 ,북구 산격로서9길 8-21 (산격동) / 1437-127번지,D15mm 계량기보호통 교체,지상-사유지,,산격동 1437-127,2024-03-13 10:41,,2024-03-13 15:00,급수관,북구,0520,24-3,사유지,15 ,계량기보호통(실),연결부,노후,,,,,,미대상
99,20240224-0019,북부사업소,202402,883 ,북구 연암로2길 23-1 (산격동) / 1498-168번지,"D15mm 계량기실 누수수선(통교체)전단부, 앵글밸브 하단",지상-사유지,,산격동 1498-168,2024-02-24 17:01,,2024-02-24 21:00,급수관,북구,0520,47,사유지,15 ,계량기보호통(실),계량기보호통,노후,,,,,850988,입력
100,20240216-0085,북부사업소,202402,876 ,북구 연암공원로32길 64-50 (산격동) / 1193-11번지,PFP D40*15mm 니플 교체수선(실주소 1188-49),지상-사유지,,산격동 1193-11,2024-02-16 11:08,,2024-02-16 15:00,급수관,북구,0520,24,사유지,15 ,스텐레스관,직관,노후,,,,생활용수,850995,입력
101,20240205-0357,북부사업소,202402,857 ,"북구 연암공원로11길 3 (산격동,정우수산) / 1166-1번지",계량기 패킹 D15 교체수선,지상-사유지,,산격동 1166-1,2024-02-05 16:25,,2024-02-06 20:25,급수관,북구,0520,46-1,사유지,15 ,계량기보호통(실),접합부,노후,,,,,851010,입력
102,20240202-0231,북부사업소,202402,852 ,"북구 대학로23길 18-3 (산격동,코이라멘) / 1309-20번지",PFP D40x15 닢플15 교체수선,지상-사유지,,산격동 1309-20,2024-02-02 13:01,,2024-02-03 13:01,급수관,북구,0520,49,사유지,15 ,스텐레스관,직관,노후,,,,생활용수,851015,입력
103,20240201-0040,북부사업소,202402,848 ,북구 대구체육관로8길 23 (산격동) / 1497-15번지,앵글밸브 하단D15 계량기보호통 교체,지상-사유지,,산격동 1497-15,2024-02-01 09:13,,2024-02-01 14:00,급수관,북구,0520,47,사유지,15 ,계량기보호통(실),계량기보호통,노후,,,,,851017,입력
104,20240130-0016,북부사업소,202401,842 ,북구 대구체육관로8길 24 (산격동) / 1498-73번지,앵글밸브 하단 D15 보호통 교체,지하-사유지,자체일반,산격동 1498-73,2024-01-30 08:54,,2024-01-30 13:00,급수관,북구,0520,47,사유지,15 ,계량기보호통(실),계량기보호통,노후,,15일,140 ,생활용수,,미대상
105,20240126-0134,북부사업소,202401,835 ,북구 연암로4길 53-4 (산격동) / 1498-210번지,"D15mm 보호통 교체(보호통 전단, 하단부)",지상-사유지,,산격동 1498-210,2024-01-26 10:44,,2024-01-26 15:00,급수관,북구,0520,47,사유지,15 ,계량기보호통(실),계량기보호통,노후,,,,,,미대상
106,20240108-0248,북부사업소,202401,802 ,북구 연암로4길 36-3 (산격동) / 1498-81번지,앵글밸브D15 캡너트조우기,지상-사유지,,산격동 1498-81,2024-01-08 13:03,,2024-01-08 17:03,급수관,북구,0520,47,사유지,15 ,계량기보호통(실),앵글밸브,노후,,,,,,미대상
107,20240104-0307,북부사업소,202401,794 ,"북구 대학로23길 2 (산격동,베스트) / 1304-14번지",D20 앵글밸브 캡 너트조우기,지상-사유지,,산격동 1304-14,2024-01-04 11:23,,2024-01-04 15:23,급수관,북구,0520,49,사유지,20 ,계량기보호통(실),앵글밸브,노후,,,,,,미대상
108,20231226-0163,북부사업소,202312,713 ,북구 연암공원로7길 2-19 (산격동) / 1138-5번지,업체 현장확인 및 자체 탐사결과 하수도,미누수,,산격동 1138-5,2023-12-26 10:08,,2023-12-26 14:00,,북구,0520,46-1,,,,,,,,,생활용수,,미대상
109,20231225-0021,북부사업소,202312,764 ,"북구 대학로 59-28 (산격동,로고스) / 1416-12번지",DTC 80x15 분기대교체수선,지상-공도,,산격동 1416-12,2023-12-25 10:51,,2023-12-27 09:07,급수관,북구,0520,49,공도,15 ,부분기대,부분기대,노후,,1시간,1 ,,850574,입력
110,20231221-0253,북부사업소,202312,751 ,북구 산격로14길 32-1 (산격동) / 1311-27번지,DTC D20 분기대 교체수선,지하-공도,용역일반,산격동 1311-27,2023-12-21 14:39,,2023-12-21 18:39,급수관,북구,0520,48,공도,20 ,부분기대,부분기대,노후,,181일,"2,997 ",생활용수,850567,입력
111,20231219-0019,북부사업소,202312,739 ,"북구 복현로2길 5 (복현동,영지빌) / 361-24번지",업체 확인결과 미누수,미누수,,복현동 361-24,2023-12-19 09:04,,2023-12-19 12:00,,북구,0520,48,,,,,,,,,생활용수,,미대상
112,20231218-0479,북부사업소,202312,737 ,북구 산격로14길 17 (산격동) / 1405-9번지,STS D15 직관부수선,지하-공도,용역일반,산격동 1405-9,2023-12-18 18:32,,2023-12-18 22:32,급수관,북구,0520,48,공도,15 ,스텐레스관,직관,노후,,179일,"2,191 ",생활용수,850558,입력
113,20231218-0002,북부사업소,202312,732 ,북구 연암공원로20길 26-9 (산격동) / 1190-7번지,PFP D40x15 니플 교체수선,지상-공도,,산격동 1190-7,2023-12-18 07:23,,2023-12-18 11:23,급수관,북구,0520,24-3,공도,15 ,부분기대,부분기대,노후,,1시간,1 ,,850555,입력
114,20231215-0182,북부사업소,202312,730 ,"북구 산격로 68 (산격동,쿠잉쿡) / 1229-3번지",앵글밸브하단 D15 보호통 교체수선,지상-사유지,,산격동 1229-3,2023-12-15 17:18,,2023-12-15 20:18,급수관,북구,0520,48,사유지,15 ,계량기보호통(실),계량기보호통,노후,,,,생활용수,,미대상
115,20231206-0121,북부사업소,202312,710 ,북구 연암로12길 6-29 (산격동) / 1089-2번지,STS D25x15 T교체수선,지하-공도,용역일반,산격동 1089-2,2023-12-06 10:42,,2023-12-06 14:42,급수관,북구,0520,46-1,공도,25 ,부분기대,부분기대,노후,,173일,"2,491 ",생활용수,850508,입력
116,20231205-0278,북부사업소,202312,702 ,"북구 연암공원로 52-9 (산격동,2015.11.05.급수중지 연장) / 1150-2번지",STS D15 보호통하단 접합부수선,지상-사유지,,산격동 1150-2,2023-12-05 11:30,,2023-12-05 15:30,배수관,북구,0520,46-1,사유지,15 ,계량기보호통(실),연결부,노후,,,,생활용수,,미대상
117,20231204-0300,북부사업소,202312,698 ,북구 산격로14길 49 (산격동) / 1305-24번지,DTC D80*15mm 분기점 수선,지하-공도,용역일반,산격동 1305-24,2023-12-04 11:46,,2023-12-04 16:00,배수관,북구,0520,49,공도,15 ,닥타일관,이형관,노후,,172일,"1,197 ",생활용수,850516,입력
118,20231201-0519,북부사업소,202312,693 ,"북구 연암로12길 10-5 (산격동,만송그린빌) / 1086번지",계량기실 누수 D32보호통 교체수선,지상-사유지,,산격동 1086,2023-12-01 22:57,,2023-12-02 02:57,급수관,북구,0520,46-1,사유지,32 ,계량기보호통(실),계량기보호통,노후,,,,생활용수,,미대상
119,20231130-0482,북부사업소,202311,689 ,"북구 연암로12길 16-1 (산격동,수아머리방) / 1059-1번지",PFP D80 접합부 수선,지하-공도,용역일반,산격동 1059-1,2023-11-30 15:49,,2023-11-30 19:49,배수관,북구,0520,46-1,공도,80 ,PFP관,이형관,노후,,170일,"2,040 ",생활용수,,미입력
120,20231129-0375,북부사업소,202311,679 ,북구 연암로 66-6 (산격동) / 993-16번지,D15 계량기 접합부 수선,지상-사유지,,산격동 993-16,2023-11-29 13:18,,2023-11-29 17:18,급수관,북구,0520,46-1,사유지,20 ,계량기보호통(실),접합부,노후,,,,생활용수,,미대상
121,20231122-0213,북부사업소,202311,665 ,북구 연암공원로20길 34-3 (산격동) / 1222-34번지,D15 계량기 접합부 수선,지상-사유지,,산격동 1222-34,2023-11-22 11:36,,2023-11-22 15:36,급수관,북구,0520,24-3,사유지,15 ,계량기보호통(실),접합부,노후,,,,,,미대상
122,20231121-0158,북부사업소,202311,662 ,북구 산격로북9길 5-2 (산격동) / 1437-62번지,STS D15 인입선 수선,지하-공도,용역일반,산격동 1437-62,2023-11-21 11:23,,2023-11-21 15:23,급수관,북구,0520,24-3,공도,15 ,스텐레스관,직관,노후,,165일,"2,020 ",생활용수,,미입력
123,20231121-0153,북부사업소,202311,658 ,북구 산격로서9길 8-43 (산격동) / 1437-40번지,D15 계량기보호통 교체,지하-사유지,용역일반,산격동 1437-40,2023-11-21 11:19,,2023-11-21 15:19,급수관,북구,0520,24-3,사유지,15 ,계량기보호통(실),계량기보호통,노후,,165일,"1,030 ",생활용수,,미대상
124,20231117-0002,북부사업소,202311,645 ,북구 대학로13길 26-1 (산격동) / 1326-10번지,DTC D200 접합부 수선,지하-공도,용역일반,산격동 1326-10,2023-11-17 08:44,,2023-11-17 12:44,배수관,북구,0520,49,공도,200 ,닥타일관,이형관,노후,,162일,"1,944 ",생활용수,,미입력
125,20231114-0269,북부사업소,202311,638 ,북구 산격로14길 42 (산격동) / 1306-20번지,STS D40x15 구분기점 폐쇄 직관처리,지하-공도,용역일반,산격동 1306-20,2023-11-14 16:15,,2023-11-17 10:43,급수관,북구,0520,49,공도,40 ,부분기대,부분기대,노후,,161일,"1,932 ",생활용수,,미입력
126,20231111-0011,북부사업소,202311,633 ,북구 산격로북9길 5-2 (산격동) / 1437-62번지,STS D40x15 구분기점 폐쇄 STS D40 직관처리,지하-공도,용역일반,산격동 1437-62,2023-11-11 11:02,,2023-11-11 15:02,급수관,북구,0520,24-3,공도,40 ,부분기대,부분기대,노후,,159일,"1,908 ",생활용수,,미입력
127,20231111-0010,북부사업소,202311,632 ,북구 연암공원로12길 8-2 (산격동) / 1156-1번지,PFP D80x15 분기대 교체수선,지하-공도,용역일반,산격동 1156-1,2023-11-11 11:01,,2023-11-11 15:00,급수관,북구,0520,46-1,공도,15 ,부분기대,부분기대,노후,,159일,"1,908 ",생활용수,,미입력
128,20231111-0009,북부사업소,202311,631 ,북구 산격로서9길 8-3 (산격동) / 1437-27번지,DTC D80x15 구분기점 폐쇄,지하-공도,용역일반,산격동 1437-27,2023-11-11 11:01,,2023-11-11 15:01,급수관,북구,0520,24-3,공도,15 ,부분기대,부분기대,노후,,159일,"2,671 ",생활용수,,미입력
129,20231111-0008,북부사업소,202311,630 ,"북구 대동로 48 (산격동,드림노래방) / 1275-5번지",DTC D25 분기대교체수선,지하-공도,용역일반,산격동 1275-5,2023-11-11 11:00,,2023-11-11 15:00,급수관,북구,0520,49,공도,25 ,부분기대,부분기대,노후,,159일,"2,290 ",신천용수,,미입력
130,20231103-0017,북부사업소,202311,615 ,북구 연암공원로14길 14-4 (산격동) / 1434-6번지,PFP D100*15mm 분기점 수선,지하-공도,용역일반,산격동 1434-6,2023-11-03 09:14,,2023-11-03 13:00,급수관,북구,0520,46-1,공도,15 ,부분기대,부분기대,노후,,155일,"1,600 ",생활용수,,미입력
131,20231103-0015,북부사업소,202311,614 ,북구 산격로13길 5-6 (산격동) / 1226-4번지,EPS D50*15mm 분기점 수선,지하-공도,용역일반,산격동 1226-4,2023-11-03 09:13,,2023-11-03 14:00,급수관,북구,0520,47,공도,50 ,부분기대,부분기대,노후,,155일,"1,860 ",생활용수,,미입력
132,20231103-0014,북부사업소,202311,613 ,북구 산격로13길 12-3 (산격동) / 1221-10번지,D15 보호통교체,지하-사유지,용역일반,산격동 1221-10,2023-11-03 09:13,,2023-11-03 13:13,급수관,북구,0520,47,사유지,15 ,계량기보호통(실),계량기보호통,노후,,155일,"1,451 ",생활용수,,미대상
133,20231102-0007,북부사업소,202311,607 ,북구 산격로10길 43-4 (산격동) / 1307-64번지,D15mm 계량기실 누수수선(통교체),지하-공도,자체일반,산격동 1307-64,2023-11-02 08:44,,2023-11-02 14:00,급수관,북구,0520,49,공도,15 ,스텐레스관,이형관,노후,,154일,"1,441 ",생활용수,,미입력
134,20230729-0034,북부사업소,202311,605 ,북구 연암공원로10길 2 (산격동) / 1144-6번지,철개입상 2개소,배수관망유지수선,,산격동 1144-6,2023-07-29 13:00,,2023-07-29 15:00,,북구,0520,46-1,,,,,,,,,생활용수,,미입력
135,20231031-0550,북부사업소,202310,575 ,북구 대학로13길 60 (산격동) / 1251-16번지,D15mm 계량기실 누수수선(통교체),지상-사유지,,산격동 1251-16,2023-10-31 16:56,,2023-10-31 21:00,급수관,북구,0520,48,사유지,15 ,계량기보호통(실),계량기보호통,노후,,,,생활용수,,미대상
136,20231025-0070,북부사업소,202310,588 ,북구 연암공원로 22-10 (산격동) / 1076번지,D15mm 계량기보호통 수선,지상-사유지,,산격동 1076,2023-10-25 09:47,,2023-10-25 15:00,급수관,북구,0520,46-1,사유지,15 ,계량기보호통(실),계량기보호통,노후,,,,생활용수,,미대상
137,20231023-0251,북부사업소,202310,582 ,"북구 연암로2길 18 (산격동,한빛고시텔) / 1392-4번지",D25mm 계량기실 앵글밸브 수선,지상-사유지,,산격동 1392-4,2023-10-23 11:38,,2023-10-23 14:00,급수관,북구,0520,47,사유지,25 ,계량기보호통(실),앵글밸브,노후,,,,생활용수,,미대상
138,20231011-0009,북부사업소,202310,550 ,북구 연암공원로10길 25-2 (산격동) / 1436-5번지,유량계실 양수기 작업,미누수,,산격동 1436-5,2023-10-11 09:15,,2023-10-11 13:00,,북구,0520,47,,,,,,,,,생활용수,,미대상
139,20231010-0170,북부사업소,202310,549 ,북구 연암공원로7길 2-23 (산격동) / 1138-3번지,D15mm 계량기보호통 수선,지상-사유지,,산격동 1138-3,2023-10-10 11:00,,2023-10-10 15:00,급수관,북구,0520,46-1,사유지,15 ,계량기보호통(실),계량기보호통,노후,,,,생활용수,,미대상
140,20231004-0820,북부사업소,202310,539 ,북구 대학로13길 62 (산격동) / 1251-18번지,확인굴착,미누수,,산격동 1251-18,2023-10-04 16:52,,2023-10-04 18:00,,북구,0520,48,,,,,,,,,생활용수,,미대상
141,20230925-0581,북부사업소,202309,523 ,북구 산격로17길 13 (산격동) / 1222-47번지,PFP D40*15mm 분기점 누수수선,지하-공도,자체일반,산격동 1222-47,2023-09-25 17:16,,2023-09-25 21:00,급수관,북구,0520,24,공도,40 ,부분기대,부분기대,노후,,135일,"1,944 ",생활용수,820985,입력
142,20230920-0263,북부사업소,202309,518 ,북구 연암로 18-26 (산격동) / 1441-63번지,D15 앵글밸브 설치,지상-사유지,,산격동 1441-63,2023-09-20 14:42,,2023-09-20 15:30,급수관,북구,0520,47,사유지,15 ,계량기보호통(실),앵글밸브,노후,,,,생활용수,,미대상
143,20230919-0029,북부사업소,202309,515 ,"북구 대동로 52 (산격동,유공가스) / 1279-1번지",현장확인,미누수,,산격동 1279-1,2023-09-19 09:24,,2023-09-19 09:43,,북구,0520,49,,,,,,,,,,,미대상
144,20230918-0270,북부사업소,202309,531 ,북구 연암공원로 55-14 (산격동) / 1153-10번지,D15 보호통 교체,지상-사유지,,산격동 1153-10,2023-09-18 13:22,,2023-09-19 09:11,급수관,북구,0520,46-1,사유지,15 ,계량기보호통(실),계량기보호통,노후,,,,,,미대상
145,20230918-0006,북부사업소,202309,511 ,북구 연암공원로14길 19-19 (산격동) / 1186-43번지,D15 보호통 교체,지상-사유지,,산격동 1186-43,2023-09-18 09:02,,2023-09-18 10:30,급수관,북구,0520,24-3,사유지,15 ,계량기보호통(실),계량기보호통,노후,,,,,,미대상
146,20230911-0369,북부사업소,202309,504 ,북구 산격로 13-1 (산격동) / 1433-56번지,STS D25x15 접합부 수선,지상-공도,,산격동 1433-56,2023-09-11 22:15,,2023-09-12 01:10,급수관,북구,0520,47,공도,25 ,스텐레스관,이형관,노후,,1시간,0 ,생활용수,820974,입력
147,20230906-0410,북부사업소,202309,530 ,북구 연암공원로 31-3 (산격동) / 878-4번지,D15 보호통 연결부 수선,지상-사유지,,산격동 878-4,2023-09-06 17:25,,2023-09-06 19:00,급수관,북구,0520,46-1,사유지,15 ,계량기보호통(실),계량기보호통,노후,,,,,,미대상
148,20230906-0003,북부사업소,202309,492 ,북구 연암공원로13길 12-27 (산격동) / 1180-96번지,D40X15 EPS 분기점 수선,지상-공도,,산격동 1180-96,2023-09-06 07:34,,2023-09-06 14:00,배수관,북구,0520,46-1,공도,40 ,에폭시강관,이형관,노후,,1시간,0 ,,820966,입력
149,20230901-0453,북부사업소,202309,488 ,북구 산격로13길 7-3 (산격동) / 1223-8번지,STS D15 직관부 수선,지상-공도,,산격동 1223-8,2023-09-01 15:55,,2023-09-01 16:50,급수관,북구,0520,47,공도,15 ,스텐레스관,직관,노후,,1시간,0 ,생활용수,820965,입력
150,20230829-0464,북부사업소,202308,486 ,북구 연암공원로 32-7 (산격동) / 1127번지,D15 보호통 교체,지하-사유지,자체상시,산격동 1127,2023-08-29 15:38,,2023-08-29 16:30,급수관,북구,0520,46-1,사유지,15 ,계량기보호통(실),계량기보호통,노후,,122일,0 ,,,미대상
151,20230823-0021,북부사업소,202308,479 ,북구 연암로4길 38 (산격동) / 1498-92번지,D15 보호통 교체,지상-사유지,,산격동 1498-92,2023-08-23 09:05,,2023-08-23 10:30,급수관,북구,0520,47,사유지,15 ,계량기보호통(실),계량기보호통,노후,,,,생활용수,,미대상
152,20230821-0255,북부사업소,202308,474 ,북구 산격동 1309-47 CAFERO ,D15 계량기 접합부 수선,지상-사유지,,산격동 1309-47 CAFERO ,2023-08-21 13:13,,2023-08-21 14:30,급수관,북구,0520,49,사유지,15 ,계량기보호통(실),연결부,노후,,,,생활용수,,미대상
153,20230821-0049,북부사업소,202308,472 ,"북구 연암공원로32길 60 (산격동,깜미용실) / 1197-103번지",D15 보호통 교체,지상-사유지,,산격동 1197-103,2023-08-21 09:26,,2023-08-21 10:30,급수관,북구,0520,24-3,사유지,15 ,계량기보호통(실),계량기보호통,노후,,,,생활용수,,미대상
154,20230819-0011,북부사업소,202308,471 ,북구 연암공원로 22-11 (산격동) / 1099-52번지,D15 보호통 교체,지상-사유지,,산격동 1099-52,2023-08-19 08:18,,2023-08-19 10:30,급수관,북구,0520,46-1,사유지,15 ,계량기보호통(실),계량기보호통,노후,,,,생활용수,,미대상
155,20230818-0166,북부사업소,202308,469 ,북구 연암공원로8길 18-4 (산격동) / 1105-4번지,D15 보호통 교체,지상-사유지,,산격동 1105-4,2023-08-18 13:23,,2023-08-18 15:30,급수관,북구,0520,46-1,사유지,15 ,계량기보호통(실),계량기보호통,노후,,,,생활용수,,미대상
156,20230814-0117,북부사업소,202308,462 ,북구 연암공원로8길 12 (산격동) / 1106-9번지,D15 보호통 교체,지상-사유지,,산격동 1106-9,2023-08-14 10:54,,2023-08-14 11:50,급수관,북구,0520,46-1,사유지,15 ,계량기보호통(실),계량기보호통,노후,,,,생활용수,,미대상
157,20230814-0112,북부사업소,202308,461 ,북구 연암로4길 42-5 (산격동) / 1498-88번지,STS D25x15 직관부 수선,지하-공도,용역일반,산격동 1498-88,2023-08-14 10:50,,2023-08-14 11:50,급수관,북구,0520,47,공도,25 ,스텐레스관,이형관,노후,,114일,821 ,생활용수,820869,입력
158,20230811-0030,북부사업소,202308,457 ,북구 산격로11길 43-6 (산격동) / 1161-60번지,D15 보호통 교체,지상-사유지,,산격동 1161-60,2023-08-11 09:50,,2023-08-11 10:50,급수관,북구,0520,46-1,사유지,15 ,계량기보호통(실),계량기보호통,노후,,,,생활용수,,미대상
159,20230801-0356,북부사업소,202308,447 ,북구 대학로9길 67-1 (산격동) / 1231-22번지,D15 계량기 접합부 수선,지상-사유지,,산격동 1231-22,2023-08-01 15:27,,2023-08-01 16:30,급수관,북구,0520,48,사유지,15 ,계량기보호통(실),연결부,노후,,,,생활용수,,미대상
160,20230726-0407,북부사업소,202307,437 ,"북구 연암공원로 36 (산격동,메트로부동산) / 1128-1번지",DTC D80x25 구분기점 폐쇄,지하-공도,용역일반,산격동 1128-1,2023-07-26 16:16,,2023-07-26 17:30,배수관,북구,0520,46-1,공도,25 ,닥타일관,이형관,노후,,105일,"3,780 ",,820861,입력
161,20230721-0194,북부사업소,202307,428 ,북구 산격동 1186-5 프리지아,D20 계량기 접합부 수선,지상-사유지,,산격동 1186-5 프리지아,2023-07-21 13:39,,2023-07-21 14:30,급수관,북구,0520,24-3,사유지,20 ,계량기보호통(실),연결부,노후,,,,생활용수,,미대상
162,20230720-0121,북부사업소,202307,424 ,북구 연암공원로32길 46 (산격동) / 1222-28번지,D15 보호통 교체,지상-사유지,,산격동 1222-28,2023-07-20 10:50,,2023-07-20 11:50,급수관,북구,0520,24-3,사유지,15 ,계량기보호통(실),계량기보호통,노후,,,,생활용수,,미대상
163,20230717-0138,북부사업소,202307,426 ,북구 연암공원로8길 3-2 (산격동) / 1126-14번지,확인굴착,미누수,,산격동 1126-14,2023-07-17 11:14,,2023-07-17 12:30,,북구,0520,46-1,,,,,,,,,,,미대상
164,20230715-0008,북부사업소,202307,420 ,북구 연암공원로28길 23 (산격동) / 1215-24번지,확인굴착,미누수,,산격동 1215-24,2023-07-15 10:53,,2023-07-15 11:50,,북구,0520,24-3,,,,,,,,,,,미대상
165,20230623-0514,북부사업소,202306,390 ,북구 연암공원로8길 3-6 (산격동) / 1126-1번지,STS D25x15 접합부 수선,지하-공도,자체상시,산격동 1126-1,2023-06-23 09:00,,2023-06-23 12:00,급수관,북구,0520,46-1,공도,25 ,스텐레스관,이형관,노후,,88일,845 ,생활용수,820462,입력
166,20230622-0072,북부사업소,202306,387 ,북구 대학로25길 47-2 (산격동) / 1407-36번지,D15 보호통 교체,지상-사유지,,산격동 1407-36,2023-06-22 09:46,,2023-06-22 10:50,급수관,북구,0520,48,사유지,15 ,계량기보호통(실),계량기보호통,노후,,,,생활용수,,미대상
167,20230618-0001,북부사업소,202306,383 ,북구 대학로25길 47 (산격동) / 1407-3번지,D15 보호통 교체,지상-사유지,,산격동 1407-3,2023-06-18 07:26,,2023-06-18 10:00,급수관,북구,0520,48,사유지,15 ,계량기보호통(실),계량기보호통,노후,,,,생활용수,,미대상
168,20230602-0627,북부사업소,202306,377 ,북구 대학로 99-3 (산격동) / 1329-3번지,PFP -> STS 40MM 32M,노후관교체공사,,산격동 1329-3 다원,2023-06-02 16:28,,2023-06-20 09:52,기타,북구,0520,49,,,,,,,,,,,입력
169,20230601-0082,북부사업소,202306,351 ,"북구 산격로 55 (산격동,황제헤어샵) / 1422-37번지",D15 보호통 교체,지상-사유지,,산격동 1422-37,2023-06-01 09:41,,2023-06-01 10:30,급수관,북구,0520,47,사유지,15 ,계량기보호통(실),계량기보호통,노후,,,,생활용수,,미대상
170,20230522-0045,북부사업소,202305,331 ,북구 산격로13길 35-6 (산격동) / 1186-4번지,D300 직관부 수선,지상-공도,,산격동 1186-4,2023-05-22 09:53,,2023-05-22 10:30,배수관,북구,0520,24-3,공도,300 ,닥타일관,직관,노후,,2시간,61 ,생활용수,820442,입력
171,20230517-0246,북부사업소,202305,327 ,북구 산격로17길 10 (산격동) / 1222-57번지,PFP D50x15 접합부 수선,지상-공도,,산격동 1222-57,2023-05-17 15:00,,2023-05-17 16:00,급수관,북구,0520,24-3,공도,50 ,PFP관,이형관,노후,,2시간,0 ,생활용수,820440,입력
172,20230515-0138,북부사업소,202305,321 ,북구 연암공원로14길 25-3 (산격동) / 1195-49번지,D15 보호통 교체,지상-사유지,,산격동 1195-49,2023-05-15 11:37,,2023-05-15 12:30,급수관,북구,0520,24-3,사유지,15 ,계량기보호통(실),계량기보호통,노후,,,,생활용수,,미대상
173,20230509-0323,북부사업소,202305,316 ,북구 대학로23길 28 (산격동) / 1327-1번지,소화전 밸브 수선,지상-공도,,산격동 1327-1 한방울,2023-05-09 17:48,,2023-05-09 18:30,급수관,북구,0520,49,공도,100 ,기타,기타,노후,,2시간,0 ,생활용수,820435,입력
174,20230509-0155,북부사업소,202305,315 ,북구 산격로11길 9-4 (산격동) / 1423-17번지,D15 계량기 접합부 수선,지상-사유지,,산격동 1423-17,2023-05-09 13:41,,2023-05-09 14:20,급수관,북구,0520,47,사유지,15 ,계량기보호통(실),접합부,노후,,,,생활용수,,미대상
175,20230503-0448,북부사업소,202305,304 ,"북구 대학로23길 19 (산격동,도리집) / 1327-11번지",PFP D40x15 분기대 수선,지하-공도,자체상시,산격동 1327-11,2023-05-03 16:32,,2023-05-03 17:30,급수관,북구,0520,49,공도,40 ,PFP관,이형관,노후,,63일,454 ,,820431,입력
176,20230427-0262,북부사업소,202304,291 ,북구 연암공원로7길 6-14 (산격동) / 1135-16번지,D15 보호통 교체,지상-사유지,,산격동 1135-16,2023-04-27 13:13,,2023-04-27 14:30,급수관,북구,0520,46-1,사유지,15 ,계량기보호통(실),계량기보호통,노후,,,,생활용수,,미대상
177,20230426-0395,북부사업소,202304,286 ,북구 산격로13길 5-8 (산격동) / 1226-3번지,EPS D50x15 접합부 수선,지상-공도,,산격동 1226-3,2023-04-26 19:55,,2023-04-26 20:50,급수관,북구,0520,47,공도,50 ,에폭시강관,이형관,노후,,2시간,0 ,생활용수,820427,입력
178,20230412-0022,북부사업소,202304,267 ,"북구 대학로23길 15-4 (산격동,민하우스) / 1327-19번지",STS D25 직관부 수선,지상-공도,,산격동 1327-19,2023-04-12 09:36,,2023-04-12 10:30,급수관,북구,0520,49,공도,25 ,스텐레스관,직관,노후,,2시간,2 ,생활용수,820421,입력
179,20230322-0183,북부사업소,202303,227 ,"북구 대학로13길 6-1 (산격동,팔팔생고기,임가양꼬치) / 1400-7번지",D15 보호통 교체,지상-사유지,,산격동 1400-7,2023-03-22 12:21,2023-03-22 12:30,2023-03-22 13:00,급수관,북구,0520,49,사유지,15 ,계량기보호통(실),계량기보호통,노후,,,,생활용수,,미대상
180,20230321-0429,북부사업소,202303,222 ,북구 연암공원로14길 32 (산격동) / 1224-22번지,DTC D100 클램프 설치,지상-공도,,산격동 1224-22,2023-03-21 16:08,,2023-03-21 20:00,배수관,북구,0520,47,공도,100 ,닥타일관,직관,노후,,2시간,28 ,생활용수,820403,입력
181,20230321-0148,북부사업소,202303,219 ,북구 연암공원로14길 31-2 (산격동) / 1223-28번지,DTC D80 직관부 수선,지상-공도,,산격동 1223-28,2023-03-21 10:51,,2023-03-21 12:00,배수관,북구,0520,47,공도,80 ,닥타일관,직관,타공사손괴,구청(하수도),3시간,172 ,생활용수,820402,입력
182,20230307-0592,북부사업소,202303,165 ,북구 산격동 538-1,확인굴착,미누수,,산격동 538-1,2023-03-07 21:42,,2023-03-08 10:00,,북구,0520,24-3,,,,,,,,,,,미대상
183,20230302-0046,북부사업소,202303,171 ,북구 연암공원로32길 64-38 (산격동) / 1197-108번지,D15 계량기 접합부 수선,지상-사유지,,산격동 1197-108,2023-03-02 09:26,,2023-03-02 10:50,급수관,북구,0520,24-3,사유지,15 ,계량기보호통(실),연결부,노후,,,,생활용수,,미대상
184,20230227-0619,북부사업소,202302,155 ,북구 산격로 2-2 (산격동) / 1420-17번지,D15 보호통 교체,지상-사유지,,산격동 1420-17 불빵구수리,2023-02-27 16:23,,2023-02-27 17:50,급수관,북구,0520,49,사유지,15 ,계량기보호통(실),계량기보호통,노후,,,,생활용수,,미대상
185,20230227-0361,북부사업소,202302,153 ,북구 산격로11길 38-1 (산격동) / 1434-50번지,구분기점 폐쇄,지상-공도,,산격동 1434-50,2023-02-27 13:16,,2023-02-27 14:30,배수관,북구,0520,46-1,공도,100 ,PFP관,이형관,노후,,2시간,0 ,생활용수,819704,입력
186,20230217-0119,북부사업소,202302,125 ,북구 연암로12길 6-5 (산격동) / 1032-1번지,D15 보호통 교체,지상-사유지,,산격동 1032-1,2023-02-17 11:32,,2023-02-17 13:10,급수관,북구,0520,46-1,사유지,15 ,계량기보호통(실),계량기보호통,노후,,,,생활용수,,미대상
187,20230209-0105,북부사업소,202302,108 ,북구 대학로15길 16 (산격동) / 1393번지,D20 STS 접합부 수선,지상-공도,,산격동 1393,2023-02-09 11:34,,2023-02-09 15:00,배수관,북구,0520,49,공도,20 ,스텐레스관,직관,노후,,2시간,1 ,생활용수,819742,입력
188,20230208-0156,북부사업소,202302,105 ,북구 연암로12길 6-5 (산격동) / 1032-1번지,D15 계량기 접합부 수선,지상-사유지,,산격동 1032-1,2023-02-08 11:57,,2023-02-08 12:30,급수관,북구,0520,46-1,사유지,15 ,계량기보호통(실),연결부,노후,,,,생활용수,,미대상
189,20230206-0231,북부사업소,202302,94 ,북구 연암로12길 16 (산격동) / 1059-4번지,D15 보호통 교체,지상-사유지,,산격동 1059-4,2023-02-06 10:57,,2023-02-06 12:30,급수관,북구,0520,46-1,사유지,15 ,계량기보호통(실),계량기보호통,노후,,,,생활용수,,미대상
190,20230130-0523,북부사업소,202301,71 ,"북구 산격로13길 13-2 (산격동,삼영건재) / 1223-19번지",D15 STS 직관부 수선 및 D15 보호통 교체,지상-사유지,,산격동 1223-19,2023-01-30 12:47,,2023-01-30 13:50,급수관,북구,0520,47,사유지,15 ,계량기보호통(실),계량기보호실,노후,,,,생활용수,,미대상
191,20230127-0002,북부사업소,202301,64 ,"북구 산격로1길 29 (산격동,주계량기) / 1498-103번지",D80*50 플렌지 수선,지상-공도,,산격동 1498-103,2023-01-27 06:09,,2023-01-27 08:50,배수관,북구,0520,47,공도,50 ,스텐레스관,직관,노후,,2시간,1 ,생활용수,819752,입력
192,20230126-0144,북부사업소,202301,56 ,북구 연암로2길 55 (산격동) / 1498-85번지,D15 계량기 접합부 수선,지상-사유지,,산격동 1498-85,2023-01-26 10:16,,2023-01-26 13:00,급수관,북구,0520,47,사유지,15 ,계량기보호통(실),접합부,노후,,,,생활용수,,미대상
193,20230125-0546,북부사업소,202301,50 ,북구 산격로서9길 17-6 (산격동) / 1435-27번지,D15 계량기 접합부 수선,지상-사유지,,산격동 1435-27,2023-01-25 14:35,,2023-01-25 15:50,급수관,북구,0520,46-1,사유지,15 ,계량기보호통(실),접합부,노후,,,,생활용수,,미대상
194,20230119-0031,북부사업소,202301,43 ,북구 대학로15길 16 (산격동) / 1393번지,STS 직관부 수선,지상-공도,,산격동 1393,2023-01-19 09:59,,2023-01-19 10:50,급수관,북구,0520,49,공도,15 ,스텐레스관,직관,노후,,2시간,1 ,생활용수,819772,입력
195,20230117-0207,북부사업소,202301,38 ,북구 대구체육관로4길 19 (산격동) / 1404-105번지,D15 보호통 교체,지상-사유지,,산격동 1404-105,2023-01-17 14:42,,2023-01-17 16:40,급수관,북구,0520,47,사유지,15 ,계량기보호통(실),계량기보호통,노후,,,,생활용수,,미대상
196,20221227-0567,북부사업소,202301,858 ,"북구 대학로23길 18-9 (산격동,낭만놀이) / 1309-15번지",D40X15 PFP 접합부 교체,지상-공도,,산격동 1309-15,2022-12-27 20:14,,2022-12-28 13:00,배수관,북구,0520,49,공도,15 ,PFP관,이형관,노후,,2시간,2 ,생활용수,819736,입력
197,20221227-0175,북부사업소,202301,856 ,북구 대학로25길 34-7 (산격동) / 1311-15번지,D15 앵글밸브 수선,지상-사유지,,산격동 1311-15,2022-12-27 10:59,,2022-12-27 15:00,급수관,북구,0520,48,사유지,15 ,계량기보호통(실),앵글밸브,노후,,,,생활용수,,미대상
198,20221220-0008,북부사업소,202301,827 ,북구 대동로8길 26 (산격동) / 1252-13번지,D100X20 DTC 분기대 교체,지상-공도,,산격동 1252-13,2022-12-20 07:24,,2022-12-20 13:00,배수관,북구,0520,48,공도,20 ,부분기대,부분기대,노후,,2시간,1 ,생활용수,819698,입력
199,20221217-0018,북부사업소,202301,823 ,북구 대학로25길 22-1 (산격동) / 1306-7번지,D80X15 DTC 분기대 교체,지상-공도,,산격동 1306-7,2022-12-17 14:26,,2022-12-17 18:00,배수관,북구,0520,49,공도,15 ,부분기대,부분기대,노후,,5시간,5 ,생활용수,819697,입력
200,20221217-0017,북부사업소,202301,822 ,북구 대학로25길 39-1 (산격동) / 1312-21번지,D40X20 PFP 레듀사 교체 수선,지상-사유지,,산격동 1312-21,2022-12-17 12:48,,2022-12-17 18:00,배수관,북구,0520,48,사유지,20 ,PFP관,이형관,노후,,,,생활용수,,미대상
201,20221216-0002,북부사업소,202212,818 ,북구 대학로15길 23-1 (산격동) / 1326-14번지,D80X25 PFP 직관부 처리,지상-공도,,산격동 1326-14,2022-12-16 07:56,,2022-12-19 10:03,배수관,북구,0520,49,공도,25 ,PFP관,이형관,노후,,3시간,2 ,생활용수,818661,입력
202,20221207-0207,북부사업소,202212,800 ,북구 대구체육관로11길 43-1 (산격동) / 1426-19번지,D15 보호통 교체,지상-사유지,,산격동 1426-19,2022-12-07 14:26,,2022-12-07 18:00,급수관,북구,0520,47,사유지,15 ,계량기보호통(실),계량기보호통,노후,,,,생활용수,,미대상
203,20221205-0012,북부사업소,202212,784 ,북구 연암공원로8길 20 (산격동) / 1102-9번지,D15 보호통 교체,지상-사유지,,산격동 1102-9,2022-12-05 08:55,,2022-12-05 16:00,급수관,북구,0520,46-1,사유지,15 ,계량기보호통(실),계량기보호통,노후,,,,생활용수,,미대상
204,20221111-0120,북부사업소,202211,734 ,북구 대동로 34-1 (산격동) / 1266-14번지,D15 보호통 교체,지상-사유지,,산격동 1266-14,2022-11-11 14:34,,2022-11-11 18:00,급수관,북구,0520,49,사유지,15 ,계량기보호통(실),계량기보호통,노후,,,,생활용수,,미대상
205,20221111-0041,북부사업소,202211,732 ,"북구 대학로 85 (산격동,안경콘택트) / 1341-6번지",D15 보호통 교체,지상-사유지,,산격동 1341-6,2022-11-11 10:22,,2022-11-11 13:00,급수관,북구,0520,49,사유지,15 ,계량기보호통(실),계량기보호통,노후,,,,생활용수,,미대상
206,20221101-0414,북부사업소,202211,711 ,북구 대구체육관로11길 42 (산격동) / 1425-36번지,D15 보호통 교체,지상-사유지,,산격동 1425-36,2022-11-01 15:36,,2022-11-01 17:50,급수관,북구,0520,47,사유지,15 ,계량기보호통(실),계량기보호통,노후,,,,생활용수,,미대상
207,20221028-0229,북부사업소,202210,700 ,북구 산격로11길 40-1 (산격동) / 1161-55번지,D15 보호통 교체,지하-사유지,자체상시,산격동 1161-55,2022-10-28 13:39,,2022-10-28 16:00,배수관,북구,0520,46-1,사유지,15 ,계량기보호통(실),계량기보호통,노후,,151일,544 ,생활용수,,미대상
208,20221025-0569,북부사업소,202210,694 ,북구 연암공원로14길 3 (산격동) / 1163-17번지,D15 보호통 교체,지하-사유지,자체상시,산격동 1163-17,2022-10-25 16:57,,2022-10-25 18:30,급수관,북구,0520,24-3,사유지,15 ,계량기보호통(실),계량기보호통,노후,,149일,358 ,생활용수,,미대상
209,20221024-0294,북부사업소,202210,690 ,북구 산격로13길 23 (산격동) / 1185-39번지,D15 보호통 교체,지상-사유지,,산격동 1185-39,2022-10-24 13:20,,2022-10-24 16:00,급수관,북구,0520,24-3,사유지,15 ,계량기보호통(실),계량기보호통,노후,,,,생활용수,,미대상
210,20221024-0283,북부사업소,202210,689 ,북구 연암공원로20길 30-3 (산격동) / 1197-75번지,D15 보호통 교체,지상-사유지,,산격동 1197-75,2022-10-24 13:12,,2022-10-24 16:00,급수관,북구,0520,24-3,사유지,15 ,계량기보호통(실),계량기보호통,노후,,,,생활용수,,미대상
211,20221013-0184,북부사업소,202210,672 ,북구 연암로4길 36 (산격동) / 1498-26번지,D15 계량기 접합부 수선,지하-사유지,용역일반,산격동 1498-26,2022-10-13 15:24,,2022-10-13 18:00,급수관,북구,0520,47,사유지,15 ,계량기보호통(실),계량기보호통,노후,,143일,86 ,생활용수,,미대상
212,20220923-0007,북부사업소,202209,639 ,북구 산격로11길 35-3 (산격동) / 1437-42번지,D15 보호통 하단부 수선,지상-사유지,,산격동 1437-42,2022-09-23 09:03,,2022-09-23 13:00,급수관,북구,0520,24-3,사유지,15 ,계량기보호통(실),연결부,노후,,,,생활용수,,미대상
213,20220826-0019,북부사업소,202208,592 ,북구 대구체육관로11길 12-1 (산격동) / 1429-28번지,D15 앵글밸브 교체,지상-사유지,,산격동 1429-28,2022-08-26 09:12,,2022-08-26 13:00,급수관,북구,0520,47,사유지,15 ,계량기보호통(실),앵글밸브,노후,,,,생활용수,,미대상
214,20220725-0240,북부사업소,202207,528 ,북구 연암공원로8길 13 (산격동) / 1106-15번지,D15 보호통 교체,지상-사유지,,산격동 1106-15 (21.10.08 급수중지),2022-07-25 13:13,,2022-07-25 15:00,급수관,북구,0520,46-1,사유지,15 ,계량기보호통(실),계량기보호통,노후,,,,생활용수,,미대상
215,20220711-0567,북부사업소,202207,507 ,북구 산격로13길 35-20 (산격동) / 1186-28번지,D15 보호통 교체,지하-사유지,자체상시,산격동 1186-28,2022-07-11 16:27,,2022-07-11 18:00,급수관,북구,0520,24-3,사유지,15 ,계량기보호통(실),계량기보호통,노후,,96일,461 ,생활용수,,미대상
216,20220711-0241,북부사업소,202207,505 ,"북구 대학로 103-4 (산격동,선경리슈빌) / 1324-5번지",D15 보호통 교체,지하-사유지,용역일반,산격동 1324-5,2022-07-11 10:10,,2022-07-11 14:00,급수관,북구,0520,49,사유지,15 ,계량기보호통(실),계량기보호통,노후,,96일,230 ,생활용수,,미대상
217,20220711-0239,북부사업소,202207,504 ,북구 대학로9길 27-1 (산격동) / 1413-34번지,D15 직관부 수선 및 보호통 교체,지하-사유지,용역일반,산격동 1413-34,2022-07-11 10:10,,2022-07-11 14:00,급수관,북구,0520,49,사유지,15 ,계량기보호통(실),연결부,노후,,96일,576 ,생활용수,,미대상
218,20220704-0539,북부사업소,202207,495 ,북구 산격로11길 36-12 (산격동) / 1434-88번지,D15 보호통 교체,지하-사유지,자체상시,산격동 1434-88,2022-07-04 16:57,,2022-07-04 18:00,급수관,북구,0520,24-3,사유지,15 ,계량기보호통(실),계량기보호통,노후,,93일,558 ,생활용수,,미대상
219,20220704-0328,북부사업소,202207,494 ,북구 대학로9길 38-1 (산격동) / 1409-49번지,D15 보호통 교체,지상-사유지,,산격동 1409-49,2022-07-04 13:11,,2022-07-04 16:00,급수관,북구,0520,49,사유지,15 ,계량기보호통(실),계량기보호통,노후,,,,생활용수,,미대상
220,20220522-0139,북부사업소,202207,522 ,북구 구암로42길 11 (구암동) / 467번지,D15 STS 직관부 수선,지상-사유지,,구암동 467,2022-07-20 14:09,,2022-07-20 18:00,급수관,북구,0520,46-1,사유지,15 ,스텐레스관,직관,노후,,,,생활용수,,미대상
221,20220629-0297,북부사업소,202206,476 ,북구 대동로 2 (산격동) / 1234-1번지,제수변 철개입상,기타,,산격동 1234-1,2022-06-29 13:52,,2022-06-29 16:00,기타,북구,0520,48,,,,,,,,,생활용수,,미대상
222,20220621-0386,북부사업소,202206,450 ,"북구 연암공원로14길 48 (산격동,밸리채) / 1423-8번지",터파기결과 미누수,미누수,,산격동 1423-8,2022-06-21 17:59,,2022-06-21 20:00,,북구,0520,47,,,,,,,,,생활용수,,미대상
223,20220620-0419,북부사업소,202206,445 ,"북구 산격로13길 5-2 (산격동,원룸) / 1223-15번지",제수변 철개입상,기타,,산격동 1223-15,2022-06-20 16:19,,2022-06-20 20:00,기타,북구,0520,47,,,,,,,,,생활용수,,미대상
224,20220616-0276,북부사업소,202206,438 ,북구 산격로11길 36-5 (산격동) / 1434-48번지,D15보호통 교체,지하-사유지,자체상시,산격동 1434-48,2022-06-16 16:44,,2022-06-16 18:00,급수관,북구,0520,46-1,사유지,15 ,계량기보호통(실),계량기보호통,노후,,84일,504 ,생활용수,,미대상
225,20220613-0081,북부사업소,202206,431 ,북구 연암공원로14길 14-4 (산격동) / 1434-6번지,D15 보호통 교체,지하-사유지,용역일반,산격동 1434-6,2022-06-13 10:22,,2022-06-13 18:00,급수관,북구,0520,46-1,사유지,15 ,계량기보호통(실),계량기보호통,노후,,82일,492 ,생활용수,,미대상
226,20220613-0077,북부사업소,202206,430 ,북구 연암공원로14길 13-23 (산격동) / 1186-16번지,D15 보호통 교체,지하-사유지,용역일반,산격동 1186-16,2022-06-13 10:19,,2022-06-13 18:00,급수관,북구,0520,24-3,사유지,15 ,계량기보호통(실),계량기보호통,노후,,82일,394 ,생활용수,,미대상
227,20220613-0075,북부사업소,202206,429 ,북구 산격로13길 14 (산격동) / 1221-11번지,D40X15 구분기점 폐쇄,지하-사유지,용역일반,산격동 1221-11,2022-06-13 10:14,,2022-06-13 14:30,급수관,북구,0520,47,사유지,15 ,PFP관,이형관,노후,,82일,236 ,생활용수,,미대상
228,20220609-0083,북부사업소,202206,425 ,북구 연암공원로7길 2-5 (산격동) / 1139-1번지,D80X15 DTC 분기대 교체,지하-공도,용역일반,산격동 1139-1,2022-06-09 09:46,,2022-06-09 15:00,배수관,북구,0520,46-1,공도,15 ,부분기대,부분기대,노후,,80일,403 ,생활용수,818026,입력
229,20220609-0081,북부사업소,202206,424 ,북구 연암로2길 31 (산격동) / 1498-177번지,D15 보호통 교체,지하-사유지,용역일반,산격동 1498-177,2022-06-09 09:45,,2022-06-09 13:00,급수관,북구,0520,47,사유지,15 ,계량기보호통(실),연결부,노후,,80일,384 ,생활용수,,미대상
230,20220531-0280,북부사업소,202205,406 ,북구 대구체육관로8길 13 (산격동) / 1497-6번지,D80X20 PFP 분기대 교체,지상-공도,,산격동 1497-6,2022-05-31 14:17,,2022-05-31 16:00,급수관,북구,0520,47,공도,20 ,부분기대,부분기대,노후,,3시간,1 ,생활용수,817925,입력
231,20220528-0020,북부사업소,202205,398 ,"북구 칠성시장로 87-5, 2동 (칠성동2가,칠성고전무용학원) / 403-18번지",D15 보호통 교체,지상-사유지,,칠성동2가 403-18 2동,2022-05-28 11:02,,2022-05-28 16:00,급수관,북구,0520,49,사유지,15 ,계량기보호통(실),계량기보호통,노후,,,,생활용수,,미대상
232,20220526-0082,북부사업소,202205,392 ,북구 대동로 30 (산격동) / 1266-1번지,D40 PFP 직관처리 및 일부 철거,지상-사유지,,산격동 1266-1 (주)희성홀딩스,2022-05-26 09:44,,2022-05-26 14:00,급수관,북구,0520,49,사유지,40 ,PFP관,이형관,노후,,,,생활용수,,미대상
233,20220524-0006,북부사업소,202205,386 ,북구 산격로14길 46-3 (산격동) / 1306-52번지,D40X15 구분기점 폐쇄1306-27번지선 이물질출수,지하-공도,자체상시,산격동 1306-52,2022-05-24 09:06,,2022-05-24 13:00,급수관,북구,0520,49,공도,15 ,부분기대,부분기대,노후,,72일,276 ,생활용수,817920,입력
234,20220523-0018,북부사업소,202205,378 ,북구 대동로 30 (산격동) / 1266-1번지,D40 스텐밸브 설치,지상-사유지,,산격동 1266-1 (주)희성홀딩스,2022-05-23 09:16,,2022-05-23 13:00,급수관,북구,0520,49,사유지,40 ,PFP관,이형관,타공사손괴,건축,,16 ,생활용수,,미대상
235,20220516-0006,북부사업소,202205,367 ,북구 대학로25길 30 (산격동) / 1311-69번지,D80 분기점 교체(누수방지새들)D15 STS 직관부 2.5미터 수선,지상-공도,,산격동 1311-69,2022-05-16 08:59,,2022-05-16 18:00,배수관,북구,0520,48,공도,15 ,부분기대,부분기대,노후,,3시간,1 ,생활용수,817914,입력
236,20220429-0545,북부사업소,202204,343 ,북구 대학로13길 51-17 (산격동) / 1246-6번지,D15 보호통 교체,지하-사유지,자체상시,산격동 1246-6,2022-04-29 16:58,,2022-05-03 09:30,급수관,북구,0520,48,사유지,15 ,계량기보호통(실),계량기보호통,노후,,60일,360 ,생활용수,,미대상
237,20220426-0031,북부사업소,202204,333 ,북구 대학로9길 86-1 (산격동) / 1241-11번지,D80X15 DTC 분기대 교체,지하-공도,용역일반,산격동 1241-11,2022-04-26 09:44,,2022-04-27 16:30,배수관,북구,0520,48,공도,15 ,부분기대,부분기대,노후,,58일,348 ,생활용수,817901,입력
238,20220420-0352,북부사업소,202204,311 ,북구 연암공원로8길 20-1 (산격동) / 1102-7번지,확인굴착 결과 미누수,미누수,,산격동 1102-7,2022-04-20 16:08,,2022-04-20 17:40,,북구,0520,46-1,,,,,,,,,,,미입력
239,20220416-0012,북부사업소,202204,301 ,"북구 산격로8길 35-1 (산격동,화창한약국) / 1313-61번지",D15 앵글밸브 수선,지상-사유지,,산격동 1313-61,2022-04-16 10:51,,2022-04-16 13:00,급수관,북구,0520,49,사유지,15 ,계량기보호통(실),계량기보호통,노후,,,,생활용수,,미대상
240,20220405-0240,북부사업소,202204,276 ,북구 대구체육관로12길 27 (산격동) / 1433-42번지,D15 앵글밸브 수선,지상-사유지,,산격동 1433-42,2022-04-05 14:10,,2022-04-05 18:00,급수관,북구,0520,47,사유지,15 ,계량기보호통(실),앵글밸브,노후,,,,생활용수,,미대상
241,20220330-0014,북부사업소,202203,255 ,북구 산격로 82-9 (산격동) / 1231-19번지,D40X15 접합부 교체,지하-사유지,자체상시,산격동 1231-19,2022-03-30 08:58,,2022-03-31 11:30,급수관,북구,0520,48,사유지,15 ,PFP관,이형관,노후,,45일,173 ,생활용수,,미대상
242,20220303-0055,북부사업소,202203,183 ,북구 연암공원로14길 41 (산격동) / 1226-8번지,D80X15 DTC 분기대 교체,지하-공도,용역일반,산격동 1226-8,2022-03-03 09:23,,2022-03-03 15:00,배수관,북구,0520,47,공도,15 ,부분기대,부분기대,노후,,31일,260 ,생활용수,817654,입력
243,20220303-0052,북부사업소,202203,182 ,북구 산격로서9길 8-43 (산격동) / 1437-40번지,D40X15 EPS 접합부 교체,지하-사유지,용역일반,산격동 1437-40,2022-03-03 09:22,,2022-03-03 15:00,급수관,북구,0520,24-3,사유지,15 ,에폭시강관,이형관,노후,,31일,149 ,생활용수,,미대상
244,20220228-0517,북부사업소,202202,162 ,북구 연암공원로10길 25-4 (산격동) / 1436-7번지,D15 앵글밸브 수선,지상-사유지,,산격동 1436-7,2022-02-28 14:36,,2022-02-28 15:30,급수관,북구,0520,24-3,사유지,15 ,계량기보호통(실),앵글밸브,노후,,,,생활용수,,미대상
245,20220224-0576,북부사업소,202202,156 ,북구 연암공원로32길 62-18 (산격동) / 1197-107번지,D15 보호통 교체,지상-사유지,,산격동 1197-107,2022-02-24 17:13,,2022-02-24 18:30,급수관,북구,0520,24-3,사유지,15 ,계량기보호통(실),계량기보호통,노후,,,,생활용수,,미대상
246,20220222-0428,북부사업소,202202,150 ,북구 대동로8길 3-7 (산격동) / 1268-11번지,D15 앵글밸브 수선,지상-사유지,,산격동 1268-11,2022-02-22 16:21,,2022-02-22 18:00,급수관,북구,0520,49,사유지,15 ,계량기보호통(실),앵글밸브,노후,,,,생활용수,,미대상
247,20220218-0217,북부사업소,202202,140 ,북구 산격로 39-2 (산격동) / 1425-3번지,D15 보호통 교체,지하-사유지,용역일반,산격동 1425-3,2022-02-18 13:08,,2022-02-21 16:30,급수관,북구,0520,47,사유지,15 ,계량기보호통(실),계량기보호통,노후,,25일,126 ,생활용수,,미대상
248,20220213-0004,북부사업소,202202,119 ,"북구 산격로10길 15 (산격동,반올림피자샵) / 1407-41번지",D15 계량기 접합부 수선,지상-사유지,,산격동 1407-41,2022-02-13 12:22,,2022-02-13 16:00,급수관,북구,0520,48,사유지,15 ,계량기보호통(실),접합부,노후,,,,생활용수,,미대상
249,20220207-0040,북부사업소,202202,96 ,북구 연암로12길 6-6 (산격동) / 1016번지,D15 보호통 교체,지하-사유지,용역일반,산격동 1016,2022-02-07 09:34,,2022-02-14 14:00,급수관,북구,0520,46-1,사유지,15 ,계량기보호통(실),계량기보호통,노후,,19일,146 ,생활용수,,미대상
250,20220207-0037,북부사업소,202202,95 ,북구 연암공원로11길 13-1 (산격동) / 1180-77번지,D150X15 분기대 교체,지하-공도,용역일반,산격동 1180-77,2022-02-07 09:31,,2022-02-07 11:30,급수관,북구,0520,46-1,공도,15 ,부분기대,부분기대,노후,,19일,114 ,생활용수,817624,입력
251,20220207-0031,북부사업소,202202,94 ,북구 연암공원로 37-6 (산격동) / 1133번지,D25 STS 접합부 수선,지하-사유지,용역일반,산격동 1133,2022-02-07 09:26,,2022-02-14 12:00,급수관,북구,0520,46-1,사유지,15 ,스텐레스관,이형관,노후,,19일,27 ,생활용수,,미대상
252,20220117-0498,북부사업소,202201,42 ,북구 연암로 56-1 (산격동) / 1018-1번지,D15 보호통 교체D15 엑셀와사관 철거,지하-사유지,자체상시,산격동 1018-1,2022-01-17 18:00,,2022-01-17 19:30,급수관,북구,0520,46-1,사유지,15 ,계량기보호통(실),계량기보호통,노후,,9일,54 ,생활용수,,미대상
253,20220112-0012,북부사업소,202201,26 ,"북구 연암로4길 35 (산격동,온누리어린이집) / 1401-4번지",D100X25 분기대 교체,지상-공도,,산격동 1401-4,2022-01-12 09:13,,2022-01-12 13:30,급수관,북구,0520,47,공도,25 ,부분기대,부분기대,노후,,2시간,1 ,생활용수,817024,입력
254,20220106-0361,북부사업소,202201,15 ,북구 연암공원로 90-10 (산격동) / 1185-10번지,D15 보호통 교체,지상-사유지,,산격동 1185-10,2022-01-06 15:08,,2022-01-06 17:00,급수관,북구,0520,24-3,사유지,15 ,계량기보호통(실),계량기보호통,노후,,,,생활용수,,미대상