cluster_id,repair_count,avg_lat,avg_lon,nearest_pipe,nearest_type,nearest_dist,pipe_count,nearest_STD_DIP,max_STD_DIP,avg_STD_DIP,nearest_K_age,max_K_age,avg_K_age,nearest_K_soil,max_K_soil,avg_K_soil,nearest_K_traffic,max_K_traffic,avg_K_traffic,nearest_hoop_stress,max_hoop_stress,avg_hoop_stress,nearest_K_stress,max_K_stress,avg_K_stress,nearest_K_total,max_K_total,avg_K_total,nearest_D_final,max_D_final,avg_D_final,nearest_K_repair,max_K_repair,avg_K_repair
0,1,35.8899151,128.601287,177107,PIPE_LM,5.224894916006969,89,40,200,33.57500231165637,1.6334839151266256,1.840520191649555,1.63302975611715,1.0,1.3,1.0053365201679345,1.4,1.6,1.126835134024397,9.846153846153848,17.857142857142858,9.012895152716451,2.0307692307692307,3.9746031746031742,1.8528398079065667,6.40707057581714,20.81167849036323,7.311162849359593,0.0331402521998853,0.1076473664074793,0.03781662428016998,0.1295,0.6285,0.23734429334744078
1,1,35.894775800000005,128.6046433,106606,PIPE_LM,6.899950679069789,136,80,300,38.65528418530115,1.7535112936344968,1.761779603011636,1.6138527331359962,1.0,1.0,1.0,1.0,1.6,1.0740609473681129,6.666666666666667,20.833333333333332,8.674611675620353,2.1333333333333337,4.966666666666667,1.861499608200614,5.647396206010904,15.559841291494475,5.065199974995503,0.0292108745057811,0.0804825010881906,0.02619949361066544,0.0454,0.5267,0.11972349424944805
2,3,35.890277250001176,128.60406135000073,4800,SPLY_LS,3.6948960843849665,142,13,200,23.2037250681558,1.5166324435318277,1.863353867214237,1.59675058351732,1.0,1.0,1.0,1.0,1.6,1.1012131676761643,7.471264367816092,17.857142857142858,8.566591477347101,1.547126436781609,3.9746031746031742,1.713742499907882,9.400548107302328,55.12823608256897,9.521258275231695,0.0486238650576159,0.2851480447252839,0.049248232365722115,0.507,1.0703,0.3924397224988858
3,1,35.890979,128.6032946,143987,SPLY_LS,6.927565607859949,195,13,150,23.995952117109784,1.6584531143052703,1.9886379192334016,1.6164145251698228,1.0,1.0,1.0,1.0,1.6,1.0526650735354857,7.471264367816092,17.857142857142858,8.357714444854619,1.547126436781609,3.3000000000000003,1.7101174095637193,8.92309547510458,55.12823608256897,9.6256113265925,0.0461542651902046,0.2851480447252839,0.04978799330623337,0.4269,1.0703,0.39634557841943213
4,3,35.895232699999994,128.6046783,245452,SPLY_LS,7.989790726363709,145,20,300,36.235730374121594,1.1906639288158796,1.7734976043805613,1.590713660708659,1.0,1.0,1.0,1.0,1.6,1.069397397463914,9.523809523809524,20.833333333333332,9.072718820524216,1.7523809523809524,4.966666666666667,1.8646041630307437,5.330425369608591,15.559841291494475,5.765015836668822,0.0275713587030319,0.0804825010881906,0.029819256164377573,0.278,0.5267,0.16987635414798868
5,1,35.8966337,128.6042461,245230,SPLY_LS,6.555749360882078,145,13,200,22.992362709792882,1.6585626283367556,1.7734976043805613,1.6360947502223524,1.0,1.0,1.0,1.0,1.4,1.008164035378941,7.471264367816092,20.0,8.030394141995888,1.547126436781609,3.9746031746031742,1.6756498326766107,4.310263345041433,18.67599719135964,5.556730719780352,0.0222946216390595,0.0966006616724481,0.02874191181152784,0.1545,0.6711,0.19457946563847833
6,2,35.89416030000075,128.60489965000127,3933,SPLY_LS,4.761843962414774,113,13,200,23.766842508993623,1.6236824093086928,1.7535112936344968,1.6177682765598504,1.0,1.0,1.0,1.0,1.6,1.028529636276827,7.471264367816092,20.0,8.250282643984235,1.547126436781609,3.9746031746031742,1.6841544863797875,8.570215863063801,15.559841291494475,4.780927246458811,0.0443290130409043,0.0804825010881906,0.02472910713594581,0.4169,0.4169,0.15311074215169718
7,3,35.89571085000243,128.60505674999945,245473,PIPE_LM,6.466836512722925,105,40,200,33.992173478359305,1.65347022587269,1.7734976043805613,1.5667721498974583,1.0,1.0,1.0,1.0,1.6,1.0380213509756369,9.846153846153848,20.0,9.107568686085434,2.0307692307692307,3.9746031746031742,1.8468866229754028,4.321623876264371,15.559841291494475,6.31482288390041,0.0223533834187836,0.0804825010881906,0.032663105625830656,0.1141,0.5102,0.22184663523234727
8,1,35.8948437,128.6038297,106607,PIPE_LM,3.6087770252907525,127,100,300,40.44179231636205,1.7535112936344968,1.761779603011636,1.6208809299996663,1.0,1.0,1.0,1.4,1.6,1.1354377799971849,8.333333333333334,20.833333333333332,8.795621362154773,2.466666666666667,4.966666666666667,1.8919495219336324,8.32292562349076,15.559841291494475,5.155903952733048,0.0430499166412247,0.0804825010881906,0.02666865540031401,0.0309,0.5267,0.10982488323509126
9,1,35.8903724,128.6026803,212350,SPLY_LS,3.6700252173478445,182,13,150,22.92603192307387,1.5482819986310743,1.863353867214237,1.6237263306208374,1.0,1.0,1.0,1.0,1.6,1.0417799594970627,7.471264367816092,17.857142857142858,8.169844770382095,1.547126436781609,3.3000000000000003,1.6881988371280412,6.6892470045334855,55.12823608256897,8.467729459450899,0.0345997956685992,0.2851480447252839,0.043798907242536746,0.3231,1.0703,0.3504694749465329
10,1,35.8958428,128.6037225,38009,SPLY_LS,7.151126052600448,162,13,300,26.147663517144103,1.689609856262834,1.7734976043805613,1.6036620803443982,1.0,1.0,1.0,1.0,1.4,1.0248041670502626,7.471264367816092,20.833333333333332,8.400785266839915,1.547126436781609,4.966666666666667,1.726674008669401,5.39163642989353,13.491776731827516,5.388227767574002,0.0278879698518027,0.0697855405565412,0.02787033871638809,0.2125,0.5267,0.18070855946054734
11,3,35.8907982,128.6036585,73321,SPLY_LS,11.932318144183869,213,13,200,23.219544651681407,1.7270088980150584,1.863353867214237,1.6128835212242807,1.0,1.0,1.0,1.2,1.6,1.066900833504078,7.471264367816092,17.857142857142858,8.384626749191288,1.547126436781609,3.9746031746031742,1.7025031886160786,10.437176607657488,55.12823608256897,10.081353614485305,0.0539857741442779,0.2851480447252839,0.052145297503244495,0.3932,1.0703,0.41136367837820964
12,1,35.8909603,128.6027368,72215,PIPE_LM,3.8542550058606833,140,25,150,23.4739672954699,1.673511293634497,1.9886379192334016,1.6056718818702054,1.0,1.0,1.0,1.0,1.6,1.0381059280308538,8.928571428571429,17.857142857142858,8.477733015220167,1.692857142857143,3.3000000000000003,1.7109081081713338,4.879719616883504,55.12823608256897,8.022565558336863,0.025240105732349,0.2851480447252839,0.04149631922221947,0.1518,1.0703,0.3229319171889377
13,1,35.889965100000005,128.6009332,178418,SPLY_LS,2.4697985670575386,66,13,200,54.62117931395479,1.6318412046543465,1.840520191649555,1.6022337045200965,1.0,1.3,1.0084028058862318,1.0,1.6,1.152906874195968,7.471264367816092,17.857142857142858,10.047525131757393,1.547126436781609,3.9746031746031742,2.127400954982449,6.178766220840551,20.81167849036323,7.99506364593771,0.0319593593389867,0.1076473664074793,0.04135406695543044,0.2708,0.6285,0.19334933697247253
14,3,35.88983400000012,128.60101784999952,47811,PIPE_LM,6.101559257952219,75,50,200,47.13605134598026,1.7535112936344968,1.840520191649555,1.6136503339798187,1.0,1.3,1.0167871233678845,1.4,1.6,1.181836067327639,17.857142857142858,17.857142857142858,10.13902557329576,2.585714285714286,3.9746031746031742,2.0567703826205634,11.57044524405543,20.81167849036323,7.9595958342270325,0.0598475495026145,0.1076473664074793,0.04117061147274759,0.1569,0.6285,0.20296423740365396
15,1,35.8907824,128.6046677,73330,SPLY_LS,9.228371113510123,122,32,200,29.909400280012957,1.4317590691307325,1.863353867214237,1.5987003669655506,1.0,1.0,1.0,1.0,1.6,1.0725707282215275,11.428571428571429,20.0,8.939006961243035,1.942857142857143,3.9746031746031742,1.7970501606191702,4.690995091961965,55.12823608256897,5.693087426432254,0.0242639375634186,0.2851480447252839,0.029447210058849458,0.1433,0.9853,0.16635443918913081
16,1,35.8899459,128.6034124,4794,SPLY_LS,2.527607077986346,163,13,200,21.655073225172302,1.6795345653661875,1.863353867214237,1.6128781056355812,1.0,1.0,1.0,1.0,1.6,1.0900718630316788,7.471264367816092,17.857142857142858,8.239588384372563,1.547126436781609,3.9746031746031742,1.6809760187264908,9.317787339924877,55.12823608256897,9.225775231514694,0.0481957891263944,0.2851480447252839,0.047719861096248144,0.4433,1.0703,0.39183710337367134
17,1,35.8960892,128.604461,3917,SPLY_LS,3.0166847163750248,154,13,200,33.16265335594445,1.7043394934976044,1.7734976043805613,1.6290208685131018,1.0,1.0,1.0,1.0,1.4,1.0296682487430746,7.471264367816092,20.0,8.37435498734152,1.547126436781609,3.9746031746031742,1.7985813550965322,8.856715651213172,13.491776731827516,6.585269532242664,0.0458109188701175,0.0697855405565412,0.03406197739204851,0.4089,0.5102,0.2194683342896184
18,1,35.89729220000001,128.6038361,324769,PIPE_LM,6.036393995962058,62,100,150,30.66124371371956,1.6334839151266256,1.7734976043805613,1.6446862226102388,1.0,1.0,1.0,1.0,1.0,1.0,8.333333333333334,12.5,8.071357066812014,2.466666666666667,3.3000000000000003,1.763848706450793,7.183768231622177,15.505915529089668,6.768460237820851,0.0371576819896541,0.0802035727784398,0.03500952215711641,0.0698,0.6711,0.24236038001293378
19,1,35.8889189,128.6020764,215055,PIPE_LM,5.751307305998202,96,50,200,27.21209241695578,1.65347022587269,2.161615331964408,1.6211111789821158,1.0,1.0,1.0,1.0,1.6,1.0942625488690982,10.95890410958904,20.0,8.589933695885874,2.16986301369863,3.9746031746031742,1.7470160726466553,4.990187917758664,16.13375934334295,6.003587035356188,0.0258114974952108,0.0834510635154742,0.031053253761028066,0.1287,0.8665,0.1952173844054742
20,1,35.88924730000001,128.6028408,4805,SPLY_LS,8.953886309618383,135,13,200,23.798552656638552,1.7255304585900069,2.161615331964408,1.6146430734267045,1.0,1.0,1.0,1.6,1.6,1.1686933279822949,7.471264367816092,17.857142857142858,8.181351360826307,1.547126436781609,3.9746031746031742,1.6931032547745304,7.0846637720018,16.13375934334295,7.595884920452848,0.0366450691274907,0.0834510635154742,0.03928933495679628,0.1513,0.8665,0.2836096060128944
21,1,35.8907876,128.6044362,143982,PIPE_LM,5.287068475639752,143,50,200,29.658441038722966,1.673511293634497,1.863353867214237,1.599370537973604,1.0,1.0,1.0,1.0,1.6,1.0715957767472488,10.95890410958904,20.0,8.918748181106174,2.16986301369863,3.9746031746031742,1.7944155999387124,2.8024935802126665,55.12823608256897,6.471744445504964,0.014495757918971,0.2851480447252839,0.03347477455715209,0.0269,1.0703,0.2103924636522236
22,3,35.8940868,128.6042889,106591,SPLY_LS,6.070892210299506,122,13,300,23.417814123267544,1.6724709103353868,1.7535112936344968,1.649572772729869,1.0,1.0,1.0,1.0,1.6,1.0339978566551622,7.471264367816092,20.833333333333332,7.970302410354669,1.547126436781609,4.966666666666667,1.6730995584605537,4.927067740802923,15.559841291494475,4.402497253767067,0.025485011535916,0.0804825010881906,0.022771696920247417,0.1885,0.5571,0.12614993483256082
23,1,35.8912155,128.6042629,246398,SPLY_LS,8.52475035599395,170,40,150,29.51918486147322,1.308993839835729,1.863353867214237,1.5855762509968445,1.0,1.0,1.0,1.0,1.6,1.0423749715888513,14.285714285714286,20.0,8.932900399871967,2.2285714285714286,3.3000000000000003,1.7961823517905928,6.941737002870549,55.12823608256897,6.2963699607409485,0.0359057875604977,0.2851480447252839,0.03256765880343449,0.2393,0.9528,0.20747900613679107
24,1,35.892140600000005,128.6034955,38913,SPLY_LS,4.809404724134049,120,25,200,37.61526107023617,1.663709787816564,1.9886379192334016,1.62385355992027,1.0,1.0,1.0,1.0,1.6,1.1298903529774798,8.928571428571429,25.3968253968254,8.929943016111318,1.692857142857143,3.9746031746031742,1.8545967107000099,12.391791648458735,24.640150504343705,7.586720191638944,0.0640959227120703,0.1274499464761926,0.039241930855242795,0.5432,0.5433,0.2325169428363068
25,1,35.89387550000001,128.6048677,177356,SPLY_LS,5.752353895985947,114,25,150,22.524129891487352,1.162135523613963,1.7535112936344968,1.5904173020241767,1.0,1.0,1.0,1.0,1.6,1.025517344140563,8.928571428571429,20.0,8.178603973006284,1.692857142857143,3.3000000000000003,1.667497964793856,3.6725761345890056,11.010470948065109,4.326044549564002,0.0189962164273549,0.0569511104553193,0.02237624913039227,0.1729,0.5571,0.13431846645088094
26,3,35.89013280000507,128.60326719999316,73328,SPLY_LS,6.448256300978404,184,13,200,23.521733831354535,1.58694045174538,1.863353867214237,1.6045537168138082,1.0,1.0,1.0,1.0,1.6,1.0904344606476015,7.471264367816092,17.857142857142858,8.362243362707467,1.547126436781609,3.9746031746031742,1.7034904406695626,11.717720515405588,55.12823608256897,9.970425033812202,0.0606093234799096,0.2851480447252839,0.05157152496614184,0.6231,1.0703,0.4216837232380169
27,1,35.8947789,128.6033482,106603,SPLY_LS,6.5454125223678306,87,20,300,34.936430071139476,1.258672142368241,1.761779603011636,1.5580956632474146,1.0,1.0,1.0,1.0,1.6,1.118059998929467,9.523809523809524,20.833333333333332,9.05862776564002,1.7523809523809524,4.966666666666667,1.854757797280546,4.086039176981809,13.161581855146547,4.5719689079120265,0.0211348333409795,0.0680776240666527,0.023648280577729528,0.1741,0.5267,0.10484055044477013
28,1,35.8905587,128.6027877,212348,SPLY_LS,7.594872928254892,175,13,150,22.633539178715466,1.6220944558521562,1.863353867214237,1.6172161001054806,1.0,1.0,1.0,1.0,1.6,1.0457305672868316,7.471264367816092,17.857142857142858,8.239205178910987,1.547126436781609,3.3000000000000003,1.6902268936780915,7.727018127480551,55.12823608256897,9.21298878160287,0.0399676149134867,0.2851480447252839,0.047653723823401724,0.3665,1.0703,0.3915586062882249
29,3,35.8924255,128.6048535,4828,SPLY_LS,3.411209979538882,107,25,200,41.52021112170921,1.6824366872005476,1.7535112936344968,1.5676628999299937,1.0,1.0,1.0,1.6,1.6,1.2845065544254086,8.928571428571429,25.3968253968254,9.036561616341487,1.692857142857143,3.9746031746031742,1.8898965706742115,11.405954046021938,25.21143924614999,6.559924701804549,0.0589967270053461,0.1304049089287485,0.03393088252384892,0.2659,0.5433,0.13561632070711682
30,1,35.8950531,128.6048475,3958,PIPE_LM,8.46698508059092,120,100,300,40.210972634776915,1.6134976043805611,1.761779603011636,1.5897475193227724,1.0,1.0,1.0,1.4,1.6,1.084506361570044,16.3265306122449,20.833333333333332,9.327954021535207,2.840816326530613,4.966666666666667,1.9098743656679926,5.122201750078028,15.559841291494475,5.2978489456226745,0.026494332442191,0.0804825010881906,0.027402858778785965,0.0267,0.5267,0.13590518285310152
31,3,35.89023340000547,128.60391405001553,38889,SPLY_LS,4.628576727960576,153,13,200,22.283484539972033,1.51378507871321,1.863353867214237,1.6000199937799124,1.0,1.0,1.0,1.0,1.6,1.0952122546868053,7.471264367816092,17.857142857142858,8.373566565791922,1.547126436781609,3.9746031746031742,1.69088421325759,14.848785905509205,55.12823608256897,10.316459254222869,0.076804602656951,0.2851480447252839,0.053361369669505034,0.8606,1.0703,0.444283453319018
32,1,35.8892791,128.6026847,178202,SPLY_LS,3.4172225907246534,142,13,200,22.889341099481957,1.6347433264887063,2.161615331964408,1.614231904990473,1.0,1.0,1.0,1.0,1.6,1.107884741296643,7.471264367816092,20.0,8.277593283999233,1.547126436781609,3.9746031746031742,1.6894665697601023,15.038700250820137,16.13375934334295,8.475105169355148,0.0777869251123546,0.0834510635154742,0.043837057733230995,0.8009,0.8665,0.35466053014663107
33,1,35.8943564,128.6046949,3941,SPLY_LS,4.773447037054794,122,13,300,26.717939705031657,1.657577002053388,1.7535112936344968,1.6336989854610144,1.0,1.0,1.0,1.0,1.6,1.0374854216318161,7.471264367816092,20.833333333333332,8.178957563409188,1.547126436781609,4.966666666666667,1.7141452029817368,3.613730281740152,15.559841291494475,4.371602683952395,0.0186918391957868,0.0804825010881906,0.022611896302609527,0.1135,0.4169,0.11740997698820889
34,1,35.88992120000001,128.6024098,4783,SPLY_LS,3.4250419658411997,177,13,200,21.23974641713888,1.649199178644764,1.840520191649555,1.6338975465199839,1.0,1.0,1.0,1.0,1.6,1.0804804615197057,7.471264367816092,17.857142857142858,8.166710169909102,1.547126436781609,3.9746031746031742,1.6703507984981099,6.990528108153487,24.939623703595892,7.566982345118626,0.0361581571130185,0.1289989566256645,0.03913983783100881,0.3151,1.0004,0.2984300318346722
35,4,35.8903077500053,128.60371044998874,212354,SPLY_LS,5.35885406250543,188,13,200,22.96926452053303,1.653798767967146,1.863353867214237,1.605665774911033,1.0,1.0,1.0,1.0,1.6,1.0859713580128638,7.471264367816092,17.857142857142858,8.382270888767158,1.547126436781609,3.9746031746031742,1.6977925985978186,18.3280647365107,55.12823608256897,10.932152623328664,0.0948009984463647,0.2851480447252839,0.05654601283653631,0.9853,1.0703,0.4668127075323639
36,1,35.8906001,128.6050173,439264,PIPE_LM,6.381055326430383,80,200,200,44.38097059474659,1.6134976043805611,1.7570704996577686,1.6052316965560984,1.0,1.0,1.0,1.6,1.6,1.1446723435522834,15.873015873015872,20.0,9.592874719243662,3.9746031746031742,3.9746031746031742,1.9749271099398222,12.964257469003083,13.264085672936345,5.318054726746486,0.067056973545545,0.0686078199389796,0.027507372171359814,0.0163,0.5471,0.10161751356104655
37,1,35.89358980000001,128.6044517,143182,PIPE_LM,4.483267994110968,124,80,150,26.470586917809445,1.7535112936344968,1.7535112936344968,1.6271112955522073,1.0,1.0,1.0,1.6,1.6,1.0635768444990081,6.666666666666667,20.0,7.8473911804694945,2.1333333333333337,3.3000000000000003,1.6944076431087887,8.638108089524247,11.010470948065109,4.832273355900992,0.0446801821876596,0.0569511104553193,0.02499469231973002,0.039,0.5571,0.13647356238455538
38,1,35.8923845,128.6030124,246350,PIPE_LM,10.891435691699034,76,80,200,59.5833203034766,1.673511293634497,1.9886379192334016,1.5940831690485893,1.0,1.0,1.0,1.6,1.6,1.2175222105442127,6.666666666666667,25.3968253968254,9.673977586994488,2.1333333333333337,3.9746031746031742,2.111760073655649,9.00910581562265,24.640150504343705,8.036611375367977,0.0465991493760173,0.1274499464761926,0.041568970508522055,0.0519,0.5433,0.18079702956530844
39,1,35.889946900000005,128.6035962,246360,SPLY_LS,6.823916804633943,157,20,200,23.11150890684235,1.2057768651608487,1.863353867214237,1.5946857792999185,1.0,1.0,1.0,1.0,1.6,1.1061876433698838,9.523809523809524,17.857142857142858,8.381891009135582,1.7523809523809524,3.9746031746031742,1.7022523687893185,6.8718462829590345,55.12823608256897,9.344053124680238,0.0355442813062914,0.2851480447252839,0.04833164758475227,0.3812,1.0703,0.39454360852286213
40,3,35.892133400000006,128.6036122,107449,SPLY_LS,8.416872758581539,123,13,200,37.088935774404995,1.7354414784394252,1.9886379192334016,1.6135467597862854,1.0,1.0,1.0,1.0,1.6,1.120726658206782,7.471264367816092,25.3968253968254,8.816969532477646,1.547126436781609,3.9746031746031742,1.8439461564030926,9.851237520489514,24.640150504343705,7.189831239859433,0.0509550335128559,0.1274499464761926,0.037189042596610905,0.4559,0.5433,0.2176326757934333
41,3,35.89086850000911,128.6032258499885,3683,PIPE_LM,0.4003060396942298,200,40,150,22.238137736604887,1.120520191649555,1.9886379192334016,1.576068069284363,1.0,1.0,1.0,1.0,1.6,1.0326102818150302,14.285714285714286,17.857142857142858,8.778308493272755,2.2285714285714286,3.3000000000000003,1.7177004897635104,9.658549214436524,55.12823608256897,10.412555630332395,0.0499583628842122,0.2851480447252839,0.053858423370112755,0.4515,1.0703,0.4664358726988998
42,1,35.8906725,128.6043161,246368,SPLY_LS,2.87653796550377,161,13,200,25.691231225185938,1.5872142368240931,1.863353867214237,1.596066997671758,1.0,1.0,1.0,1.0,1.6,1.0752976127111875,7.471264367816092,20.0,8.636663581587484,1.547126436781609,3.9746031746031742,1.737920975260227,5.288551856973849,55.12823608256897,7.346033109849648,0.0273547700526043,0.2851480447252839,0.037996988959041765,0.2263,1.0703,0.2678231406759811
43,1,35.888788000000005,128.6021374,144001,SPLY_LS,3.9490427558616434,77,13,200,28.74419332400282,1.7245448323066392,2.161615331964408,1.6602003872621,1.0,1.0,1.0,1.0,1.6,1.1151013299557828,7.471264367816092,20.0,8.403691375463715,1.547126436781609,3.9746031746031742,1.7490097080290568,7.1390821011208,16.13375934334295,6.279344446403133,0.0369265452139422,0.0834510635154742,0.03247959518179783,0.3054,0.8665,0.19572711931862
44,2,35.89620200000016,128.6043293999997,177341,SPLY_LS,5.601927359687811,167,13,200,25.33670620059496,1.6432854209445584,1.7734976043805613,1.6233134626339856,1.0,1.0,1.0,1.0,1.4,1.015503209797036,7.471264367816092,20.0,8.252263470590814,1.547126436781609,3.9746031746031742,1.7136737050937552,9.73419430113081,13.491776731827516,6.263687383190341,0.050349633312884,0.0697855405565412,0.03239860980518282,0.4801,0.5102,0.23067687653447339
45,1,35.8919494,128.6032447,142915,PIPE_LM,4.656914999506761,120,25,200,31.813091989209262,1.673511293634497,1.9886379192334016,1.637372457377703,1.0,1.0,1.0,1.0,1.6,1.0970392854517155,8.928571428571429,25.3968253968254,8.558908743311052,1.692857142857143,3.9746031746031742,1.7820471253845256,7.720731911701304,24.640150504343705,7.1479933642675295,0.0399350997766794,0.1274499464761926,0.03697263827700549,0.2984,0.5433,0.22243704023995414
46,3,35.8899365500072,128.60264079999934,38874,SPLY_LS,4.407177073386869,173,13,200,23.503610281665818,1.7227926078028748,1.737467488021903,1.6330131632833877,1.0,1.0,1.0,1.2,1.6,1.1054971153894206,7.471264367816092,17.857142857142858,8.284027933838313,1.547126436781609,3.9746031746031742,1.6974313548082927,11.43344335386811,24.939623703595892,8.376139794258421,0.0591389140757151,0.1289989566256645,0.0433251642788119,0.4416,1.0703,0.3289634510888402
47,5,35.891841350000895,128.60504839999314,107415,SPLY_LS,5.087903097735454,79,13,200,34.47602093849966,1.6584531143052703,1.7570704996577686,1.578124467891835,1.0,1.0,1.0,1.0,1.6,1.0887849286377516,7.471264367816092,25.3968253968254,9.402271670207123,1.547126436781609,3.9746031746031742,1.8380473663835168,9.553080579818738,25.21143924614999,5.80615826706892,0.0494128316450834,0.1304049089287485,0.030032063328500582,0.4641,0.4641,0.17513547447571629
48,8,35.89055585000126,128.60330840000722,3686,SPLY_LS,4.842708127283932,208,13,200,22.942752067697395,1.7253114305270365,1.863353867214237,1.6079684461122064,1.0,1.0,1.0,1.0,1.6,1.0600796390983542,7.471264367816092,17.857142857142858,8.414220569542422,1.547126436781609,3.9746031746031742,1.701724839153614,20.618109782867833,55.12823608256897,11.585676449529467,0.1066461419463947,0.2851480447252839,0.05992633215136868,1.0703,1.0703,0.508101832453495
49,2,35.8959559,128.6044328,72486,PIPE_LM,5.919299172782952,157,200,200,34.21388685013202,1.6334839151266256,1.7734976043805613,1.6180841751994384,1.0,1.0,1.0,1.2,1.4,1.037000917724013,15.873015873015872,20.0,8.581991251833758,3.9746031746031742,3.9746031746031742,1.821398222960819,13.373122429135062,13.491776731827516,6.465055555750456,0.0691718071085796,0.0697855405565412,0.03344017660934141,0.058,0.5267,0.21040955132391928
50,3,35.890909100000044,128.60409589999975,178215,PIPE_LM,6.390641179644058,187,100,200,28.633168430570645,1.6134976043805611,1.863353867214237,1.5946051653086792,1.0,1.0,1.0,1.4,1.6,1.09115977429664,16.3265306122449,20.0,8.803525672061767,2.840816326530613,3.9746031746031742,1.7784031012794008,8.154286448229978,55.12823608256897,8.120708442816326,0.0421776389391471,0.2851480447252839,0.042003958385045254,0.1017,1.0703,0.29474925926181633
51,2,35.894403700000005,128.6041922,72480,SPLY_LS,7.859324207530046,138,13,300,26.751247721715306,1.653798767967146,1.761779603011636,1.6350979762058493,1.0,1.0,1.0,1.0,1.6,1.0573666749578814,7.471264367816092,20.833333333333332,8.234647660052188,1.547126436781609,4.966666666666667,1.7226040894129806,3.94662188235746,15.559841291494475,4.380849158063992,0.0204137043553998,0.0804825010881906,0.022659723227628055,0.1337,0.4169,0.11206410887497145
52,2,35.8927626,128.6040563,3955,SPLY_LS,4.085416386885011,121,20,200,45.324846475143396,1.6601505817932924,1.7535112936344968,1.582421261621264,1.0,1.0,1.0,1.0,1.6,1.2139245453072889,9.523809523809524,25.3968253968254,9.042442862976944,1.7523809523809524,3.9746031746031742,1.938901261588318,6.708684606271502,25.21143924614999,6.975934078627873,0.034700335691709,0.1304049089287485,0.03608267022499872,0.2412,0.5571,0.16716992615651707
53,2,35.8922664,128.6035592,107448,SPLY_LS,8.596889272820608,112,20,200,43.1027731970786,1.6870362765229294,1.9886379192334016,1.6021879030000306,1.0,1.0,1.0,1.0,1.6,1.165561810211599,9.523809523809524,25.3968253968254,9.146156787226522,1.7523809523809524,3.9746031746031742,1.914605341480357,9.029165910596085,24.640150504343705,7.457172268806293,0.0467029092142627,0.1274499464761926,0.038571850701787085,0.3519,0.5433,0.20461018855153942
54,2,35.8958679,128.6034297,406871,SPLY_LS,5.930343633449934,131,13,300,32.647378425527414,1.687583846680356,1.7734976043805613,1.5868540449224025,1.0,1.0,1.0,1.0,1.4,1.0298819826427585,7.471264367816092,20.833333333333332,8.591361017489676,1.547126436781609,4.966666666666667,1.8054150502657815,5.236971408914467,13.373122429135062,5.641975457444729,0.0270879727640396,0.0691718071085796,0.029182835954859924,0.2039,0.5267,0.17567921670466813
55,2,35.8935864,128.6046368,211477,PIPE_LM,4.828993044710991,122,80,150,27.593620944106547,1.6334839151266256,1.7535112936344968,1.6388527940591717,1.0,1.0,1.0,1.6,1.6,1.0648805247028965,6.666666666666667,20.0,7.698085581278956,2.1333333333333337,3.3000000000000003,1.694209650249356,7.936839237529205,11.010470948065109,4.776914168677067,0.0410529041141579,0.0569511104553193,0.02470834969177364,0.0371,0.5571,0.1290976029228249
56,2,35.8917172,128.6032125,178247,SPLY_LS,11.272157699531196,140,13,200,25.17624855440787,1.7393292265571527,1.9886379192334016,1.633707340539561,1.0,1.0,1.0,1.0,1.6,1.06714343487089,7.471264367816092,20.0,8.20602748575699,1.547126436781609,3.9746031746031742,1.7068552438151916,6.171926515956656,24.640150504343705,7.052370159431076,0.03192398130746,0.1274499464761926,0.036478032031149195,0.2475,0.5844,0.23700066021122027
57,2,35.8896873,128.6025124,48168,PIPE_LM,3.0578932446560456,167,100,200,26.244612430693106,1.6934976043805614,2.161615331964408,1.6371071711716965,1.0,1.0,1.0,1.4,1.6,1.128388768705558,8.333333333333334,17.857142857142858,8.25256990671051,2.466666666666667,3.9746031746031742,1.7208460003862136,11.961932266666668,16.746348382315382,8.123675311368746,0.06187249655272,0.0866196496901072,0.042019304364289266,0.0948,0.9072,0.2954419053748146
58,2,35.89558935000007,128.60484169999935,38022,SPLY_LS,5.44727061549364,128,13,300,31.41140060284866,1.6280082135523617,1.7734976043805613,1.5853401139086853,1.0,1.0,1.0,1.0,1.6,1.0359688980233839,7.471264367816092,20.833333333333332,8.789136867052065,1.547126436781609,4.966666666666667,1.8044484708563584,9.937946294050858,15.559841291494475,6.370056349498178,0.0514035303086633,0.0804825010881906,0.03294879796496181,0.4978,0.5198,0.2290783615276933
59,4,35.889675200001705,128.6029024000082,107437,SPLY_LS,9.346293250643752,152,13,200,21.869142544006653,1.6351813826146475,1.81347022587269,1.6182196389148902,1.0,1.0,1.0,1.0,1.6,1.105091904779928,7.471264367816092,17.857142857142858,8.157344162909908,1.547126436781609,3.9746031746031742,1.6731230056307573,10.98358071942325,24.939623703595892,8.32469103188663,0.0568120220921807,0.1289989566256645,0.04305904812788197,0.5578,1.0004,0.34114912604706904
60,2,35.893659450000044,128.60343420000035,72485,PIPE_LM,49.99168864537116,48,100,100,22.71627969733159,1.6334839151266256,1.7535112936344968,1.6432737200210523,1.0,1.0,1.0,1.6,1.6,1.0437243333377924,8.333333333333334,17.857142857142858,8.017725364363361,2.466666666666667,2.585714285714286,1.676823382635053,9.612203428884326,11.010470948065109,5.097447930761065,0.0497186416257327,0.0569511104553193,0.026366294549465024,0.042,0.5571,0.16636381027947433
61,2,35.89267,128.60429720000002,211469,SPLY_LS,7.0217188609512124,131,13,200,41.64027994607125,1.5875427789185488,1.7535112936344968,1.5747724899995248,1.0,1.0,1.0,1.6,1.6,1.2375519219023627,7.471264367816092,25.3968253968254,8.984769202974498,1.547126436781609,3.9746031746031742,1.8883025777646654,7.602306607276599,25.21143924614999,6.48702084133908,0.0393225508108078,0.1304049089287485,0.03355379095078428,0.1931,0.5571,0.15188176377802495
62,3,35.8903448,128.603526,48168,PIPE_LM,4.246751345794138,192,100,200,27.44595629098582,1.6934976043805614,1.863353867214237,1.6021115823299379,1.0,1.0,1.0,1.4,1.6,1.099213841722186,8.333333333333334,17.857142857142858,8.608650147270216,2.466666666666667,3.9746031746031742,1.7560158417468834,11.961932266666668,55.12823608256897,11.156663037821525,0.06187249655272,0.2851480447252839,0.05770728172997991,0.0948,1.0703,0.4522832309848455
63,2,35.8901375,128.6034434,106340,PIPE_LM,2.010441323403995,184,20,200,22.26591530905327,1.7134839151266257,1.863353867214237,1.5911976188234251,1.0,1.0,1.0,1.0,1.6,1.0712583839102892,9.523809523809524,17.857142857142858,8.44154483295423,1.7523809523809524,3.9746031746031742,1.6957477316004939,16.746348382315382,55.12823608256897,10.818370172482267,0.0866196496901072,0.2851480447252839,0.05595747879865581,0.7252,1.0703,0.4857338222486149
64,2,35.8902302,128.6035788,246362,SPLY_LS,3.957317009927155,180,13,200,22.82494107512233,1.54839151266256,1.863353867214237,1.5875856925579537,1.0,1.0,1.0,1.0,1.6,1.0746531709508644,7.471264367816092,17.857142857142858,8.456574664122998,1.547126436781609,3.9746031746031742,1.7025796726503182,14.67279674185001,55.12823608256897,10.94301253614323,0.075894307507382,0.2851480447252839,0.05660218519257406,0.828,1.0703,0.4881386828721084
65,2,35.89120520000001,128.6036036,246392,SPLY_LS,7.394893483219724,193,13,150,26.289857790988176,1.6383572895277208,1.9886379192334016,1.6138168820153425,1.0,1.0,1.0,1.0,1.6,1.0489098476156522,7.471264367816092,17.857142857142858,8.49794134160058,1.547126436781609,3.3000000000000003,1.7418464592040097,7.827909680479846,55.12823608256897,8.250625593473293,0.0404894714267979,0.2851480447252839,0.042675948350960856,0.3679,1.0703,0.31479978145397236
66,2,35.8915586,128.6029318,178244,SPLY_LS,4.887208627071667,136,13,150,29.878665383096735,1.7586036960985627,1.9886379192334016,1.6442844739354021,1.0,1.0,1.0,1.0,1.6,1.0914220242132981,7.471264367816092,17.857142857142858,8.1973825787944,1.547126436781609,3.3000000000000003,1.760776853269418,7.65718818746111,24.640150504343705,7.582268383353175,0.0396064230402332,0.1274499464761926,0.03921890409947508,0.3264,0.9156,0.24598480376785337
67,2,35.8913343,128.6028039,178218,PIPE_LM,4.887900327055317,129,150,150,31.81201377819015,1.6134976043805611,1.9886379192334016,1.6324820805389444,1.0,1.0,1.0,1.0,1.6,1.0663410804246511,12.5,17.857142857142858,8.470042691172738,3.3000000000000003,3.3000000000000003,1.8015561921358394,9.799664916051874,24.640150504343705,7.622866863730758,0.0506882767950325,0.1274499464761926,0.03942889770930407,0.0718,1.0413,0.2615875974473712
68,2,35.8948172,128.6029839,106607,PIPE_LM,7.035497135092177,69,100,300,48.11169291014741,1.7535112936344968,1.7615058179329226,1.583688410552387,1.0,1.0,1.0,1.4,1.6,1.19461472568348,8.333333333333334,20.833333333333332,9.017290780397623,2.466666666666667,4.966666666666667,1.973814614578971,8.32292562349076,13.373122429135062,5.550712090316132,0.0430499166412247,0.0691718071085796,0.028710780751555618,0.0309,0.5267,0.1007450794966517
69,3,35.889812400003834,128.60297210001133,4789,PIPE_LM,5.543328284883005,166,40,200,22.46691120554959,1.65347022587269,1.737467488021903,1.6151662210541082,1.0,1.0,1.0,1.2,1.6,1.1013331714497605,9.846153846153848,17.857142857142858,8.233721149268101,2.0307692307692307,3.9746031746031742,1.6872539985196262,5.917455654206739,24.939623703595892,8.518061736002162,0.0306077434986016,0.1289989566256645,0.0440592484263843,0.1443,1.0703,0.3509943104685688
70,2,35.889597099999996,128.601464,245240,PIPE_LM,5.750661477876913,114,40,200,31.288229948735758,1.6334839151266256,1.840520191649555,1.6377180737025636,1.0,1.3,1.0036799126272897,1.0,1.6,1.101691210829726,9.846153846153848,20.0,9.121242686726976,2.0307692307692307,3.9746031746031742,1.8330669788941953,4.807795567474363,20.81167849036323,7.1911445674569325,0.0248680821829827,0.1076473664074793,0.037195835717942556,0.1411,0.6285,0.23654119537547863
71,2,35.89066619999999,128.6032595,246333,SPLY_LS,3.463817903337964,202,13,150,20.730595449636557,1.6477754962354552,1.863353867214237,1.614422529088057,1.0,1.0,1.0,1.0,1.6,1.0417975487967777,7.471264367816092,17.857142857142858,8.261990515595063,1.547126436781609,3.3000000000000003,1.6707029473804613,13.797361261176167,55.12823608256897,11.616129802563897,0.0713661612553706,0.2851480447252839,0.06008385059727147,0.72,1.0703,0.5286167055375375
72,6,35.88932810000017,128.60252285000013,246372,SPLY_LS,5.2678392033398636,145,13,200,22.011888464700885,1.6347433264887063,2.161615331964408,1.6165660226230119,1.0,1.0,1.0,1.0,1.6,1.0959073642606887,7.471264367816092,20.0,8.21071362874235,1.547126436781609,3.9746031746031742,1.6746106820725126,16.13375934334295,16.13375934334295,8.202759145877865,0.0834510635154742,0.0834510635154742,0.04242836154409596,0.8665,0.8665,0.340176603405054
73,2,35.892257300000004,128.6037306,73350,SPLY_LS,2.4099028639865434,121,13,200,38.000104604276615,1.608788501026694,1.9886379192334016,1.5973979068123523,1.0,1.0,1.0,1.0,1.6,1.1345554087272927,7.471264367816092,25.3968253968254,8.776013166497947,1.547126436781609,3.9746031746031742,1.8483883929420648,5.414648880877533,24.640150504343705,6.889955058841175,0.0280070006038949,0.1274499464761926,0.03563794804410298,0.2296,0.5433,0.2007499907967922
74,2,35.89019489999999,128.6037756,4796,SPLY_LS,2.790633749202633,165,13,200,21.513963065018512,1.6477207392197126,1.863353867214237,1.6031701198069568,1.0,1.0,1.0,1.0,1.6,1.0817962020322776,7.471264367816092,17.857142857142858,8.309449479852177,1.547126436781609,3.9746031746031742,1.6789515527485686,16.574791355696416,55.12823608256897,10.823293420078821,0.0857322795477719,0.2851480447252839,0.05598294405068665,0.8851,1.0703,0.48163367741113045
75,2,35.8921385,128.6031806,178208,SPLY_LS,12.672344107487646,99,25,200,40.19089965493964,1.6280082135523617,1.9886379192334016,1.6261377115830593,1.0,1.0,1.0,1.0,1.6,1.1443369328836708,8.928571428571429,25.3968253968254,8.922054540267835,1.692857142857143,3.9746031746031742,1.880617185507766,8.376129829090566,24.640150504343705,7.569600738516516,0.0433251127344795,0.1274499464761926,0.03915338133993972,0.3443,0.5433,0.21462613285538715
76,1,35.8889357,128.6022712,81505,SPLY_LS,4.393504224377378,97,13,200,24.348316233400798,1.7665434633812458,2.161615331964408,1.6418645783901995,1.0,1.0,1.0,1.0,1.6,1.0855555094474014,7.471264367816092,20.0,8.406826659908054,1.547126436781609,3.9746031746031742,1.704434131887662,5.2023998234075925,16.13375934334295,6.0982519781960685,0.0269091529665846,0.0834510635154742,0.031542903444620234,0.1884,0.8665,0.20875777202061152
77,3,35.896192250000155,128.6033353000018,38005,SPLY_LS,4.232786711663229,116,13,200,23.48291573102721,1.6650239561943874,1.7734976043805613,1.6149723033475016,1.0,1.0,1.0,1.0,1.4,1.008342144366357,7.471264367816092,15.873015873015872,8.097426212428687,1.547126436781609,3.9746031746031742,1.6829845921902933,8.519792787823366,13.373122429135062,5.843750317680467,0.0440682022053769,0.0691718071085796,0.030226506330686277,0.4011,0.5098,0.2144039486071061
78,4,35.88986690000026,128.60141753333266,245194,SPLY_LS,5.868536386653454,99,13,200,30.876259803495273,1.6581793292265572,1.840520191649555,1.6332781320700946,1.0,1.3,1.0042512731374473,1.0,1.6,1.102953912476736,7.471264367816092,17.857142857142858,8.83503073557747,1.547126436781609,3.9746031746031742,1.810101118823201,12.335171617482548,20.81167849036323,7.409361445035451,0.0638030584328476,0.1076473664074793,0.038324551606373526,0.6285,0.6285,0.25691992917901746
79,2,35.891303199999996,128.603715,4822,SPLY_LS,7.786725069269138,190,13,150,24.57988236974242,1.7067488021902806,1.9886379192334016,1.616057779866761,1.0,1.0,1.0,1.0,1.6,1.0411831604903912,7.471264367816092,17.857142857142858,8.403505973955095,1.547126436781609,3.3000000000000003,1.7171807970422435,8.135506514845552,55.12823608256897,7.684592399695086,0.0420805006727128,0.2851480447252839,0.03974816995780278,0.3668,1.0703,0.2915490865948965
80,2,35.8905487,128.6031583,246334,SPLY_LS,3.149123937508973,196,13,150,21.566100894588313,1.6649691991786448,1.863353867214237,1.6063099880691727,1.0,1.0,1.0,1.0,1.6,1.046681439198518,7.471264367816092,17.857142857142858,8.467471461520875,1.547126436781609,3.3000000000000003,1.6929530722858803,18.708584445635047,55.12823608256897,11.205670634972899,0.096769217615825,0.2851480447252839,0.05796077107586554,1.0004,1.0703,0.5044831867219032
81,2,35.891677400000006,128.6029474,246350,PIPE_LM,7.045442581073423,127,80,150,27.093370141679568,1.673511293634497,1.9886379192334016,1.648556565228893,1.0,1.0,1.0,1.6,1.6,1.0875823416981245,6.666666666666667,17.857142857142858,7.989296128142586,2.1333333333333337,3.3000000000000003,1.7156146774010492,9.00910581562265,24.640150504343705,7.697776601626113,0.0465991493760173,0.1274499464761926,0.039816364583080945,0.0519,0.5844,0.23466082551651585
82,4,35.89729539999999,128.6046739,324769,PIPE_LM,5.159396803091697,76,100,150,42.07675059233974,1.6334839151266256,1.7734976043805613,1.6165526591661392,1.0,1.0,1.0,1.0,1.4,1.0064152101825978,8.333333333333334,20.0,8.348273256790087,2.466666666666667,3.3000000000000003,1.894375123906169,7.183768231622177,18.67599719135964,6.988700801650745,0.0371576819896541,0.0966006616724481,0.03614870546149836,0.0698,0.6711,0.2034556227871137
83,2,35.89407159999999,128.6047604,143170,SPLY_LS,7.875931440303188,118,13,200,23.130279354538185,1.5875975359342918,1.7535112936344968,1.6258976666223746,1.0,1.0,1.0,1.0,1.6,1.0248857909776086,7.471264367816092,20.0,8.035611807098743,1.547126436781609,3.9746031746031742,1.6689354194296566,5.847506343122371,15.559841291494475,4.588523393987763,0.0302459341844833,0.0804825010881906,0.02373390782923195,0.2607,0.4588,0.14238535499601507
84,2,35.8961586,128.6031679,3921,SPLY_LS,5.663034599944632,99,13,200,24.385176065271256,1.6650239561943874,1.7734976043805613,1.6097077383490928,1.0,1.0,1.0,1.0,1.4,1.0097027927767748,7.471264367816092,15.873015873015872,8.109760536436157,1.547126436781609,3.9746031746031742,1.693091352748098,7.953620167918122,13.373122429135062,5.766514232699359,0.041139702637548,0.0691718071085796,0.02982700654292574,0.3678,0.4648,0.20721689074860855
85,4,35.890894500011676,128.60298000000174,4780,SPLY_LS,3.811366527188838,174,13,150,21.78238030945898,1.6582888432580425,1.9886379192334016,1.595845585144355,1.0,1.0,1.0,1.0,1.6,1.038244665349139,7.471264367816092,17.857142857142858,8.37547890313343,1.547126436781609,3.3000000000000003,1.6875290090182087,10.012722983830797,55.12823608256897,9.302711415239946,0.0517903089977156,0.2851480447252839,0.048117809659757864,0.4913,1.0703,0.4036392709767074
86,2,35.8964003,128.6048753,177338,SPLY_LS,5.68285643215315,115,13,200,26.16740063954258,1.6970020533880903,1.7734976043805613,1.6181274044916947,1.0,1.0,1.0,1.0,1.4,1.015230761885972,7.471264367816092,20.0,8.420686940709151,1.547126436781609,3.9746031746031742,1.7379528532783506,8.537860865410215,18.67599719135964,6.432331586382538,0.044161658433291,0.0966006616724481,0.03327091351398429,0.3927,0.5102,0.23599880113600222
87,2,35.8917564,128.6040532,107456,SPLY_LS,6.602169229352243,160,13,200,30.141732999212817,1.6364407939767285,1.9886379192334016,1.6108892058735687,1.0,1.0,1.0,1.0,1.6,1.049955538505539,7.471264367816092,25.3968253968254,8.471757001685077,1.547126436781609,3.9746031746031742,1.76254490005547,4.277838705963334,24.640150504343705,5.610333945162782,0.02212690681466,0.1274499464761926,0.02901917181465718,0.156,0.5433,0.1698739287531886
88,2,35.8961129,128.6042063,72446,SPLY_LS,4.668269784164309,178,13,200,26.78225616376411,1.6432854209445584,1.7734976043805613,1.6217157629855548,1.0,1.0,1.0,1.0,1.4,1.018280780644012,7.471264367816092,20.0,8.318796415192402,1.547126436781609,3.9746031746031742,1.731765914292266,9.47745723371605,13.491776731827516,6.348209694145507,0.0490216736685345,0.0697855405565412,0.032835797232482866,0.4648,0.5267,0.23138777250309822
89,2,35.897163,128.6040123,3909,SPLY_LS,7.570854022008883,71,13,150,22.993542714995517,1.7258590006844623,1.7734976043805613,1.6513780165429357,1.0,1.0,1.0,1.0,1.0,1.0,7.471264367816092,12.5,7.938751378581192,1.547126436781609,3.3000000000000003,1.67806530025581,12.89150986737817,15.505915529089668,6.626320798400299,0.0666806902135202,0.0802035727784398,0.03427431301368558,0.6315,0.6711,0.2565175058396842
90,3,35.897172,128.6035242,324769,PIPE_LM,5.890196878792716,60,100,100,33.3801273587226,1.6334839151266256,1.7734976043805613,1.6164904443145833,1.0,1.0,1.0,1.0,1.2,1.001367579074686,8.333333333333334,11.428571428571429,8.00972729721495,2.466666666666667,2.466666666666667,1.779527076584935,7.183768231622177,13.737282686192689,6.776590858829628,0.0371576819896541,0.0710554078301973,0.03505157738775326,0.0698,0.6711,0.23518135911339072
91,1,35.891653,128.6026597,178242,SPLY_LS,9.545214268511026,97,20,150,27.83403949514003,1.614154688569473,1.9886379192334016,1.6378768813882225,1.0,1.0,1.0,1.2,1.6,1.0893820651970578,9.523809523809524,17.857142857142858,8.28022172409753,1.7523809523809524,3.3000000000000003,1.7434962955643363,7.67367480326947,24.640150504343705,7.237979130013388,0.0396916992361711,0.1274499464761926,0.03743808515103772,0.2345,0.5844,0.22652456302911828
92,2,35.8906845,128.6035591,211239,SPLY_LS,5.569402663703667,212,13,200,22.639998108622876,1.6324435318275154,1.863353867214237,1.618046154356472,1.0,1.0,1.0,1.0,1.6,1.0690119500822355,7.471264367816092,17.857142857142858,8.38225235102821,1.547126436781609,3.9746031746031742,1.6963115365282098,14.260748618113894,55.12823608256897,11.234576339788136,0.0737630091897632,0.2851480447252839,0.058110284388737075,0.7555,1.0703,0.46604981932510153
93,2,35.89646290000001,128.6030102,324779,PIPE_LM,4.595515499068478,74,100,200,35.36007580031421,1.3826420260095826,1.7734976043805613,1.6016959975403455,1.0,1.0,1.0,1.0,1.4,1.0172007462605812,8.333333333333334,15.873015873015872,8.030349615903283,2.466666666666667,3.9746031746031742,1.7992499390579066,12.118248995482547,13.373122429135062,6.114591862474015,0.0626810370166837,0.0691718071085796,0.03162742067905365,0.2384,0.518,0.17904279402209103
94,3,35.8971634,128.6038306,72439,SPLY_LS,7.456579193276557,66,13,150,24.357731676651767,1.7446406570841888,1.7734976043805613,1.64704926953272,1.0,1.0,1.0,1.0,1.0,1.0,7.471264367816092,12.5,7.993384900244098,1.547126436781609,3.3000000000000003,1.693825992940216,13.737282686192689,15.505915529089668,7.19960114420537,0.0710554078301973,0.0802035727784398,0.037239576938345,0.6711,0.6711,0.2846133998044789
95,2,35.89654939999999,128.6049679,38000,SPLY_LS,4.61934141839403,102,13,200,26.806623022746955,1.747816563997262,1.7734976043805613,1.6130936624625787,1.0,1.0,1.0,1.0,1.4,1.0179578401779725,7.471264367816092,20.0,8.474339596784453,1.547126436781609,3.9746031746031742,1.745271262535518,9.452092658296644,18.67599719135964,6.603207793733315,0.0488904766704064,0.0966006616724481,0.03415476215269583,0.4296,0.5011,0.24233173851187498
96,4,35.890627650000134,128.60371874999979,178215,PIPE_LM,4.048946879493499,202,100,200,26.616452477490537,1.6134976043805611,1.863353867214237,1.618366712556025,1.0,1.0,1.0,1.4,1.6,1.101354582071156,16.3265306122449,17.857142857142858,8.767003239975026,2.840816326530613,3.9746031746031742,1.7555732578887842,8.154286448229978,55.12823608256897,11.661714580587708,0.0421776389391471,0.2851480447252839,0.0603196355823609,0.1017,1.0703,0.420255725897141
97,2,35.893004000000005,128.6040576,3953,SPLY_LS,6.509027037298501,122,13,200,35.58649819896772,1.7264613278576315,1.7535112936344968,1.6110203103393743,1.0,1.0,1.0,1.0,1.6,1.1487161787240685,7.471264367816092,25.3968253968254,8.408695377017793,1.547126436781609,3.9746031746031742,1.8114027225233351,6.651625706143011,20.996023454586982,6.28068964041718,0.0344052013837394,0.1086008815176784,0.03248655313057578,0.2773,0.5571,0.17367868806623535
98,2,35.89654469999999,128.6043002,177336,SPLY_LS,4.9014661398720785,151,13,200,23.875645990425397,1.666611909650924,1.7734976043805613,1.6410835807932078,1.0,1.0,1.0,1.0,1.4,1.0087384070448349,7.471264367816092,20.0,8.00360499697043,1.547126436781609,3.9746031746031742,1.6830471220013346,6.80565654563927,18.67599719135964,5.792326208816386,0.0352019181994918,0.0966006616724481,0.02996051769879225,0.2999,0.6711,0.20498213401046858
99,3,35.89682665000117,128.60513164999875,143139,SPLY_LS,3.895886686094708,77,13,200,36.51472302549853,1.6248870636550308,1.7734976043805613,1.5833693852197765,1.0,1.0,1.0,1.2,1.4,1.057017839842694,7.471264367816092,20.0,8.88166068028152,1.547126436781609,3.9746031746031742,1.851716384506728,7.078287122482905,18.67599719135964,6.739960145356974,0.0366120862266867,0.0966006616724481,0.034862106853851625,0.2555,0.4296,0.20313800776407248
100,2,35.8913034,128.6038482,178251,SPLY_LS,4.918041700604356,184,13,150,25.872939585433873,1.747542778918549,1.9886379192334016,1.6190838651574813,1.0,1.0,1.0,1.0,1.6,1.0341582277184438,7.471264367816092,17.857142857142858,8.358874907318562,1.547126436781609,3.3000000000000003,1.7269341957307511,7.259269221223073,55.12823608256897,7.250632237320371,0.0375482070833152,0.2851480447252839,0.037503532715927726,0.3068,1.0703,0.2662564561257261
101,2,35.8894594,128.6016559,106412,SPLY_LS,6.092632136181529,133,13,200,30.100955747924637,1.7161670088980152,2.161615331964408,1.6309002681309697,1.0,1.3,1.002563106761712,1.0,1.6,1.0960851241759588,7.471264367816092,20.0,9.123258220054167,1.547126436781609,3.9746031746031742,1.8189848747161859,8.360901530448947,20.81167849036323,7.103873199277664,0.0432463451211706,0.1076473664074793,0.036744428929603674,0.3771,0.8665,0.23658071085934043
102,1,35.8898477,128.6024933,38900,SPLY_LS,4.684602270662462,179,13,200,23.244658145460924,1.6819986310746065,1.7665434633812458,1.6360007209903236,1.0,1.0,1.0,1.0,1.6,1.105424479688842,7.471264367816092,17.857142857142858,8.307582752566155,1.547126436781609,3.9746031746031742,1.696375929781826,9.771150776929984,24.939623703595892,8.059222710298883,0.0505407888361315,0.1289989566256645,0.0416859265078854,0.4689,1.0004,0.31230383833140674
103,2,35.8906313,128.6041447,73329,SPLY_LS,11.979605587413642,165,20,200,25.509993709734328,1.15605749486653,1.863353867214237,1.5953296754888815,1.0,1.0,1.0,1.2,1.6,1.093139172706841,9.523809523809524,20.0,8.579916292731715,1.7523809523809524,3.9746031746031742,1.7348834796554617,6.133375303647455,55.12823608256897,8.661792790191194,0.0317245770893512,0.2851480447252839,0.044802690117624416,0.2733,1.0703,0.32976208781270133
104,1,35.89083159999999,128.6034761,143979,SPLY_LS,6.196243288805901,213,13,150,22.880335529031722,1.613826146475017,1.863353867214237,1.6171008305732943,1.0,1.0,1.0,1.0,1.6,1.0499147554078252,7.471264367816092,17.857142857142858,8.247075924067602,1.547126436781609,3.3000000000000003,1.6911329220451707,15.841628804191746,55.12823608256897,10.525542295177262,0.0819400329082416,0.2851480447252839,0.054442841244689566,0.8613,1.0703,0.44737349447765096
105,2,35.89549670000002,128.6048364,245451,SPLY_LS,6.1557293582896175,132,13,300,31.783337246625965,1.6793702943189597,1.7734976043805613,1.593664132138451,1.0,1.0,1.0,1.0,1.6,1.0405874350530138,7.471264367816092,20.833333333333332,8.791275373272377,1.547126436781609,4.966666666666667,1.8065300551855936,8.018721172845225,15.559841291494475,6.138243714483329,0.0414764343304832,0.0804825010881906,0.03174975870097924,0.3676,0.5267,0.2114118055251094
106,2,35.89103419999999,128.604078,178214,PIPE_LM,3.4590785773059713,183,50,200,29.657084705729556,1.1837645448323066,1.863353867214237,1.583485809587599,1.0,1.0,1.0,1.2,1.6,1.0675195230274157,17.857142857142858,20.0,9.108095606341317,2.585714285714286,3.9746031746031742,1.8118620528469163,5.368626104186084,55.12823608256897,7.518566544773433,0.0277689500925973,0.2851480447252839,0.03888940952451327,0.106,1.0703,0.2661300386162856
107,2,35.89636960000001,128.6051019,177339,SPLY_LS,3.9957762263072345,96,25,200,32.473092779044535,1.1478986995208762,1.7734976043805613,1.5583095021343707,1.0,1.0,1.0,1.0,1.4,1.0345516493157334,8.928571428571429,20.0,9.021390520677873,1.692857142857143,3.9746031746031742,1.8124689954307194,5.387541927100151,18.67599719135964,6.473276601200377,0.0278667912408291,0.0966006616724481,0.033482699555878855,0.3053,0.5102,0.23029205881882028
108,6,35.89056696666758,128.60295126667285,212347,SPLY_LS,5.6378137410299844,187,13,150,20.88918553582186,1.705927446954141,1.863353867214237,1.6106073954612155,1.0,1.0,1.0,1.0,1.6,1.0403381902895765,7.471264367816092,17.857142857142858,8.35295548090861,1.547126436781609,3.3000000000000003,1.6794057394375137,15.47928900151738,55.12823608256897,10.254599846184398,0.0800658483958985,0.2851480447252839,0.05304140497439648,0.7886,1.0703,0.45710324289566945
109,1,35.89521210000001,128.6038735,37768,SPLY_LS,5.052674625042794,161,20,300,28.29250239708142,1.589678302532512,1.761779603011636,1.5879703105201806,1.0,1.0,1.0,1.0,1.6,1.0665507754645225,9.523809523809524,20.833333333333332,8.618476301322579,1.7523809523809524,4.966666666666667,1.7627164435291953,6.734557375870408,15.559841291494475,5.662583083850562,0.0348341612988208,0.0804825010881906,0.029289427872062786,0.2577,0.5267,0.18819857107211052
110,2,35.890119500000004,128.603841,178224,SPLY_LS,5.641143739010636,150,13,200,22.046055044467348,1.6280082135523617,1.863353867214237,1.5979565904564217,1.0,1.0,1.0,1.0,1.6,1.0998297495875635,7.471264367816092,17.857142857142858,8.3145771232703,1.547126436781609,3.9746031746031742,1.6842532962049495,8.267214272384564,55.12823608256897,9.955168135319543,0.0427617524631955,0.2851480447252839,0.05149260942153354,0.3973,1.0703,0.4307135233432708
111,2,35.88934510000001,128.6020508,48168,PIPE_LM,6.277793412814749,139,100,200,28.273781823049465,1.6934976043805614,2.161615331964408,1.6141703120632858,1.0,1.0,1.0,1.4,1.6,1.124599958111185,8.333333333333334,20.0,8.559286796868122,2.466666666666667,3.9746031746031742,1.75850694996918,11.961932266666668,16.13375934334295,6.770601011105969,0.06187249655272,0.0834510635154742,0.03502059519989502,0.0948,0.8665,0.22176334854686974
112,1,35.89468819999999,128.6050909,439267,PIPE_LM,6.234430350931244,99,150,300,40.30160419324008,1.218590006844627,1.7535112936344968,1.5931946193083297,1.0,1.0,1.0,1.6,1.6,1.0917854514608478,20.0,20.833333333333332,9.498676595305666,3.3000000000000003,4.966666666666667,1.901434879248554,8.822817707504553,15.559841291494475,5.038711783742378,0.0456355834511819,0.0804825010881906,0.02606248476581822,0.028,0.4169,0.11793797088101347
113,2,35.89612350000001,128.6038212,143144,SPLY_LS,7.594391350688745,161,13,200,27.269135873048395,1.6574127310061602,1.7734976043805613,1.6099749838614943,1.0,1.0,1.0,1.0,1.4,1.016552445037091,7.471264367816092,16.3265306122449,8.298074575404744,1.547126436781609,3.9746031746031742,1.7338090284774939,4.452825351821799,13.491776731827516,5.434508045879133,0.0230320164910306,0.0697855405565412,0.028109721141907455,0.1631,0.5267,0.1787582109881404
114,1,35.889404000000006,128.603045,212361,SPLY_LS,9.31538217820211,139,13,200,24.609493975372473,1.6367145790554414,2.161615331964408,1.6138946983706044,1.0,1.0,1.0,1.6,1.6,1.1744447256372736,7.471264367816092,16.3265306122449,8.244150518910319,1.547126436781609,3.9746031746031742,1.7052518733671609,5.316103855279042,16.746348382315382,7.5392370790856,0.027497281386238,0.0866196496901072,0.03899632682971623,0.0988,0.9072,0.2817302219770206
115,4,35.897032250000024,128.60383210000026,106558,SPLY_LS,5.340533946517605,82,13,150,24.19552638631766,1.7364818617385354,1.7734976043805613,1.6358868858058457,1.0,1.0,1.0,1.0,1.0,1.0,7.471264367816092,12.5,7.940649117548698,1.547126436781609,3.3000000000000003,1.6865017756314375,10.812890734186704,15.505915529089668,6.766986289515968,0.055929136678044,0.0802035727784398,0.035001898233206825,0.5098,0.6711,0.26256121430147966
116,3,35.889171350000275,128.60262409999905,212362,SPLY_LS,6.757593863514108,130,25,200,23.588603254406973,1.3451334702258726,2.161615331964408,1.6098757062300098,1.0,1.0,1.0,1.0,1.6,1.1283381666008447,8.928571428571429,20.0,8.341758559998436,1.692857142857143,3.9746031746031742,1.6973627909400149,14.94897340641826,16.13375934334295,8.131444662750459,0.0773228174960281,0.0834510635154742,0.04205949094584352,0.8597,0.8665,0.3252773823938203
117,2,35.8903619,128.6032938,143983,SPLY_LS,0.054567136657509646,198,13,200,24.149127362589883,1.7226283367556467,1.863353867214237,1.6191062678602521,1.0,1.0,1.0,1.0,1.6,1.0730895610774012,7.471264367816092,17.857142857142858,8.654059147592012,1.547126436781609,3.9746031746031742,1.7271748965456997,13.236776449989309,55.12823608256897,11.349277042984014,0.0684665643487471,0.2851480447252839,0.05870356804098256,0.6525,1.0703,0.48785949306392784
118,6,35.8933403,128.6041584,211474,SPLY_LS,5.6134692783548585,115,13,200,25.404438781584926,1.6680355920602326,1.7535112936344968,1.6271861531818166,1.0,1.0,1.0,1.0,1.6,1.0717923607233326,7.471264367816092,25.3968253968254,8.114095839487229,1.547126436781609,3.9746031746031742,1.6975709102008092,10.989648833108774,20.996023454586982,5.942468647229079,0.0568434091068134,0.1086008815176784,0.03073712195435998,0.5452,0.5571,0.20135687634751565
119,2,35.8913073,128.6035472,246391,SPLY_LS,9.469893540617353,192,32,150,24.993446868159374,1.1948254620123204,1.9886379192334016,1.6154230439809778,1.0,1.0,1.0,1.0,1.6,1.0547685693075235,11.428571428571429,17.857142857142858,8.410110913252474,1.942857142857143,3.3000000000000003,1.7208211463556675,8.621048833148985,55.12823608256897,8.013484122045115,0.0445919440370214,0.2851480447252839,0.04144934594707222,0.4358,1.0703,0.3051288412094876
120,4,35.89096465000449,128.6021705000099,4781,SPLY_LS,8.21177601236606,85,25,150,35.15049842923729,1.5610403832991102,1.7586036960985627,1.6087381669863565,1.0,1.0,1.0,1.0,1.6,1.104454502313646,8.928571428571429,17.857142857142858,8.86379754906046,1.692857142857143,3.3000000000000003,1.8532536678019984,7.0102327638814455,17.04755254342819,7.083270782790849,0.0362600784595385,0.0881776131532551,0.03663786396044647,0.2878,0.882,0.22567863526341014
121,2,35.891181399999994,128.6047287,212380,SPLY_LS,5.74767330954938,120,20,200,33.832347946085605,1.1376043805612597,1.7590965092402464,1.56626159412697,1.0,1.0,1.0,1.0,1.6,1.0387283692656153,9.523809523809524,20.0,9.110119351779984,1.7523809523809524,3.9746031746031742,1.8480339735733662,4.549913989115611,13.264085672936345,4.8387379407687,0.023534202613001,0.0686078199389796,0.025028130061729027,0.2377,0.4641,0.13209651541475764
122,2,35.89544070000001,128.6032973,245448,SPLY_LS,5.645170979604507,128,13,300,31.61645875295369,1.6648596851471595,1.761779603011636,1.5831399514430213,1.0,1.0,1.0,1.0,1.6,1.055111163229787,7.471264367816092,20.833333333333332,8.410471358364251,1.547126436781609,4.966666666666667,1.7800990634547587,4.460932077724943,13.373122429135062,5.1644309476319705,0.0230739481254283,0.0691718071085796,0.02671276085507895,0.1624,0.5267,0.1508937535362691
123,2,35.8900323,128.6015069,4784,SPLY_LS,4.152958585665703,97,40,200,36.64699442064892,1.5946611909650923,1.840520191649555,1.6351088238819131,1.0,1.3,1.003257289423318,1.0,1.6,1.1079868376750432,9.846153846153848,17.857142857142858,9.015277597112954,2.0307692307692307,3.9746031746031742,1.8803497432671452,9.12035913964135,20.81167849036323,6.45358578893276,0.0471746016318379,0.1076473664074793,0.03338084981396524,0.3685,0.6285,0.19189713328058966
124,2,35.8895649,128.6026112,144002,SPLY_LS,7.155341793227471,162,13,200,21.278059060050005,1.649199178644764,2.161615331964408,1.628788189611303,1.0,1.0,1.0,1.2,1.6,1.1057056319223457,7.471264367816092,17.857142857142858,8.110084326187744,1.547126436781609,3.9746031746031742,1.663607191302302,7.741955147868757,16.746348382315382,7.866068250303585,0.0400448759045937,0.0866196496901072,0.04068684472128274,0.2831,0.9072,0.31129729321576105
125,2,35.8953882,128.6029958,105678,PIPE_LM,7.4292508793466885,100,100,300,39.318303742029016,1.673511293634497,1.761779603011636,1.5527933934342553,1.0,1.0,1.0,1.4,1.4,1.0799275015330998,8.333333333333334,20.833333333333332,8.726043985713732,2.466666666666667,4.966666666666667,1.8744900447217425,9.15077314168378,13.373122429135062,5.5096506148749675,0.0473319165367022,0.0691718071085796,0.02849839232290998,0.0508,0.5267,0.14410814801367516
126,2,35.8954636,128.6044445,211478,PIPE_LM,4.7249702956471324,154,80,300,35.57006406254614,1.673511293634497,1.7734976043805613,1.6029473322732966,1.0,1.0,1.0,1.0,1.6,1.0547008948824885,6.666666666666667,20.833333333333332,8.62835152698394,2.1333333333333337,4.966666666666667,1.8318021868148768,6.019909415969051,15.559841291494475,5.806953637626748,0.0311376804586291,0.0804825010881906,0.030036177342942446,0.0624,0.5267,0.17262020714470544
127,2,35.8897958,128.6022121,212338,PIPE_LM,5.5402266455760625,164,25,200,22.107445154384912,1.65347022587269,1.840520191649555,1.6345290184636854,1.0,1.0,1.0,1.0,1.6,1.0789372915278923,8.928571428571429,17.857142857142858,8.17831232320087,1.692857142857143,3.9746031746031742,1.6764265093212116,3.5135241493585654,16.13375934334295,6.6898707520298215,0.0181735279863497,0.0834510635154742,0.03460302197133656,0.0835,0.8665,0.24593114541867167
128,2,35.89013719999999,128.6023267,212340,PIPE_LM,9.619439808976377,167,40,150,22.558907056647836,1.6934976043805614,1.840520191649555,1.6281905244329717,1.0,1.0,1.0,1.2,1.6,1.0616854039709014,9.846153846153848,17.857142857142858,8.301710763323568,2.0307692307692307,3.3000000000000003,1.693405054802493,6.477488110475586,24.939623703595892,7.3031218172205215,0.0335044833770294,0.1289989566256645,0.03777503244348223,0.1611,1.0004,0.29028067172456634
129,4,35.895243750000375,128.60368600000402,106576,SPLY_LS,6.939256250932407,150,13,300,29.008733661844943,1.589678302532512,1.761779603011636,1.5870859679853804,1.0,1.0,1.0,1.0,1.6,1.0766618824884122,7.471264367816092,20.833333333333332,8.593805542540874,1.547126436781609,4.966666666666667,1.7665399645749702,10.17309463169532,15.559841291494475,5.72993434468425,0.0526198233277124,0.0804825010881906,0.029637798901161992,0.5267,0.5267,0.18908703103586602
130,2,35.89536510000001,128.6036803,162064,SPLY_LS,7.537136334081337,156,20,300,28.312794105378053,1.3403696098562627,1.761779603011636,1.5842727922525288,1.0,1.0,1.0,1.0,1.6,1.0593734174677412,9.523809523809524,20.833333333333332,8.517563196147526,1.7523809523809524,4.966666666666667,1.7574078763320087,8.311991318592524,15.559841291494475,5.802738258667275,0.0429933594958539,0.0804825010881906,0.03001437350604353,0.4236,0.5267,0.19814405631220602
131,2,35.8902294,128.6026617,37842,SPLY_LS,5.774196674566099,185,20,150,21.468777781028226,1.5482819986310743,1.863353867214237,1.6252713896247846,1.0,1.0,1.0,1.0,1.6,1.0533396183853139,9.523809523809524,17.857142857142858,8.198008508856297,1.7523809523809524,3.3000000000000003,1.6722847902712943,6.318968756889507,55.12823608256897,8.30920273273836,0.0326845499465731,0.2851480447252839,0.042978935674952506,0.2446,1.0703,0.34082799750639464
132,2,35.89107130000001,128.6032933,143987,SPLY_LS,5.498747908627607,188,13,150,28.267857570881887,1.6584531143052703,1.9886379192334016,1.614766257578559,1.0,1.0,1.0,1.0,1.6,1.0640373443959577,7.471264367816092,17.857142857142858,8.491417366284026,1.547126436781609,3.3000000000000003,1.7615662609016034,8.92309547510458,55.12823608256897,9.076855964534563,0.0461542651902046,0.2851480447252839,0.046949583633756765,0.4269,1.0703,0.3486838612993221
133,2,35.8911832,128.6026666,177121,SPLY_LS,6.744094371552525,122,13,150,27.807296141828242,1.7041752224503766,1.9886379192334016,1.6204343364329605,1.0,1.0,1.0,1.0,1.6,1.064060504605673,7.471264367816092,17.857142857142858,8.340577018687787,1.547126436781609,3.3000000000000003,1.7501474861684065,6.1933607541525415,24.640150504343705,7.648873157315967,0.0320348488328163,0.1274499464761926,0.03956341396255894,0.2559,1.0703,0.2816565748595623
134,1,35.8908965,128.6026341,73309,SPLY_LS,0.5125381813307628,133,13,150,24.68251445916904,1.622861054072553,1.9886379192334016,1.5896689772390296,1.0,1.0,1.0,1.0,1.6,1.037496325549979,7.471264367816092,17.857142857142858,8.69558341450356,1.547126436781609,3.3000000000000003,1.7390932789728626,5.602871367318188,24.939623703595892,7.461653983277401,0.0289805720038849,0.1289989566256645,0.038595032145803135,0.2381,1.0703,0.2968727067012346
135,2,35.889929099999996,128.6016472,212339,PIPE_LM,4.549724586415585,119,80,200,32.73492137555006,1.73347022587269,1.840520191649555,1.638594588905653,1.0,1.3,1.0027271467891912,1.2,1.6,1.0990508706403228,6.666666666666667,17.857142857142858,8.570404436196878,2.1333333333333337,3.9746031746031742,1.8085202751907299,7.266154196111951,20.81167849036323,6.601402431650637,0.0375838192716792,0.1076473664074793,0.03414542400759129,0.0577,0.6285,0.20625266252689528
136,2,35.8906833,128.6034433,4787,PIPE_LM,3.736222570247524,214,80,200,23.695027985493244,1.673511293634497,1.863353867214237,1.6157621654884697,1.0,1.0,1.0,1.2,1.6,1.060353767132775,6.666666666666667,17.857142857142858,8.304413215133874,2.1333333333333337,3.9746031746031742,1.7017431863182126,16.298237512396998,55.12823608256897,11.593506023912703,0.0843018186209978,0.2851480447252839,0.05996683023338718,0.2664,1.0703,0.4941488470469569
137,1,35.8908545,128.6028273,37747,SPLY_LS,3.2996231160694656,160,13,150,22.541122897422184,1.6862696783025326,1.9886379192334016,1.5842508376937865,1.0,1.0,1.0,1.0,1.6,1.0384502954384949,7.471264367816092,17.857142857142858,8.576066739651376,1.547126436781609,3.3000000000000003,1.7097491284341528,9.64787785117854,55.12823608256897,8.828121806722448,0.0499031657913284,0.2851480447252839,0.045663018639181444,0.4603,1.0703,0.3773379521956998
138,2,35.8934782,128.6041763,211472,SPLY_LS,6.946781621349357,117,13,200,23.682202990420556,1.640930869267625,1.7535112936344968,1.6282835543840155,1.0,1.0,1.0,1.0,1.6,1.055405361829642,7.471264367816092,25.3968253968254,7.97484875211622,1.547126436781609,3.9746031746031742,1.6766626291634505,9.363340687534292,20.996023454586982,5.407954946372523,0.0484314115392367,0.1086008815176784,0.027972376562364506,0.4588,0.5571,0.17850463662546365
139,2,35.8919931,128.6048395,73356,SPLY_LS,5.55798751648078,105,13,200,30.64919315228151,1.6314579055441478,1.7570704996577686,1.5954173330011392,1.0,1.0,1.0,1.0,1.6,1.090729155786583,7.471264367816092,25.3968253968254,8.77631901970251,1.547126436781609,3.9746031746031742,1.7778689144940312,5.905766273262001,25.21143924614999,5.289437027503986,0.030547280760134,0.1304049089287485,0.027359348552912915,0.2545,0.5433,0.1511283603509167
140,2,35.88871000000001,128.6020298,73333,SPLY_LS,4.015217581902529,70,13,200,32.337021402787464,1.690047912388775,2.161615331964408,1.6488549444744214,1.0,1.0,1.0,1.0,1.6,1.1367544255178081,7.471264367816092,20.0,8.587477358072881,1.547126436781609,3.9746031746031742,1.798735211723238,6.714974856014767,16.13375934334295,6.325017654015858,0.0347328716939935,0.0834510635154742,0.03271583756451429,0.2891,0.8665,0.18678836882050845
141,2,35.8891053,128.6025241,178233,SPLY_LS,6.769016534323877,124,20,200,23.579589631503598,1.2898836413415469,2.161615331964408,1.6132324444657287,1.0,1.0,1.0,1.0,1.6,1.117694812018548,9.523809523809524,20.0,8.373985275089929,1.7523809523809524,3.9746031746031742,1.700362194617344,11.671448661342104,16.13375934334295,7.604253574583066,0.0603699846283589,0.0834510635154742,0.03933262140185217,0.664,0.8665,0.29624345953347564
142,2,35.890437000000006,128.6039201,73313,PIPE_LM,3.7182269888809656,164,50,200,23.864425368857212,1.3740451745379878,1.863353867214237,1.5967954128960336,1.0,1.0,1.0,1.2,1.6,1.090883181424779,17.857142857142858,17.857142857142858,8.736620971787534,2.585714285714286,3.9746031746031742,1.7305571651980576,9.885842096477194,55.12823608256897,10.110397392462898,0.0511340239519234,0.2851480447252839,0.05229552499264471,0.2268,1.0703,0.4079429405910781
143,2,35.89325590000001,128.6040557,211474,SPLY_LS,4.319057244275564,112,13,200,29.604501771557196,1.6680355920602326,1.7535112936344968,1.627855385940404,1.0,1.0,1.0,1.0,1.6,1.103322628219855,7.471264367816092,25.3968253968254,8.14209573940836,1.547126436781609,3.9746031746031742,1.7390585891395811,10.989648833108774,20.996023454586982,6.556457411349045,0.0568434091068134,0.1086008815176784,0.03391294813733231,0.5452,0.5571,0.2156635797735753
144,2,35.889740399999994,128.6027238,246378,SPLY_LS,7.529669936354343,164,13,200,22.79935770914665,1.6367145790554414,1.81347022587269,1.6266642071608723,1.0,1.0,1.0,1.2,1.6,1.1107753762375325,7.471264367816092,17.857142857142858,8.187120450972314,1.547126436781609,3.9746031746031742,1.6842874304820348,13.459396242245097,24.939623703595892,8.461605651999099,0.0696180540932006,0.1289989566256645,0.04376723215468268,0.5711,1.0004,0.3351388301619513
145,2,35.8929896,128.6046873,469696,SPLY_LS,10.545141531529493,117,25,200,29.823348132711253,1.0876659822039698,1.7535112936344968,1.604670264657865,1.0,1.0,1.0,1.0,1.6,1.1320512864569723,8.928571428571429,25.3968253968254,8.172858560961734,1.692857142857143,3.9746031746031742,1.7406425251392215,4.126196764832635,25.21143924614999,5.184396658141457,0.0213425464562585,0.1304049089287485,0.026816032494403747,0.2276,0.5571,0.1326953749369793
146,2,35.8916045,128.603594,107450,SPLY_LS,4.340383271532582,165,13,150,24.28911670363884,1.6317864476386037,1.9886379192334016,1.6275298630601602,1.0,1.0,1.0,1.0,1.6,1.053176746712097,7.471264367816092,20.0,8.279263167915607,1.547126436781609,3.3000000000000003,1.7022009579730122,5.643683646403611,24.640150504343705,6.6423824680408075,0.0291916714768403,0.1274499464761926,0.034357391196817626,0.2387,0.8613,0.23548522180854095
147,2,35.89204430000001,128.6037541,144017,SPLY_LS,12.197006352828065,133,13,200,34.86832467715801,1.705927446954141,1.9886379192334016,1.6053041075070043,1.0,1.0,1.0,1.0,1.6,1.1004932281261561,7.471264367816092,25.3968253968254,8.656475038898888,1.547126436781609,3.9746031746031742,1.8159536664062803,7.349439601328138,24.640150504343705,6.609181892372565,0.0380146088658897,0.1274499464761926,0.034185662879202404,0.3219,0.5433,0.2001797219080651
148,2,35.890297100000005,128.60313750000003,212346,SPLY_LS,6.235601681147281,197,25,200,23.91044617484238,1.6882956878850104,1.863353867214237,1.6136238240826646,1.0,1.0,1.0,1.2,1.6,1.0838932892342374,8.928571428571429,17.857142857142858,8.503078933157083,1.692857142857143,3.9746031746031742,1.7139228853568371,13.4030758920009,55.12823608256897,10.159479774501474,0.06932673989758,0.2851480447252839,0.052549401159620104,0.4713,1.0703,0.42528048077730135
149,2,35.8940489,128.6048683,72467,SPLY_LS,5.884159951847223,115,13,150,21.810972499267542,1.6236824093086928,1.7535112936344968,1.6182554277083552,1.0,1.0,1.0,1.0,1.6,1.0233276154724877,7.471264367816092,20.0,8.099185183096136,1.547126436781609,3.3000000000000003,1.6567103202949427,8.23529932130739,9.612203428884326,4.705769111220703,0.0425966739744964,0.0497186416257327,0.024340355439333505,0.3967,0.4588,0.15486053488600385
150,2,35.89640670000001,128.6044953,72445,SPLY_LS,2.4878709451024306,154,13,200,25.527556448661667,1.6539630390143738,1.7734976043805613,1.6349971281563827,1.0,1.0,1.0,1.0,1.4,1.011011961616246,7.471264367816092,20.0,8.071946197155802,1.547126436781609,3.9746031746031742,1.7053895659318397,6.4179087779465975,18.67599719135964,6.015367909566808,0.0331963122584898,0.0966006616724481,0.03111418974383873,0.28,0.6711,0.2144346134652574
151,2,35.8912521,128.6046144,4826,SPLY_LS,4.1561756232205465,128,25,200,32.09148134748512,1.0664202600958248,1.7590965092402464,1.5505604865549907,1.0,1.0,1.0,1.0,1.6,1.0347555520928207,8.928571428571429,20.0,8.910311597452813,1.692857142857143,3.9746031746031742,1.814430398494223,4.628480782599334,13.264085672936345,4.8844956270402635,0.0239405854239559,0.0686078199389796,0.02526480940608439,0.2748,0.5125,0.1445592417570379
152,2,35.891899499999994,128.6034968,246389,SPLY_LS,4.771798551848591,140,13,200,30.261812113207263,1.6493634496919918,1.9886379192334016,1.63387620857509,1.0,1.0,1.0,1.0,1.6,1.0877809125785152,7.471264367816092,25.3968253968254,8.623794416264827,1.547126436781609,3.9746031746031742,1.7749325509491076,6.270375447013061,24.640150504343705,6.827719613616403,0.0324332034809027,0.1274499464761926,0.03531603831545013,0.2723,0.5433,0.21959800365030982
153,2,35.88965770000001,128.6031403,4789,PIPE_LM,4.395671793964804,147,40,200,22.70556749483331,1.65347022587269,1.737467488021903,1.6142837243588708,1.0,1.0,1.0,1.2,1.6,1.1158127772942232,9.846153846153848,17.857142857142858,8.2436278476476,2.0307692307692307,3.9746031746031742,1.6913649368739168,5.917455654206739,24.939623703595892,8.172707413387638,0.0306077434986016,0.1289989566256645,0.04227292046037685,0.1443,1.0703,0.33414135142589146
154,1,35.8968314,128.6046401,211445,SPLY_LS,6.180235980920525,110,25,200,29.510995806940986,1.626091718001369,1.7734976043805613,1.6237574955792657,1.0,1.0,1.0,1.0,1.4,1.0105285591179434,8.928571428571429,20.0,8.432437342476655,1.692857142857143,3.9746031746031742,1.7711875963070303,6.259167133790335,18.67599719135964,6.015681546596784,0.0323752290411738,0.0966006616724481,0.031115812015694494,0.2324,0.6711,0.19554143631357263
155,1,35.895830700000005,128.6044147,143149,SPLY_LS,7.267518831651362,161,25,300,30.035967876746636,1.3642436687200548,1.7734976043805613,1.601086707034065,1.0,1.0,1.0,1.0,1.4,1.0352114248814914,8.928571428571429,20.833333333333332,8.58441144080071,1.692857142857143,4.966666666666667,1.7767104946175414,5.049044669345738,15.559841291494475,6.014420110468405,0.0261159310999573,0.0804825010881906,0.031109287300392266,0.2196,0.5267,0.20335985969337672
156,1,35.8930891,128.6046835,177362,SPLY_LS,7.854018005610639,117,13,200,28.035338890552328,1.6158521560574948,1.7535112936344968,1.616703283345913,1.0,1.0,1.0,1.0,1.6,1.1126374421111136,7.471264367816092,25.3968253968254,8.084378667896742,1.547126436781609,3.9746031746031742,1.7199793891919535,3.1894633729747848,25.21143924614999,4.98407546856164,0.0164973398235434,0.1304049089287485,0.02577988115736162,0.0933,0.5571,0.12852710060889092
157,1,35.8944709,128.6046304,106606,PIPE_LM,6.015663113904822,127,80,300,28.870808798596414,1.7535112936344968,1.761779603011636,1.6451730483199973,1.0,1.0,1.0,1.0,1.6,1.0416737937142377,6.666666666666667,20.833333333333332,8.136399001763163,2.1333333333333337,4.966666666666667,1.7340599031637944,5.647396206010904,15.559841291494475,4.436218873701826,0.0292108745057811,0.0804825010881906,0.022946120313278962,0.0454,0.4169,0.11290868483435358
158,1,35.8945187,128.604318,3940,SPLY_LS,5.618273931981562,143,13,300,27.286808426274973,1.747378507871321,1.761779603011636,1.6389508162470765,1.0,1.0,1.0,1.0,1.6,1.0520245503292567,7.471264367816092,20.833333333333332,8.26731500099253,1.547126436781609,4.966666666666667,1.7293783518351582,4.883665728905167,15.559841291494475,4.455464836403515,0.0252605167994755,0.0804825010881906,0.0230456690930553,0.1737,0.5267,0.1163892837624839
159,1,35.8903368,128.6028848,246336,SPLY_LS,4.142653596211551,189,13,150,21.917916548450055,1.6371526351813823,1.863353867214237,1.6214685522995216,1.0,1.0,1.0,1.0,1.6,1.0541902004394976,7.471264367816092,17.857142857142858,8.231943000748755,1.547126436781609,3.3000000000000003,1.680739099587545,7.078221814426837,55.12823608256897,9.120266319710339,0.036611748424032,0.2851480447252839,0.0471741215253857,0.3234,1.0703,0.384875100580777
160,1,35.89032370000001,128.6041602,246364,SPLY_LS,4.588892142838634,142,13,200,24.129298766933186,1.6573032169746749,1.863353867214237,1.5982402895066061,1.0,1.0,1.0,1.0,1.6,1.0989472283925146,7.471264367816092,20.0,8.58317041808444,1.547126436781609,3.9746031746031742,1.7223614900237711,8.390592680711155,55.12823608256897,8.873285002690944,0.0433999211113444,0.2851480447252839,0.045896623012168715,0.3958,1.0703,0.35434243797305437
161,1,35.89096490000001,128.6035785,246353,SPLY_LS,7.93566698071395,209,40,150,24.885616616520178,1.6144832306639287,1.9886379192334016,1.6091008095672836,1.0,1.0,1.0,1.0,1.6,1.0526959707379897,9.846153846153848,17.857142857142858,8.481987334235182,2.0307692307692307,3.3000000000000003,1.7276220626308691,8.074830642095145,55.12823608256897,9.347101029530082,0.041766657754705,0.2851480447252839,0.04834741272019283,0.3097,1.0703,0.37726642011061823
162,1,35.89685190000001,128.6037057,106559,SPLY_LS,7.432695262563119,105,13,200,26.27093383973785,1.6154688569472964,1.7734976043805613,1.6128394448845336,1.0,1.0,1.0,1.0,1.2,1.001829462587965,7.471264367816092,15.873015873015872,7.972918193350054,1.547126436781609,3.9746031746031742,1.70594884152335,3.77267068789992,13.737282686192689,5.6297325305364225,0.0195139504996279,0.0710554078301973,0.02911951002757309,0.1287,0.6711,0.1939951542322064
163,1,35.8965843,128.6035178,37995,SPLY_LS,2.713603610600065,114,13,200,23.048195777246615,1.6686379192334018,1.7734976043805613,1.634505523734318,1.0,1.0,1.0,1.0,1.2,1.0026640933570703,7.471264367816092,15.873015873015872,7.866297444956843,1.547126436781609,3.9746031746031742,1.665762079243717,3.8235705175410857,13.737282686192689,5.088011102968651,0.0197772273234553,0.0710554078301973,0.026317483029550122,0.1244,0.6711,0.17044991133288576
164,1,35.89642489999999,128.6033211,3918,SPLY_LS,6.315839260964753,112,13,200,23.939077439086397,1.6668309377138946,1.7734976043805613,1.627191038933584,1.0,1.0,1.0,1.0,1.4,1.005707159604824,7.471264367816092,15.873015873015872,8.010070521925359,1.547126436781609,3.9746031746031742,1.681747178678815,5.861905846897064,13.737282686192689,5.624036079284105,0.0303204148977827,0.0710554078301973,0.029090045418293017,0.2444,0.6711,0.1976565598476305
165,1,35.89663740000001,128.6045708,3914,SPLY_LS,4.806125448640505,130,13,200,24.312581587541988,1.5496509240246406,1.7734976043805613,1.6257918105226499,1.0,1.0,1.0,1.0,1.4,1.0107231370701546,7.471264367816092,20.0,8.149146998484863,1.547126436781609,3.9746031746031742,1.6991160011297168,5.320050217578653,18.67599719135964,5.96656651839541,0.0275176937479147,0.0966006616724481,0.030861766988074302,0.2362,0.6711,0.2137489930449531
166,1,35.8958275,128.6041042,106569,SPLY_LS,6.17807106562005,179,13,300,25.0319003433745,1.7442573579739904,1.7734976043805613,1.6109407587650428,1.0,1.0,1.0,1.0,1.4,1.0247203637176523,7.471264367816092,20.833333333333332,8.40234849092385,1.547126436781609,4.966666666666667,1.7163818079949618,4.137556302600633,13.491776731827516,5.542983628640227,0.0214013030973866,0.0697855405565412,0.02867080566996011,0.1323,0.5267,0.1929237739635973
167,1,35.8954697,128.6050894,106608,PIPE_LM,6.386521774377129,98,40,300,38.77670901555853,1.6134976043805611,1.7734976043805613,1.582490639950475,1.0,1.0,1.0,1.0,1.6,1.056560261435629,9.846153846153848,20.833333333333332,9.387369718614096,2.0307692307692307,4.966666666666667,1.8975376858272246,4.102905506310802,15.559841291494475,5.873480762019754,0.0212220735861173,0.0804825010881906,0.03038028556750902,0.1083,0.5102,0.17707150052041595
168,1,35.89668429999999,128.6043934,3911,SPLY_LS,5.566326826091789,132,13,200,23.556299308240124,1.6839698836413417,1.7734976043805613,1.6346399104837464,1.0,1.0,1.0,1.0,1.4,1.0088707646786776,7.471264367816092,20.0,8.09605419208999,1.547126436781609,3.9746031746031742,1.685447134401594,6.243738594617837,18.67599719135964,5.70446793406672,0.032295425693731,0.0966006616724481,0.02950607516556334,0.2631,0.6711,0.20083177458776727
169,1,35.89168310000001,128.60487190000003,38923,SPLY_LS,6.054083631737655,105,13,200,28.13626557790191,1.6599863107460644,1.7590965092402464,1.6058431010569416,1.0,1.0,1.0,1.0,1.6,1.0360285597227643,7.471264367816092,20.0,8.869548967236302,1.547126436781609,3.9746031746031742,1.7641102935281001,4.771633169502242,25.21143924614999,4.879135471046208,0.0246810339875918,0.1304049089287485,0.025237084267212908,0.1815,0.4641,0.14377018028518831
170,1,35.8897154,128.6014179,72286,PIPE_LM,5.830145531409866,107,25,200,31.050406254886077,1.673511293634497,1.840520191649555,1.6348704532403098,1.0,1.3,1.004103284497693,1.0,1.6,1.1087184062080273,8.928571428571429,20.0,8.980779259229806,1.692857142857143,3.9746031746031742,1.822019387085041,9.924163684694372,20.81167849036323,7.475884576882318,0.0513322404508974,0.1076473664074793,0.038668639179694916,0.4121,0.6285,0.25547010788830327
171,1,35.8966947,128.6046573,37997,SPLY_LS,7.008541753459775,116,13,200,25.478571662666237,1.7112936344969198,1.7734976043805613,1.6282271569961222,1.0,1.0,1.0,1.0,1.4,1.0112678227350518,7.471264367816092,20.0,8.235230519745084,1.547126436781609,3.9746031746031742,1.7182437470425234,7.2257709691445084,18.67599719135964,6.1173915572394355,0.0373749390493515,0.0966006616724481,0.03164190196024308,0.3135,0.6711,0.21571715821572268
172,1,35.89001540000001,128.60332,38884,SPLY_LS,5.379837076121045,179,13,200,21.757410787895335,1.5168514715947985,1.863353867214237,1.6036831851479998,1.0,1.0,1.0,1.0,1.6,1.0854907812859196,7.471264367816092,17.857142857142858,8.258463471595705,1.547126436781609,3.9746031746031742,1.6832135958952146,7.2798940421076335,55.12823608256897,9.40695265266651,0.0376548879380996,0.2851480447252839,0.048656992248284806,0.37,1.0703,0.40316503850859103
173,1,35.8908668,128.6038417,73320,SPLY_LS,6.5164913931808215,199,13,200,24.29371388738594,1.7203832991101984,1.863353867214237,1.6081453789099303,1.0,1.0,1.0,1.2,1.6,1.0759586342514016,7.471264367816092,17.857142857142858,8.48565623646787,1.547126436781609,3.9746031746031742,1.7192339147943143,8.746494792081693,55.12823608256897,9.144589446548464,0.0452408069873029,0.2851480447252839,0.04729993168279959,0.3149,1.0703,0.35949696065543757
174,1,35.891454100000004,128.6032893,38910,SPLY_LS,3.9548250989897666,168,13,150,23.181708777850474,1.653798767967146,1.9886379192334016,1.6327574824423163,1.0,1.0,1.0,1.0,1.6,1.0587862882515573,7.471264367816092,17.857142857142858,8.157175382537364,1.547126436781609,3.3000000000000003,1.6873897129340583,6.898566704933771,24.640150504343705,7.507336600356221,0.0356824913529346,0.1274499464761926,0.038831323198512485,0.3085,1.0413,0.28380677493097745
175,1,35.89142300000001,128.6035525,144013,SPLY_LS,10.414783663673308,185,13,150,23.902909466230174,1.653908281998631,1.9886379192334016,1.6210463720856911,1.0,1.0,1.0,1.0,1.6,1.0502488438059094,7.471264367816092,17.857142857142858,8.375110717761313,1.547126436781609,3.3000000000000003,1.7076754347923127,8.716244900087746,55.12823608256897,7.539084613525199,0.0450843409334588,0.2851480447252839,0.03899553820922833,0.4161,1.0703,0.2836338465882305
176,1,35.88949689999999,128.6027178,38895,SPLY_LS,2.8333239324494395,159,13,200,20.839399871357354,1.6347433264887063,2.161615331964408,1.6259312328383804,1.0,1.0,1.0,1.0,1.6,1.0973395535083854,7.471264367816092,17.857142857142858,8.114207437983024,1.547126436781609,3.9746031746031742,1.6584733274382386,8.398235205003454,16.746348382315382,7.896013121691314,0.0434394516861201,0.0866196496901072,0.04084173307129219,0.4031,0.9072,0.31993714385962563
177,1,35.8904408,128.6015707,4811,SPLY_LS,7.654999204530477,80,13,200,35.267300118220696,1.6584531143052703,1.840520191649555,1.6374513926730645,1.0,1.3,1.001728028183058,1.0,1.6,1.1313171318494553,7.471264367816092,17.857142857142858,9.042483286930391,1.547126436781609,3.9746031746031742,1.8606278597582349,2.9551720637801275,20.81167849036323,5.328980970269439,0.0152854797412995,0.1076473664074793,0.027563887619670102,0.0745,0.6285,0.13080354834044372
178,1,35.8954325,128.6038501,10937,PIPE_LM,5.8383084531558405,169,40,300,29.327618879770807,1.65347022587269,1.7734976043805613,1.5865992937133984,1.0,1.0,1.0,1.4,1.6,1.053239944307335,9.846153846153848,20.833333333333332,8.495305174273343,2.0307692307692307,4.966666666666667,1.7688275557867648,6.183091199333498,15.559841291494475,5.765525797026468,0.0319817300739925,0.0804825010881906,0.029821893908829486,0.1188,0.5267,0.19313513931714013
179,1,35.896751,128.6048439,106609,PIPE_LM,8.37959141436295,104,50,200,27.334291358253843,1.7535112936344968,1.7734976043805613,1.6166694512074153,1.0,1.0,1.0,1.0,1.4,1.014847673220451,12.5,20.0,8.384940779318779,2.3625,3.9746031746031742,1.7464733763330023,7.377733020737394,18.67599719135964,6.238784784584088,0.0381609551631131,0.0966006616724481,0.03226980235902194,0.0757,0.6711,0.21591451544393644
180,2,35.8897159,128.6012738,177181,PIPE_LM,4.678005360808448,93,40,200,35.39150669464052,1.6334839151266256,1.840520191649555,1.6329953364918939,1.0,1.3,1.0059377247523917,1.4,1.6,1.1515677122039756,9.846153846153848,20.0,9.46027874352842,2.0307692307692307,3.9746031746031742,1.9014615157341836,9.092735889079052,20.81167849036323,7.6886651024453885,0.0470317217494669,0.1076473664074793,0.0397692358091436,0.2257,0.6285,0.23795165564883422
181,1,35.89201919999999,128.6041082,38916,SPLY_LS,7.063772890307796,152,13,200,33.04491579433353,1.653798767967146,1.7590965092402464,1.58542169959008,1.0,1.0,1.0,1.0,1.6,1.0931912701611104,7.471264367816092,25.3968253968254,8.630746677677445,1.547126436781609,3.9746031746031742,1.7945521966382765,5.214877352468907,20.996023454586982,5.817793115855844,0.0269736923617778,0.1086008815176784,0.030092244002108515,0.2088,0.5433,0.17240371288438763
182,2,35.8913566000003,128.60324914999993,211241,PIPE_LM,3.9274411584504505,170,20,150,23.142497186205418,1.673511293634497,1.9886379192334016,1.6310416730914112,1.0,1.0,1.0,1.0,1.6,1.0540627911686469,9.523809523809524,17.857142857142858,8.227235775180423,1.7523809523809524,3.3000000000000003,1.6923083361590574,7.7873832175549245,55.12823608256897,7.844208561059735,0.0402798503236419,0.2851480447252839,0.04057377657165337,0.2929,1.0703,0.29834219449701754
183,2,35.88937330000001,128.6015727,186992,PIPE_LM,4.4271002047562575,116,50,200,36.04750583658897,1.7535112936344968,2.161615331964408,1.6288811837872226,1.0,1.3,1.0030233283539054,1.4,1.6,1.12746473646412,17.857142857142858,20.0,9.75513264954108,2.585714285714286,3.9746031746031742,1.9169056248053578,10.205772254974544,20.81167849036323,7.282863887951241,0.052788846700243,0.1076473664074793,0.03767024931723335,0.1266,0.8665,0.21722966397526255
184,1,35.89584750000001,128.603003,106567,SPLY_LS,4.488096821368296,95,13,300,37.06402471214125,1.6261464750171115,1.7734976043805613,1.573656494699582,1.0,1.0,1.0,1.0,1.4,1.036271168153686,7.471264367816092,20.833333333333332,8.463412330108117,1.547126436781609,4.966666666666667,1.8438900052869256,3.425650349142771,13.373122429135062,5.481600114371758,0.0177190051484235,0.0691718071085796,0.028353302511582138,0.1063,0.5267,0.14804888000054614
185,1,35.896524700000015,128.6047911,211450,SPLY_LS,5.945011580651257,126,13,200,24.724628638359437,1.626091718001369,1.7734976043805613,1.6165180922602476,1.0,1.0,1.0,1.0,1.4,1.012329272211716,7.471264367816092,20.0,8.339923404360706,1.547126436781609,3.9746031746031742,1.7190209898703654,5.873057337256614,18.67599719135964,6.391314429152532,0.0303780954240929,0.0966006616724481,0.033058754319069926,0.2537,0.6315,0.23797418458336841
186,1,35.8917011,128.6035545,246390,SPLY_LS,9.650710535793788,148,13,150,25.189790710070554,1.6280082135523617,1.9886379192334016,1.6298046863627849,1.0,1.0,1.0,1.0,1.6,1.0597308048357723,7.471264367816092,20.0,8.352397445640829,1.547126436781609,3.3000000000000003,1.7134486928093602,6.3753804010848185,24.640150504343705,6.527988787216292,0.0329763363555911,0.1274499464761926,0.03376569560243692,0.2835,0.5844,0.22374548443102044
187,1,35.8896045,128.6017164,37827,SPLY_LS,2.81503050494905,139,13,200,27.186129215725106,1.7161670088980152,2.161615331964408,1.6364230578955306,1.0,1.3,1.0023314628560314,1.0,1.6,1.0766684667282398,7.471264367816092,20.0,8.624412810488685,1.547126436781609,3.9746031746031742,1.759266533882038,6.650517985339291,20.81167849036323,6.767277873967511,0.0343994717532682,0.1076473664074793,0.03500340643920322,0.2795,0.8665,0.23525713871009096
188,1,35.8921541,128.6040525,246396,SPLY_LS,5.06832392786953,140,13,200,37.13021514545743,1.6536892539356605,1.7590965092402464,1.588678493190385,1.0,1.0,1.0,1.0,1.6,1.1148570831327582,7.471264367816092,25.3968253968254,8.611909879466424,1.547126436781609,3.9746031746031742,1.8335235558369678,5.231418462844162,25.21143924614999,6.067615214866088,0.0270592504281382,0.1304049089287485,0.031384436318134035,0.2098,0.5433,0.1685199962871901
189,1,35.8961025,128.6043331,72231,PIPE_LM,5.0267323897152485,173,20,200,28.595174731388177,1.65347022587269,1.7734976043805613,1.6228662253685373,1.0,1.0,1.0,1.0,1.4,1.021853619827209,9.523809523809524,20.0,8.362901564442073,1.7523809523809524,3.9746031746031742,1.7532718894599446,10.427900091877268,13.491776731827516,6.574373819352734,0.0539377918302305,0.0697855405565412,0.03400561986191099,0.4325,0.5198,0.23682556747664443
190,1,35.8958248,128.6046429,106579,SPLY_LS,4.1315914022688744,147,13,300,32.9658824308043,1.7031348391512662,1.7734976043805613,1.60508978401932,1.0,1.0,1.0,1.0,1.4,1.0449899900704531,7.471264367816092,20.833333333333332,8.83640497726005,1.547126436781609,4.966666666666667,1.8214265251295279,5.834796321854612,15.559841291494475,6.151301942533895,0.0301801922349768,0.0804825010881906,0.031817301732659384,0.2355,0.5267,0.20283413352356375
191,1,35.892437599999994,128.6035637,73312,SPLY_LS,5.293290423763353,107,13,200,61.13243776021248,1.7041204654346338,1.9886379192334016,1.5542120188416737,1.0,1.0,1.0,1.6,1.6,1.2947135637482265,7.471264367816092,25.3968253968254,10.100107504238085,1.547126436781609,3.9746031746031742,2.1187679878354957,6.484461355065766,24.640150504343705,8.102062241790502,0.0335405521360099,0.1274499464761926,0.041907511842549205,0.1329,0.5433,0.15734191936461975
192,1,35.890347000000006,128.6011965,212334,SPLY_LS,3.8090465240121953,64,13,200,44.52541534679095,1.6427378507871322,1.840520191649555,1.6223229327257955,1.0,1.3,1.0037307555712631,1.6,1.6,1.2482070250180746,7.471264367816092,17.857142857142858,9.440455291580339,1.547126436781609,3.9746031746031742,1.9842840342972703,5.027014837547221,20.81167849036323,5.99545900241251,0.0260019828964711,0.1076473664074793,0.03101121191702856,0.0873,0.6285,0.1237220628135881
193,1,35.8953021,128.6042856,3925,SPLY_LS,4.9393181720249055,161,13,300,30.752681063909275,1.6236824093086928,1.7734976043805613,1.6013822713083306,1.0,1.0,1.0,1.0,1.6,1.0607435062081576,7.471264367816092,20.833333333333332,8.624101078489057,1.547126436781609,4.966666666666667,1.785014587314343,4.463343219842862,15.559841291494475,5.42093568118502,0.0230864196374762,0.0804825010881906,0.028039518764145413,0.1692,0.5267,0.16538836010659433
194,1,35.8950661,128.6044337,211460,SPLY_LS,6.195818142887778,141,20,300,43.61047003228465,1.6305817932922655,1.761779603011636,1.6004610647414717,1.0,1.0,1.0,1.4,1.6,1.1121854133745377,9.523809523809524,20.833333333333332,9.35115481833704,1.7523809523809524,4.966666666666667,1.9529197947148367,4.461033034043815,15.559841291494475,5.722177383070992,0.0230744703169399,0.0804825010881906,0.029597676405065505,0.065,0.5267,0.1381243249270121
195,1,35.8927865,128.6044273,177366,SPLY_LS,6.124062299070308,126,13,200,34.7793707322777,1.748199863107461,1.7535112936344968,1.6039371537513047,1.0,1.0,1.0,1.0,1.6,1.1904753971614128,7.471264367816092,25.3968253968254,8.356554102937162,1.547126436781609,3.9746031746031742,1.7948705475307245,5.632154873417079,25.21143924614999,5.968675600468148,0.0291320394750061,0.1304049089287485,0.030872676109641423,0.2155,0.5571,0.1486177079721319
196,1,35.89288810000001,128.6043166,72478,SPLY_LS,3.93562936129438,129,13,200,32.02779740071813,1.5869952087611223,1.7535112936344968,1.60913372825015,1.0,1.0,1.0,1.0,1.6,1.1456316081380644,7.471264367816092,25.3968253968254,8.322748433201335,1.547126436781609,3.9746031746031742,1.7687533321672717,5.067428620070326,25.21143924614999,5.894772766333195,0.0262110211658827,0.1304049089287485,0.030490417395220067,0.2127,0.5571,0.16111579782199395
197,1,35.8887528,128.6024193,178238,SPLY_LS,7.454697082571225,78,13,200,32.27588442259866,1.710198494182067,2.161615331964408,1.63011732357551,1.0,1.0,1.0,1.0,1.6,1.1718950756562567,7.471264367816092,20.0,8.455174277989677,1.547126436781609,3.9746031746031742,1.7852519584047426,3.798305777339236,16.13375934334295,6.434783423167646,0.0196465467179983,0.0834510635154742,0.03328359551716346,0.1175,0.8665,0.18928608066032482
198,1,35.8947785,128.6051035,3935,SPLY_LS,1.9257229751081257,95,13,300,41.831536553066066,1.6160711841204654,1.7535112936344968,1.5876834509583828,1.0,1.0,1.0,1.0,1.6,1.0987711210124622,7.471264367816092,20.833333333333332,9.569842534994356,1.547126436781609,4.966666666666667,1.9177196133714578,5.444110670141469,15.559841291494475,5.370160797488209,0.0281593902357732,0.0804825010881906,0.027776888216967846,0.2299,0.5102,0.1333117469246438
199,2,35.8958578,128.60491850000003,38020,SPLY_LS,7.160362741625836,121,13,200,30.416621598872503,1.6383572895277208,1.7734976043805613,1.590823479197757,1.0,1.0,1.0,1.0,1.4,1.0263301529733768,7.471264367816092,20.0,8.720298416243386,1.547126436781609,3.9746031746031742,1.7924356214044055,8.313076127870131,13.491776731827516,6.195972896356188,0.0429989706176018,0.0697855405565412,0.03204836000775753,0.3969,0.5102,0.2184997535519155
200,1,35.891206600000004,128.6040328,73352,SPLY_LS,2.9750483236936103,184,20,150,28.503357755359232,1.2863791923340178,1.863353867214237,1.5940773296524253,1.0,1.0,1.0,1.0,1.6,1.0335442499926877,9.523809523809524,20.0,8.666711764361473,1.7523809523809524,3.3000000000000003,1.7723431469943374,6.400332828787098,55.12823608256897,6.960786441779233,0.0331054015402598,0.2851480447252839,0.036004319830780986,0.3201,1.0703,0.249469234278493
201,1,35.89299630000001,128.6041747,38038,SPLY_LS,8.385984627790894,127,13,200,33.46052546435937,1.673949349760438,1.7535112936344968,1.6072706882273393,1.0,1.0,1.0,1.0,1.6,1.1400736685715067,7.471264367816092,25.3968253968254,8.404965362043509,1.547126436781609,3.9746031746031742,1.7885581074708186,5.476700144963818,25.21143924614999,6.042163159875357,0.0283279576648181,0.1304049089287485,0.031252786836297265,0.2204,0.5571,0.16688988230815727
202,1,35.894822299999994,128.6031508,106607,PIPE_LM,6.373821021314283,75,100,300,42.144592416628775,1.7535112936344968,1.761779603011636,1.552011802004242,1.0,1.0,1.0,1.4,1.6,1.1473443406234445,8.333333333333334,20.833333333333332,9.296946532088173,2.466666666666667,4.966666666666667,1.937065553370537,8.32292562349076,13.373122429135062,4.945575399968724,0.0430499166412247,0.0691718071085796,0.025580741477568177,0.0309,0.5267,0.0999704089871864
203,1,35.89547480000001,128.604678,72458,SPLY_LS,6.325206303218988,141,25,300,34.84469053785878,1.6462970568104038,1.7734976043805613,1.5978405949193393,1.0,1.0,1.0,1.0,1.6,1.0539052565034697,8.928571428571429,20.833333333333332,8.892166027912669,1.692857142857143,4.966666666666667,1.8402633019517998,8.647523342951645,15.559841291494475,6.029713899148728,0.0447288821152502,0.0804825010881906,0.031188393657651775,0.3536,0.5267,0.1912507821319605
204,1,35.8957266,128.6037964,3924,SPLY_LS,7.222714999836491,170,20,300,25.720951316753723,1.5606570841889118,1.7734976043805613,1.6002512850773383,1.0,1.0,1.0,1.0,1.6,1.030140886632358,9.523809523809524,20.833333333333332,8.408512855314891,1.7523809523809524,4.966666666666667,1.7256837056685186,5.583918666628801,13.491776731827516,5.396015689672928,0.0288825401072041,0.0697855405565412,0.027910621354048662,0.2021,0.5267,0.183056653361352
205,1,35.8956114,128.6038041,177347,SPLY_LS,4.558316548735918,167,13,300,28.287288475562107,1.7242162902121834,1.7734976043805613,1.5921309030508328,1.0,1.0,1.0,1.0,1.6,1.038269420466255,7.471264367816092,20.833333333333332,8.456759948025919,1.547126436781609,4.966666666666667,1.7554892616157391,5.3031126738836045,15.559841291494475,5.479582421113969,0.0274300851500292,0.0804825010881906,0.028342866094090875,0.2012,0.5267,0.18086259913184513
