FTR_IDN,Region,Type,D_final_org,remaining_life,pipe_id,category
175756.0,0520,PIPE_LM,0.074075913528902,11.856823588268869,175756.0_0520,main58_only
418174.0,0520,PIPE_LM,0.0730811700690551,12.683415290903117,418174.0_0520,main58_only
175888.0,0520,PIPE_LM,0.0702537904219622,11.103832845844495,175888.0_0520,main58_only
71585.0,0520,PIPE_LM,0.0698826653673615,13.30970033474205,71585.0_0520,main58_only
299700.0,0461,PIPE_LM,0.0687974478662187,12.648284424389098,299700.0_0461,main58_only
246575.0,0520,PIPE_LM,0.0666572744596274,14.002113544346509,246575.0_0520,main58_only
5002.0,0243,PIPE_LM,0.0626256549642811,14.639468042921468,5002.0_0243,main58_only
2652.0,0243,PIPE_LM,0.0626256549642811,14.12111446195342,2652.0_0243,main58_only
36458.0,0461,PIPE_LM,0.0614855988277817,15.263971060946366,36458.0_0461,main58_only
175747.0,0520,PIPE_LM,0.0610347444118205,15.384110552715454,175747.0_0520,main58_only
407185.0,0243,PIPE_LM,0.059950419599944,13.18405645413057,407185.0_0243,main58_only
143880.0,0490,PIPE_LM,0.0596842698556585,10.336152525690212,143880.0_0490,main58_only
439264.0,0470,PIPE_LM,0.057658618697803,13.912692105330423,439264.0_0470,main58_only
324785.0,0243,PIPE_LM,0.0562919760519388,9.945484390080422,324785.0_0243,main58_only
439847.0,0490,PIPE_LM,0.0555988975658213,11.378505255140803,439847.0_0490,main58_only
107365.0,0490,PIPE_LM,0.0555988975658213,14.846667960986425,107365.0_0490,main58_only
38094.0,0243,PIPE_LM,0.0550778839544649,10.166117975228508,38094.0_0243,main58_only
299697.0,0461,PIPE_LM,0.0550235851833995,13.099320999967787,299697.0_0461,main58_only
407186.0,0470,PIPE_LM,0.0543122828773129,13.765069273506493,407186.0_0470,main58_only
106306.0,0490,PIPE_LM,0.0542383493123627,17.43713926913454,106306.0_0490,main58_only
4149.0,0520,PIPE_LM,0.0537558964364319,17.602610435164664,4149.0_0520,main58_only
198939.0,0520,PIPE_LM,0.0537558964364319,17.602610435164664,198939.0_0520,main58_only
415362.0,0520,PIPE_LM,0.0537558964364319,17.602610435164664,415362.0_0520,main58_only
175753.0,0520,PIPE_LM,0.0537558964364319,16.818592370847377,175753.0_0520,main58_only
310733.0,0243,PIPE_LM,0.0521880458035676,15.852661606145446,310733.0_0243,main58_only
299696.0,0461,PIPE_LM,0.0498250105845508,11.083227933112164,299696.0_0461,main58_only
107416.0,0470,PIPE_LM,0.0495473705874945,10.830425395485822,107416.0_0470,main58_only
71255.0,0470,PIPE_LM,0.0479498291347346,8.289590942844658,71255.0_0470,main58a_only
329428.0,0243,PIPE_LM,0.0434288603304516,5.72886107874771,329428.0_0243,main58a_only
37748.0,0470,SPLY_LS,0.0429828225392348,2.5069502263759715,37748.0_0470,main58a_only
106660.0,0243,PIPE_LM,0.0397775857660824,7.873909691836874,106660.0_0243,main58a_only
324795.0,0243,PIPE_LM,0.0397775857660824,8.901451814483602,324795.0_0243,main58a_only
73254.0,0490,SPLY_LS,0.0396469240119917,8.314120270713268,73254.0_0490,main58a_only
4814.0,0470,SPLY_LS,0.0382273384751627,6.846217496739381,4814.0_0470,main58a_only
106346.0,0480,PIPE_LM,0.0368344160715723,7.974718419707057,106346.0_0480,main58a_only
324778.0,0243,PIPE_LM,0.0340862989967069,6.277921260175919,324778.0_0243,main58a_only
324787.0,0243,PIPE_LM,0.0334889253656874,9.19133712416273,324787.0_0243,main58a_only
324772.0,0470,PIPE_LM,0.030339403791598,9.351895967242774,324772.0_0470,main58a_only
38779.0,0490,PIPE_LM,0.0256248521211499,8.298216690576972,38779.0_0490,main58a_only
107346.0,0490,SPLY_LS,0.024836097879578,4.701497313621825,107346.0_0490,main58a_only
324767.0,0243,PIPE_LM,0.024154891838412,8.506195543312709,324767.0_0243,main58a_only
308847.0,0243,PIPE_LM,0.0209265743297467,7.877230156836169,308847.0_0243,main58a_only
308844.0,0243,PIPE_LM,0.0209265743297467,8.49644871507335,308844.0_0243,main58a_only
308956.0,0243,PIPE_LM,0.0209265743297467,8.947154440934451,308956.0_0243,main58a_only
37847.0,0480,PIPE_LM,0.0195348857880336,8.246833593516074,37847.0_0480,main58a_only
42328.0,0490,PIPE_LM,0.0160794945702887,7.0050211772901685,42328.0_0490,main58a_only
411544.0,0490,PIPE_LM,0.0142266857887145,7.806118733494465,411544.0_0490,main58a_only
455022.0,0470,PIPE_LM,0.0131739130540915,6.752000684019859,455022.0_0470,main58a_only
42329.0,0490,PIPE_LM,0.0126072436554752,9.289204712495524,42329.0_0490,main58a_only
211238.0,0470,PIPE_LM,0.0125961681565836,9.341177905872708,211238.0_0470,main58a_only
212345.0,0470,SPLY_LS,0.0117035513293342,8.846064807581406,212345.0_0470,main58a_only
3686.0,0470,SPLY_LS,0.0091127182727843,8.376804277670411,3686.0_0470,main58a_only
406716.0,0470,SPLY_LS,0.0090172774542744,8.838379870584903,406716.0_0470,main58a_only
246334.0,0470,SPLY_LS,0.0087940037818815,9.333864679675436,246334.0_0470,main58a_only
142051.0,0520,PIPE_LM,0.4483235931213757,1.1718906821076296,142051.0_0520,overlap
415765.0,0520,PIPE_LM,0.4134464488248707,1.4186929234542387,415765.0_0520,overlap
415766.0,0470,PIPE_LM,0.3947694198393814,1.0395525554983778,415766.0_0470,overlap
417714.0,0490,PIPE_LM,0.3512556459142277,0.3059308844313579,417714.0_0490,overlap
2838.0,0461,PIPE_LM,0.3491222950717808,1.864325808222578,2838.0_0461,overlap
310508.0,0243,PIPE_LM,0.2106320264149852,2.5011918149176178,310508.0_0243,overlap
324771.0,0470,PIPE_LM,0.0583728330030208,6.668422977438577,324771.0_0470,overlap
324943.0,0470,PIPE_LM,0.049408954284658,8.208028388215396,324943.0_0470,overlap
