repair_id,복구타입,위도,경도,작업일시
0,지상누수,35.8946241,128.6021673,2007-05-15 09:33:00
1,지하누수,35.8947912,128.6023991,2007-05-18 13:00:00
2,지상누수,35.8963622,128.6108785,2007-06-07 10:45:00
3,지상누수,35.8960729,128.6121391,2007-06-19 17:00:00
4,지상누수,35.897053,128.6060654,2007-06-26 07:20:00
5,지상누수,35.8947157,128.6090842,2007-06-26 11:45:00
6,지하누수,35.8915603,128.596439,2007-07-23 10:00:00
7,지하누수,35.8915342,128.5965834,2007-07-23 10:00:00
8,지하누수,35.8929799,128.5973392,2007-07-23 13:00:00
9,지상누수,35.895108,128.6111366,2007-07-27 14:40:00
10,지상누수,35.895344,128.6100321,2007-07-28 06:45:00
11,지하누수,35.8929004,128.597316,2007-08-13 09:00:00
12,지상누수,35.892652,128.6068654,2007-08-20 12:45:00
13,지하누수,35.8959196,128.6054125,2007-08-31 09:00:00
14,지상누수,35.8953002,128.6077841,2007-09-10 10:30:00
15,지상누수,35.8900177,128.6000401,2007-09-10 15:00:00
16,지상누수,35.894826,128.6093499,2007-09-11 11:45:00
17,지하누수,35.8957562,128.6004581,2007-10-11 12:00:00
18,지하누수,35.897234,128.6011778,2007-10-12 09:00:00
19,지하누수,35.8969617,128.6013846,2007-10-12 12:00:00
20,지하누수,35.8963338,128.5998717,2007-10-12 12:00:00
21,지하누수,35.8960005,128.6017319,2007-10-15 09:00:00
22,지하누수,35.894353,128.6110253,2007-11-06 09:00:00
23,지하누수,35.8958723,128.6120701,2007-11-08 09:00:00
24,지상누수,35.8929585,128.6094276,2007-11-20 18:00:00
25,지하누수,35.8948463,128.6092167,2007-12-17 09:00:00
26,지상누수,35.8956355,128.6073607,2007-12-22 12:30:00
27,지하누수,35.8963653,128.6000976,2008-01-07 13:00:00
28,지하누수,35.8948747,128.6014267,2008-01-08 09:00:00
29,지상누수,35.8899151,128.601287,2008-01-28 10:48:00
30,지하누수,35.8926445,128.6060532,2008-02-11 09:00:00
31,지상누수,35.8955536,128.6113662,2008-02-16 15:15:00
32,지상누수,35.893374,128.5992472,2008-02-18 12:48:00
33,지하누수,35.8975146,128.6045759,2008-04-03 09:00:00
34,지하누수,35.8974681,128.5989688,2008-04-03 09:00:00
35,지하누수,35.8947381,128.6019531,2008-04-03 09:00:00
36,지상누수,35.8935192,128.5982447,2008-04-04 16:24:00
37,지상누수,35.8971881,128.5999924,2008-04-08 13:19:00
38,지하누수,35.895782,128.6105861,2008-04-11 09:00:00
39,지하누수,35.896141,128.6122561,2008-04-11 09:00:00
40,지하누수,35.8936404,128.6103236,2008-04-11 09:00:00
41,지하누수,35.8961417,128.602339,2008-04-22 09:00:00
42,지하누수,35.8946495,128.6017077,2008-04-30 09:00:00
43,지하누수,35.8944146,128.6019027,2008-04-30 09:00:00
44,지상누수,35.8966487,128.6079187,2008-05-08 14:46:00
45,지상누수,35.8921902,128.5974082,2008-05-17 08:03:00
46,지하누수,35.8938663,128.6102529,2008-06-11 09:00:00
47,지하누수,35.8962259,128.6025329,2008-06-12 09:00:00
48,지하누수,35.8970944,128.6024783,2008-06-12 09:00:00
49,지하누수,35.897478,128.6044319,2008-06-12 09:00:00
50,지상누수,35.8960952,128.6100066,2008-07-15 17:28:00
51,지상누수,35.8948146,128.609921,2008-07-21 12:02:00
52,지상누수,35.8943617,128.5993061,2008-07-29 12:34:00
53,지상누수,35.8948698,128.6010136,2008-07-30 16:21:00
54,지상누수,35.8975146,128.6045759,2008-08-22 07:43:00
55,지하누수,35.8936833,128.5991138,2008-08-29 09:00:00
56,지하누수,35.8968842,128.5999283,2008-09-08 09:00:00
57,지하누수,35.8962166,128.6000401,2008-09-08 09:00:00
58,지하누수,35.8947758,128.6046433,2008-09-18 09:00:00
59,지상누수,35.8957106,128.6087856,2008-10-08 11:32:00
60,지상누수,35.8948747,128.6014267,2008-11-05 10:00:00
61,지상누수,35.8948747,128.6014267,2008-11-05 10:00:00
62,지하누수,35.8932193,128.6093998,2008-11-13 09:00:00
63,지상누수,35.8965185,128.6077883,2008-11-17 13:31:00
64,지상누수,35.8965185,128.6077883,2008-11-17 13:31:00
65,지하누수,35.897853,128.5987658,2008-11-20 09:00:00
66,지하누수,35.897853,128.5987658,2008-11-20 09:00:00
67,지상누수,35.8938663,128.6102529,2008-11-20 17:14:00
68,지상누수,35.8902805,128.6040445,2008-12-09 09:00:00
69,지상누수,35.8975383,128.6066399,2008-12-11 09:03:00
70,지상누수,35.8968513,128.6079403,2008-12-12 13:57:00
71,지상누수,35.901451,128.6043367,2008-12-21 08:50:00
72,지하누수,35.8938925,128.6104273,2008-12-23 09:00:00
73,지상누수,35.8982773,128.6052341,2009-01-05 10:11:00
74,지하누수,35.8962259,128.6025329,2009-01-08 09:00:00
75,지상누수,35.890979,128.6032946,2009-01-13 09:40:00
76,지상누수,35.8952327,128.6046783,2009-01-28 06:55:00
77,지상누수,35.8912764,128.5969392,2009-02-05 11:09:00
78,지하누수,35.8976825,128.6045625,2009-02-05 16:01:00
79,지상누수,35.8932193,128.6093998,2009-02-12 12:12:00
80,지상누수,35.8966337,128.6042461,2009-02-17 15:42:00
81,지하누수,35.8970944,128.6024783,2009-02-25 09:00:00
82,지하누수,35.8965898,128.6016523,2009-02-25 09:00:00
83,지하누수,35.8962741,128.598792,2009-03-06 09:00:00
84,지하누수,35.8944692,128.5984373,2009-03-06 09:00:00
85,지하누수,35.8973991,128.5999957,2009-03-06 09:00:00
86,지하누수,35.8982006,128.6047688,2009-03-11 09:00:00
87,지하누수,35.8983877,128.6047369,2009-03-11 09:00:00
88,지하누수,35.898456,128.6049009,2009-03-27 09:00:00
89,지하누수,35.8911309,128.5975278,2009-04-03 09:00:00
90,지하누수,35.8950104,128.610865,2009-04-08 09:00:00
91,지하누수,35.8945804,128.6077641,2009-04-08 09:00:00
92,지하누수,35.8948612,128.6083472,2009-04-08 09:00:00
93,지상누수,35.8970647,128.6098819,2009-04-08 10:20:00
94,지하누수,35.8947414,128.6077693,2009-04-14 09:00:00
95,지상누수,35.8955517,128.6118181,2009-04-27 09:00:00
96,지상누수,35.8963045,128.6079341,2009-04-27 13:15:00
97,지상누수,35.8968916,128.6001731,2009-04-30 13:05:00
98,지상누수,35.8941678,128.6048861,2009-05-01 09:18:00
99,지하누수,35.8954767,128.6006315,2009-05-07 09:00:00
100,지하누수,35.89345,128.5989036,2009-05-07 09:00:00
101,지하누수,35.8955177,128.5998111,2009-05-07 09:00:00
102,지상누수,35.8956685,128.6028173,2009-06-10 09:51:00
103,지상누수,35.8963248,128.6004439,2009-06-15 13:55:00
104,지상누수,35.8949517,128.5991657,2009-06-18 11:40:00
105,지하누수,35.892329,128.597797,2009-07-01 09:00:00
106,지하누수,35.8921276,128.5969563,2009-07-01 09:01:00
107,지상누수,35.8975568,128.6076141,2009-07-04 10:45:00
108,지하누수,35.8952061,128.5998821,2009-07-06 09:00:00
109,지상누수,35.8943311,128.6089668,2009-07-06 14:19:00
110,지하누수,35.8955989,128.6062,2009-07-09 09:00:00
111,지하누수,35.8957129,128.6050808,2009-07-24 09:00:00
112,지하누수,35.893442,128.6092004,2009-07-27 09:00:00
113,지상누수,35.8974345,128.5983333,2009-07-28 09:23:00
114,지상누수,35.8930297,128.5985357,2009-07-30 12:56:00
115,지상누수,35.8925102,128.6007659,2009-08-19 08:50:00
116,지상누수,35.8961747,128.6118559,2009-08-24 07:24:00
117,지상누수,35.8917529,128.6062886,2009-08-26 16:25:00
118,지하누수,35.8981948,128.6044607,2009-09-21 09:00:00
119,지상누수,35.8948437,128.6038297,2009-09-25 10:46:00
120,지상누수,35.897077,128.6077305,2009-11-04 14:47:00
121,지상누수,35.8921317,128.6057953,2009-11-06 17:54:00
122,지상누수,35.8921276,128.5969563,2009-11-09 12:05:00
123,지상누수,35.897077,128.6077305,2009-11-14 11:40:00
124,지상누수,35.8930283,128.605446,2009-11-18 13:13:00
125,지상누수,35.8941155,128.607839,2009-11-20 16:10:00
126,지상누수,35.8967631,128.6092371,2009-11-23 14:43:00
127,지상누수,35.8965107,128.598511,2009-12-17 09:07:00
128,지상누수,35.8927563,128.6086165,2009-12-20 09:56:00
129,지상누수,35.8903724,128.6026803,2009-12-24 11:30:00
130,지상누수,35.8964225,128.6083507,2009-12-30 08:41:00
131,지상누수,35.8959332,128.6097411,2010-01-03 08:49:00
132,지상누수,35.8958428,128.6037225,2010-01-06 07:52:00
133,지상누수,35.8949622,128.5982041,2010-01-07 08:28:00
134,지상누수,35.8954002,128.6107026,2010-01-28 11:20:00
135,지상누수,35.8929279,128.6061233,2010-01-28 12:07:00
136,지상누수,35.8930297,128.5985357,2010-01-28 16:01:00
137,지상누수,35.8938019,128.6078556,2010-02-01 09:56:00
138,지하누수,35.8907982,128.6036585,2010-02-18 09:00:00
139,지하누수,35.8909603,128.6027368,2010-02-18 09:00:00
140,지하누수,35.8899651,128.6009332,2010-02-23 09:00:00
141,지하누수,35.8898263,128.6010129,2010-03-05 09:00:00
142,지하누수,35.8907824,128.6046677,2010-03-05 09:00:00
143,지상누수,35.8984009,128.6055977,2010-03-05 09:28:00
144,지상누수,35.8982769,128.605643,2010-03-05 09:48:00
145,지상누수,35.8956008,128.6100887,2010-03-09 16:52:00
146,지하누수,35.8941463,128.5974834,2010-03-10 09:00:00
147,지하누수,35.8947713,128.6010511,2010-03-12 09:00:00
148,지하누수,35.8899459,128.6034124,2010-03-15 09:00:00
149,지상누수,35.8926445,128.6060532,2010-03-18 15:50:00
150,지하누수,35.8960892,128.604461,2010-03-23 09:00:00
151,지상누수,35.8956008,128.6100887,2010-03-30 09:00:00
152,지하누수,35.8971252,128.6023369,2010-04-07 09:00:00
153,지하누수,35.8954293,128.6069041,2010-04-19 09:00:00
154,지하누수,35.8972922,128.6038361,2010-05-03 09:00:00
155,지하누수,35.8963747,128.6116947,2010-05-10 09:00:00
156,지하누수,35.8944211,128.6104858,2010-05-11 09:00:00
157,지하누수,35.8889189,128.6020764,2010-05-13 09:00:00
158,지상누수,35.8929263,128.6060014,2010-05-22 11:12:00
159,지하누수,35.8892473,128.6028408,2010-06-21 09:00:00
160,지상누수,35.8950317,128.6061481,2010-06-24 18:34:00
161,지하누수,35.8968513,128.6079403,2010-07-01 09:00:00
162,지하누수,35.8951854,128.6092512,2010-07-01 09:00:00
163,지하누수,35.8969646,128.6084574,2010-07-01 09:00:00
164,지하누수,35.8937504,128.6065046,2010-07-06 09:00:00
165,지하누수,35.8948467,128.6087656,2010-07-06 09:00:00
166,지하누수,35.8926556,128.6089682,2010-07-06 09:00:00
167,지하누수,35.892427,128.6063502,2010-07-06 09:00:00
168,지상누수,35.8942895,128.6105837,2010-07-06 09:36:00
169,지하누수,35.8907876,128.6044362,2010-07-14 09:00:00
170,지하누수,35.896816,128.6006497,2010-07-15 09:00:00
171,지하누수,35.8965775,128.6025858,2010-07-15 09:00:00
172,지하누수,35.8953107,128.6014414,2010-07-15 09:00:00
173,지하누수,35.8968833,128.6021024,2010-07-15 09:00:00
174,지상누수,35.8952274,128.598819,2010-08-02 09:56:00
175,지상누수,35.8957788,128.6102073,2010-08-02 17:44:00
176,지상누수,35.8940868,128.6042889,2010-08-31 10:26:00
177,지상누수,35.8923093,128.6083009,2010-09-01 15:36:00
178,지상누수,35.8913008,128.6057162,2010-10-03 09:15:00
179,지하누수,35.8927815,128.6090508,2010-10-06 09:00:00
180,지상누수,35.8912155,128.6042629,2010-10-29 10:28:00
181,지상누수,35.8966371,128.5993274,2010-11-01 15:35:00
182,지상누수,35.8930714,128.6079041,2010-11-11 16:33:00
183,지상누수,35.8921406,128.6034955,2010-11-16 10:58:00
184,지상누수,35.894986,128.6116735,2010-11-19 16:44:00
185,지상누수,35.8970059,128.6089159,2010-11-27 18:44:00
186,지상누수,35.8929917,128.6067571,2010-12-03 14:00:00
187,지상누수,35.8952274,128.598819,2010-12-29 14:33:00
188,지상누수,35.8952774,128.6101531,2011-01-03 19:00:00
189,지상누수,35.8959434,128.6082485,2011-01-15 13:44:00
190,지상누수,35.8954002,128.6107026,2011-01-15 17:32:00
191,지상누수,35.8968395,128.6064995,2011-01-16 09:51:00
192,지상누수,35.8938755,128.6048677,2011-01-25 10:40:00
193,지상누수,35.895862,128.6082629,2011-01-26 10:08:00
194,지하누수,35.8914202,128.6062172,2011-01-31 09:00:00
195,지상누수,35.8971507,128.6089729,2011-02-01 13:31:00
196,지상누수,35.8901454,128.6032536,2011-02-03 21:26:00
197,지상누수,35.8944829,128.6086036,2011-02-25 15:52:00
198,지상누수,35.894484,128.6087472,2011-03-03 09:24:00
199,지상누수,35.8955456,128.6022247,2011-03-07 09:04:00
200,지상누수,35.8944692,128.5984373,2011-03-11 09:41:00
201,지상누수,35.8939193,128.5991765,2011-03-17 16:25:00
202,지상누수,35.8947789,128.6033482,2011-03-26 11:21:00
203,지하누수,35.901451,128.6043367,2011-04-05 14:00:00
204,지하누수,35.8949701,128.5979517,2011-04-12 09:00:00
205,지상누수,35.8905587,128.6027877,2011-04-13 13:40:00
206,지상누수,35.8917042,128.5975066,2011-04-18 13:35:00
207,지상누수,35.8924255,128.6048535,2011-04-25 09:30:00
208,지하누수,35.8916066,128.5975266,2011-04-29 09:00:00
209,지상누수,35.8950531,128.6048475,2011-04-29 16:03:00
210,지하누수,35.8956913,128.6069351,2011-05-03 09:00:00
211,지하누수,35.8983695,128.6072313,2011-05-03 09:00:00
212,지하누수,35.8962961,128.6053979,2011-05-03 09:00:00
213,지하누수,35.8937043,128.5989861,2011-05-17 09:00:00
214,지하누수,35.8962765,128.6107413,2011-05-20 09:00:00
215,지하누수,35.8978486,128.6067485,2011-05-26 09:00:00
216,지상누수,35.8968874,128.6031159,2011-06-14 14:11:00
217,지상누수,35.895589,128.6002707,2011-06-20 10:19:00
218,지하누수,35.8950259,128.6069784,2011-06-21 09:00:00
219,지하누수,35.8969425,128.6073039,2011-06-21 09:00:00
220,지상누수,35.8926632,128.6087565,2011-06-25 04:41:00
221,지하누수,35.8968908,128.6068308,2011-07-08 09:00:00
222,지상누수,35.8948435,128.6078796,2011-07-12 09:20:00
223,지상누수,35.8958128,128.6122184,2011-07-12 12:28:00
224,지상누수,35.8951476,128.6104596,2011-07-22 13:30:00
225,지상누수,35.8965336,128.5996083,2011-07-27 10:01:00
226,지상누수,35.8950431,128.5978991,2011-08-16 10:10:00
227,지상누수,35.8950986,128.6053886,2011-09-03 07:33:00
228,지상누수,35.8901998,128.6039509,2011-09-07 08:28:00
229,지상누수,35.8892791,128.6026847,2011-09-24 09:20:00
230,지상누수,35.8919762,128.6057557,2011-10-24 09:38:00
231,지상누수,35.8947138,128.6112679,2011-10-28 10:54:00
232,지하누수,35.8936833,128.5991138,2011-11-04 09:00:00
233,지상누수,35.8924384,128.6066901,2011-11-06 13:19:00
234,지상누수,35.8952274,128.598819,2011-11-15 13:04:00
235,지상누수,35.8944942,128.6004553,2011-11-18 09:20:00
236,지상누수,35.8978484,128.6039147,2011-11-21 13:38:00
237,지상누수,35.8947208,128.6107649,2011-12-01 08:36:00
238,지상누수,35.8974475,128.6082208,2011-12-07 10:42:00
239,지상누수,35.8938053,128.609037,2011-12-10 19:05:00
240,지상누수,35.8918433,128.6064363,2011-12-12 09:55:00
241,지상누수,35.892658,128.597828,2011-12-13 07:31:00
242,지상누수,35.8917398,128.606704,2011-12-13 08:10:00
243,지상누수,35.8924261,128.6064154,2011-12-13 09:41:00
244,지상누수,35.8942835,128.6062351,2011-12-14 07:10:00
245,지상누수,35.8952075,128.610789,2011-12-14 08:14:00
246,지상누수,35.8959807,128.6123805,2011-12-15 10:05:00
247,지상누수,35.8948166,128.6104906,2011-12-16 09:00:00
248,지상누수,35.8931034,128.5975124,2011-12-16 16:45:00
249,지상누수,35.8950004,128.6102705,2011-12-18 08:17:00
250,지상누수,35.8940868,128.6042889,2011-12-19 17:05:00
251,지상누수,35.8980051,128.6067201,2011-12-23 09:31:00
252,지상누수,35.8943564,128.6046949,2011-12-23 09:43:00
253,지상누수,35.8961785,128.600401,2011-12-24 11:40:00
254,지하누수,35.8899212,128.6024098,2011-12-26 09:00:00
255,지상누수,35.8903335,128.6037453,2012-01-03 14:14:00
256,지상누수,35.8963222,128.6016409,2012-01-06 17:34:00
257,지하누수,35.8945457,128.6090655,2012-01-12 09:00:00
258,지하누수,35.8978824,128.6045353,2012-01-12 09:00:00
259,지상누수,35.895344,128.6100321,2012-01-25 14:10:00
260,지상누수,35.8933408,128.6062061,2012-01-30 17:37:00
261,지상누수,35.8947138,128.6112679,2012-02-02 15:22:00
262,지상누수,35.8976809,128.6005573,2012-02-06 11:51:00
263,지상누수,35.8906001,128.6050173,2012-02-06 16:47:00
264,지상누수,35.8935898,128.6044517,2012-02-21 11:41:00
265,지상누수,35.8974475,128.6082208,2012-02-24 10:52:00
266,지상누수,35.8921106,128.6071623,2012-02-29 09:58:00
267,지상누수,35.8963482,128.6060171,2012-03-06 12:54:00
268,지하누수,35.8923845,128.6030124,2012-03-08 09:00:00
269,지하누수,35.8919995,128.597909,2012-03-13 09:00:00
270,지상누수,35.8937121,128.6087386,2012-03-22 17:32:00
271,지상누수,35.8944692,128.5984373,2012-03-27 09:06:00
272,지하누수,35.8971117,128.5998117,2012-04-02 09:00:00
273,지상누수,35.8948508,128.6084893,2012-04-25 13:21:00
274,지상누수,35.8899469,128.6035962,2012-04-30 09:56:00
275,지하누수,35.8958366,128.6107121,2012-05-07 09:00:00
276,지하누수,35.8967516,128.6020507,2012-05-07 09:00:00
277,지상누수,35.8921334,128.6036122,2012-05-08 09:02:00
278,지하누수,35.8908484,128.6031797,2012-05-14 09:00:00
279,지하누수,35.8906725,128.6043161,2012-05-14 09:00:00
280,지상누수,35.888788,128.6021374,2012-05-17 12:51:00
281,지상누수,35.8937121,128.6087386,2012-05-24 12:53:00
282,지상누수,35.8950436,128.6055463,2012-06-04 09:01:00
283,지하누수,35.8962062,128.6043354,2012-06-21 09:00:00
284,지하누수,35.8917457,128.6065576,2012-06-21 09:00:00
285,지상누수,35.8961893,128.6011194,2012-07-05 16:57:00
286,지상누수,35.8942875,128.6098293,2012-07-30 02:35:00
287,지상누수,35.8940889,128.6099565,2012-08-21 16:03:00
288,지상누수,35.8914124,128.5968645,2012-08-30 09:18:00
289,지하누수,35.8916059,128.6059874,2012-09-06 09:00:00
290,지상누수,35.8965721,128.6112018,2012-09-11 14:37:00
291,지하누수,35.8941673,128.6102928,2012-09-18 09:00:00
292,지하누수,35.8971366,128.6013529,2012-09-19 09:00:00
293,지하누수,35.8951971,128.6068576,2012-09-21 09:00:00
294,지하누수,35.8934617,128.5984185,2012-09-21 09:00:00
295,지상누수,35.8964534,128.607266,2012-09-21 13:38:00
296,지상누수,35.8948166,128.6104906,2012-09-24 08:49:00
297,지상누수,35.8941288,128.5978432,2012-09-28 17:27:00
298,지하누수,35.8924513,128.596775,2012-10-17 09:00:00
299,지하누수,35.8930076,128.5976732,2012-10-17 09:00:00
300,지상누수,35.8919494,128.6032447,2012-10-22 10:55:00
301,지상누수,35.8899349,128.6025993,2012-10-24 09:25:00
302,지상누수,35.8940868,128.6042889,2012-10-26 10:56:00
303,지하누수,35.8959163,128.6058311,2012-11-19 09:00:00
304,지상누수,35.8952507,128.598274,2012-11-27 08:50:00
305,지상누수,35.894859,128.6107751,2012-12-02 09:09:00
306,지상누수,35.8918834,128.6050608,2012-12-04 12:32:00
307,지상누수,35.894585,128.6053741,2012-12-06 08:19:00
308,지상누수,35.8905349,128.6033322,2012-12-10 16:47:00
309,지상누수,35.8939062,128.6061585,2012-12-20 16:40:00
310,지상누수,35.8967216,128.6108766,2012-12-24 10:28:00
311,긴급공사,35.890267,128.6038772,2013-01-03 12:59:00
312,지상누수,35.890267,128.6038772,2013-01-03 12:59:00
313,긴급공사,35.8919787,128.5968683,2013-01-05 06:32:00
314,지상누수,35.8919607,128.5968657,2013-01-05 06:32:00
315,긴급공사,35.8966439,128.6027469,2013-01-05 11:42:00
316,지상누수,35.8966439,128.6027469,2013-01-05 11:42:00
317,지상누수,35.8959559,128.6044328,2013-01-09 12:17:00
318,긴급공사,35.8959559,128.6044328,2013-01-09 12:17:00
319,긴급공사,35.8963635,128.6005926,2013-01-13 10:30:00
320,지상누수,35.8963635,128.6005926,2013-01-13 10:30:00
321,지상누수,35.8976705,128.6018008,2013-01-17 12:49:00
322,긴급공사,35.8976705,128.6018008,2013-01-17 12:49:00
323,지상누수,35.8970288,128.6009761,2013-01-26 11:02:00
324,긴급공사,35.8970288,128.6009761,2013-01-26 11:02:00
325,긴급공사,35.8963146,128.6087015,2013-01-29 09:00:00
326,지상누수,35.8963992,128.5987661,2013-01-29 10:30:00
327,긴급공사,35.8963992,128.5987661,2013-01-29 10:30:00
328,긴급공사,35.8964105,128.5988983,2013-01-29 17:03:00
329,지상누수,35.8964105,128.5988983,2013-01-29 17:03:00
330,긴급공사,35.890609,128.6032882,2013-02-04 11:19:00
331,지상누수,35.890609,128.6032882,2013-02-04 11:19:00
332,지상누수,35.8930396,128.6087085,2013-02-14 08:48:00
333,긴급공사,35.8930396,128.6087085,2013-02-14 08:48:00
334,지상누수,35.8909028,128.6040928,2013-02-15 11:18:00
335,긴급공사,35.8909028,128.6040928,2013-02-15 11:18:00
336,지상누수,35.8980324,128.6046759,2013-02-21 12:43:00
337,긴급공사,35.8980324,128.6046759,2013-02-21 12:43:00
338,지하누수,35.8944037,128.6041922,2013-02-25 09:00:00
339,긴급공사,35.8944037,128.6041922,2013-02-25 09:00:00
340,지하누수,35.8916117,128.6065452,2013-02-27 09:00:00
341,지하누수,35.8916117,128.6065452,2013-02-27 09:00:00
342,긴급공사,35.8927626,128.6040563,2013-03-05 09:45:00
343,지상누수,35.8927626,128.6040563,2013-03-05 09:45:00
344,지상누수,35.8957541,128.612599,2013-03-22 13:24:00
345,긴급공사,35.8970207,128.6069701,2013-04-03 11:16:00
346,지상누수,35.8970207,128.6069701,2013-04-03 11:16:00
347,지상누수,35.8940245,128.6093829,2013-04-17 09:21:00
348,긴급공사,35.8940245,128.6093829,2013-04-17 09:21:00
349,지상누수,35.895344,128.6100321,2013-04-24 18:38:00
350,긴급공사,35.895344,128.6100321,2013-04-24 18:38:00
351,긴급공사,35.8964988,128.6085216,2013-04-29 12:03:00
352,지상누수,35.8964988,128.6085216,2013-04-29 12:03:00
353,긴급공사,35.8922664,128.6035592,2013-05-21 10:00:00
354,지상누수,35.8922664,128.6035592,2013-05-21 10:00:00
355,긴급공사,35.8938053,128.609037,2013-06-04 09:00:00
356,지하누수,35.8938053,128.609037,2013-06-04 09:00:00
357,지하누수,35.892493,128.6053595,2013-06-04 09:00:00
358,긴급공사,35.892493,128.6053595,2013-06-04 09:00:00
359,지상누수,35.8958679,128.6034297,2013-06-04 10:47:00
360,긴급공사,35.8958679,128.6034297,2013-06-04 10:47:00
361,긴급공사,35.8975383,128.6066399,2013-06-07 09:34:00
362,지상누수,35.8975383,128.6066399,2013-06-07 09:34:00
363,지상누수,35.8935864,128.6046368,2013-06-07 13:28:00
364,긴급공사,35.8935864,128.6046368,2013-06-07 13:28:00
365,긴급공사,35.8937026,128.608004,2013-06-11 09:00:00
366,지하누수,35.8937026,128.608004,2013-06-11 09:00:00
367,긴급공사,35.8938019,128.6078556,2013-06-21 09:00:00
368,지하누수,35.8938019,128.6078556,2013-06-21 09:00:00
369,긴급공사,35.8944754,128.6077617,2013-06-29 09:00:00
370,지하누수,35.8944754,128.6077617,2013-06-29 09:00:00
371,지하누수,35.8924757,128.6060081,2013-07-01 08:00:00
372,긴급공사,35.8924757,128.6060081,2013-07-01 08:00:00
373,지상누수,35.8935602,128.5984186,2013-07-01 17:41:00
374,긴급공사,35.8935602,128.5984186,2013-07-01 17:41:00
375,지하누수,35.8924787,128.605816,2013-07-16 08:00:00
376,지하누수,35.8916054,128.6066892,2013-07-16 08:00:00
377,긴급공사,35.8924787,128.605816,2013-07-16 08:00:00
378,지상누수,35.8942994,128.6059823,2013-07-25 16:35:00
379,긴급공사,35.8942994,128.6059823,2013-07-25 16:35:00
380,지상누수,35.8947855,128.6115404,2013-07-29 14:58:00
381,긴급공사,35.8944278,128.6099339,2013-07-30 11:33:00
382,지상누수,35.8944278,128.6099339,2013-07-30 11:33:00
383,지상누수,35.8952943,128.6093955,2013-08-26 11:08:00
384,긴급공사,35.8952943,128.6093955,2013-08-26 11:08:00
385,지상누수,35.8959285,128.612761,2013-08-27 13:18:00
386,긴급공사,35.8945009,128.6106126,2013-08-30 14:50:00
387,지상누수,35.8945009,128.6106126,2013-08-30 14:50:00
388,지상누수,35.8959285,128.612761,2013-08-31 06:15:00
389,긴급공사,35.8917172,128.6032125,2013-08-31 15:34:00
390,지상누수,35.8917172,128.6032125,2013-08-31 15:34:00
391,긴급공사,35.8968985,128.5996514,2013-09-23 16:52:00
392,지상누수,35.8968985,128.5996514,2013-09-23 16:52:00
393,긴급공사,35.8896873,128.6025124,2013-10-04 10:01:00
394,지상누수,35.8896873,128.6025124,2013-10-04 10:01:00
395,지상누수,35.8969769,128.6102656,2013-10-09 18:01:00
396,긴급공사,35.8969769,128.6102656,2013-10-09 18:01:00
397,긴급공사,35.8980531,128.6052826,2013-10-21 09:16:00
398,지상누수,35.8980531,128.6052826,2013-10-21 09:16:00
399,지상누수,35.8920494,128.6057983,2013-10-23 10:36:00
400,긴급공사,35.8920494,128.6057983,2013-10-23 10:36:00
401,지상누수,35.8954183,128.6116362,2013-10-25 11:06:00
402,긴급공사,35.8954183,128.6116362,2013-10-25 11:06:00
403,지상누수,35.8930412,128.6055699,2013-11-06 15:58:00
404,긴급공사,35.8930412,128.6055699,2013-11-06 15:58:00
405,긴급공사,35.897229,128.6064352,2013-11-09 17:23:00
406,지상누수,35.897229,128.6064352,2013-11-09 17:23:00
407,긴급공사,35.8956034,128.6048453,2013-11-14 07:18:00
408,지상누수,35.8955753,128.6048381,2013-11-14 07:18:00
409,지하누수,35.8920735,128.6055943,2013-11-20 09:00:00
410,긴급공사,35.8920735,128.6055943,2013-11-20 09:00:00
411,긴급공사,35.8924459,128.6078682,2013-11-20 13:56:00
412,지상누수,35.8924459,128.6078682,2013-11-20 13:56:00
413,지상누수,35.8968767,128.6080844,2013-11-20 16:14:00
414,긴급공사,35.8968767,128.6080844,2013-11-20 16:14:00
415,긴급공사,35.8931545,128.605574,2013-12-18 17:50:00
416,지상누수,35.8931545,128.605574,2013-12-18 17:50:00
417,긴급공사,35.8897072,128.6028817,2013-12-24 16:26:00
418,지상누수,35.8897072,128.6028817,2013-12-24 16:26:00
419,긴급공사,35.8961112,128.6001309,2013-12-26 09:00:00
420,긴급공사,35.8966439,128.6027469,2013-12-29 14:34:00
421,지상누수,35.8966439,128.6027469,2013-12-29 14:34:00
422,지상누수,35.8938019,128.6078556,2014-01-27 14:56:00
423,긴급공사,35.8938019,128.6078556,2014-01-27 14:56:00
424,긴급공사,35.8936796,128.6034325,2014-02-04 08:00:00
425,지하누수,35.8918673,128.5973152,2014-02-17 17:25:00
426,긴급공사,35.8918673,128.5973152,2014-02-17 17:25:00
427,지상누수,35.8978547,128.6071543,2014-03-03 10:30:00
428,긴급공사,35.8978547,128.6071543,2014-03-03 10:30:00
429,긴급공사,35.8966676,128.6094023,2014-03-11 14:09:00
430,지상누수,35.8966676,128.6094023,2014-03-11 14:09:00
431,긴급공사,35.8921334,128.6036122,2014-03-31 15:14:00
432,지상누수,35.8921334,128.6036122,2014-03-31 15:14:00
433,긴급공사,35.8976449,128.6077196,2014-04-08 11:36:00
434,지상누수,35.8976449,128.6077196,2014-04-08 11:36:00
435,긴급공사,35.8913697,128.6059763,2014-04-10 10:20:00
436,지상누수,35.8913697,128.6059763,2014-04-10 10:20:00
437,긴급공사,35.8965019,128.6100277,2014-04-11 14:09:00
438,지상누수,35.8965019,128.6100277,2014-04-11 14:09:00
439,긴급공사,35.8967871,128.6097942,2014-04-14 14:38:00
440,지상누수,35.8967871,128.6097942,2014-04-14 14:38:00
441,지상누수,35.8957862,128.5993193,2014-04-17 16:09:00
442,긴급공사,35.8958309,128.5993167,2014-04-17 16:09:00
443,지상누수,35.8976136,128.6049804,2014-04-23 13:34:00
444,긴급공사,35.8976136,128.6049804,2014-04-23 13:34:00
445,지상누수,35.8952054,128.597639,2014-05-02 15:07:00
446,긴급공사,35.8952054,128.597639,2014-05-02 15:07:00
447,지상누수,35.89267,128.6042972,2014-05-05 11:20:00
448,긴급공사,35.89267,128.6042972,2014-05-05 11:20:00
449,긴급공사,35.8967871,128.6097942,2014-05-07 11:43:00
450,지상누수,35.8967871,128.6097942,2014-05-07 11:43:00
451,지상누수,35.8929835,128.5978688,2014-05-10 08:51:00
452,긴급공사,35.8929835,128.5978688,2014-05-10 08:51:00
453,긴급공사,35.8981994,128.60719,2014-05-21 09:03:00
454,지상누수,35.8981994,128.60719,2014-05-21 09:03:00
455,지상누수,35.8980786,128.6072778,2014-05-23 11:07:00
456,긴급공사,35.8980786,128.6072778,2014-05-23 11:07:00
457,지상누수,35.8968908,128.6068308,2014-05-26 16:28:00
458,긴급공사,35.8968908,128.6068308,2014-05-26 16:28:00
459,긴급공사,35.8974142,128.606475,2014-05-30 09:25:00
460,지상누수,35.8974142,128.606475,2014-05-30 09:25:00
461,긴급공사,35.8950104,128.610865,2014-05-31 14:24:00
462,지상누수,35.8950104,128.610865,2014-05-31 14:24:00
463,긴급공사,35.8982902,128.6070869,2014-06-09 09:11:00
464,지상누수,35.8982902,128.6070869,2014-06-09 09:11:00
465,긴급공사,35.8903448,128.603526,2014-06-10 11:44:00
466,지상누수,35.8903448,128.603526,2014-06-10 11:44:00
467,긴급공사,35.8901375,128.6034434,2014-06-10 13:48:00
468,지상누수,35.8901375,128.6034434,2014-06-10 13:48:00
469,지상누수,35.8902302,128.6035788,2014-06-10 13:49:00
470,긴급공사,35.8902302,128.6035788,2014-06-10 13:49:00
471,지상누수,35.8979908,128.6069095,2014-06-12 10:07:00
472,긴급공사,35.8979908,128.6069095,2014-06-12 10:07:00
473,지상누수,35.8980616,128.6070068,2014-06-12 10:49:00
474,긴급공사,35.8980616,128.6070068,2014-06-12 10:49:00
475,지상누수,35.8924255,128.6048535,2014-06-16 14:24:00
476,긴급공사,35.8924255,128.6048535,2014-06-16 14:24:00
477,지상누수,35.8975337,128.6080701,2014-06-17 15:31:00
478,긴급공사,35.8975337,128.6080701,2014-06-17 15:31:00
479,긴급공사,35.8974615,128.607512,2014-06-26 10:21:00
480,지상누수,35.8974615,128.607512,2014-06-26 10:21:00
481,긴급공사,35.8912052,128.6036036,2014-06-29 13:10:00
482,지상누수,35.8912052,128.6036036,2014-06-29 13:10:00
483,지하누수,35.8932908,128.6053603,2014-06-30 08:42:00
484,긴급공사,35.8932908,128.6053603,2014-06-30 08:42:00
485,긴급공사,35.8920494,128.6057983,2014-07-01 08:00:00
486,지하누수,35.8920494,128.6057983,2014-07-01 08:00:00
487,긴급공사,35.8964762,128.606353,2014-07-02 10:35:00
488,지상누수,35.8964762,128.606353,2014-07-02 10:35:00
489,지상누수,35.8960033,128.6113524,2014-07-04 10:28:00
490,긴급공사,35.8960033,128.6113524,2014-07-04 10:28:00
491,지하누수,35.8939763,128.6096061,2014-07-04 16:51:00
492,긴급공사,35.8939763,128.6096061,2014-07-04 16:51:00
493,지상누수,35.8969784,128.6055193,2014-07-12 14:57:00
494,긴급공사,35.8969784,128.6055193,2014-07-12 14:57:00
495,지상누수,35.8966922,128.6062421,2014-07-15 11:43:00
496,긴급공사,35.8966922,128.6062421,2014-07-15 11:43:00
497,지상누수,35.8980051,128.6067201,2014-07-22 12:50:00
498,긴급공사,35.8980051,128.6067201,2014-07-22 12:50:00
499,긴급공사,35.8969911,128.6067829,2014-07-29 14:11:00
500,지상누수,35.8969911,128.6067829,2014-07-29 14:11:00
501,지상누수,35.8962384,128.6117154,2014-08-13 15:31:00
502,긴급공사,35.8962384,128.6117154,2014-08-13 15:31:00
503,긴급공사,35.8972341,128.6058311,2014-08-17 10:17:00
504,지상누수,35.8972341,128.6058311,2014-08-17 10:17:00
505,긴급공사,35.8952774,128.6101531,2014-08-18 14:37:00
506,지상누수,35.8952774,128.6101531,2014-08-18 14:37:00
507,긴급공사,35.892329,128.597797,2014-08-29 09:13:00
508,지상누수,35.892329,128.597797,2014-08-29 09:13:00
509,긴급공사,35.8965674,128.6053964,2014-09-01 11:45:00
510,지상누수,35.8965674,128.6053964,2014-09-01 11:45:00
511,긴급공사,35.8952774,128.6101531,2014-09-02 09:36:00
512,지상누수,35.8952774,128.6101531,2014-09-02 09:36:00
513,긴급공사,35.892329,128.597797,2014-09-02 11:04:00
514,지상누수,35.892329,128.597797,2014-09-02 11:04:00
515,긴급공사,35.8957088,128.6050327,2014-09-04 09:03:00
516,지하누수,35.8957088,128.6050327,2014-09-04 09:03:00
517,지하누수,35.8928402,128.5971616,2014-09-04 09:05:00
518,지하누수,35.8969261,128.60018,2014-09-04 09:06:00
519,긴급공사,35.8969261,128.60018,2014-09-04 09:06:00
520,긴급공사,35.8976595,128.601949,2014-09-04 09:08:00
521,지하누수,35.8976595,128.601949,2014-09-04 09:08:00
522,지상누수,35.8943345,128.6096066,2014-09-11 12:52:00
523,긴급공사,35.8943345,128.6096066,2014-09-11 12:52:00
524,지상누수,35.8968636,128.6085935,2014-09-19 15:01:00
525,긴급공사,35.8968636,128.6085935,2014-09-19 15:01:00
526,지상누수,35.8985775,128.6043622,2014-10-03 13:50:00
527,긴급공사,35.8985775,128.6043622,2014-10-03 13:50:00
528,지상누수,35.8915586,128.6029318,2014-10-05 12:21:00
529,긴급공사,35.8915586,128.6029318,2014-10-05 12:21:00
530,긴급공사,35.8975523,128.6040497,2014-10-06 12:28:00
531,지하누수,35.8975523,128.6040497,2014-10-06 12:28:00
532,지하누수,35.8913343,128.6028039,2014-10-06 12:55:00
533,긴급공사,35.8913343,128.6028039,2014-10-06 12:55:00
534,지하누수,35.8949938,128.6000525,2014-10-10 13:12:00
535,긴급공사,35.8949938,128.6000525,2014-10-10 13:12:00
536,지하누수,35.8952894,128.6011513,2014-10-10 13:13:00
537,긴급공사,35.8952894,128.6011513,2014-10-10 13:13:00
538,지상누수,35.8967756,128.6080835,2014-10-13 13:46:00
539,긴급공사,35.8967756,128.6080835,2014-10-13 13:46:00
540,긴급공사,35.8948172,128.6029839,2014-10-15 10:32:00
541,지상누수,35.8948172,128.6029839,2014-10-15 10:32:00
542,긴급공사,35.8984111,128.6057109,2014-10-15 11:04:00
543,지하누수,35.8984111,128.6057109,2014-10-15 11:04:00
544,지상누수,35.8919728,128.6056276,2014-10-24 10:48:00
545,긴급공사,35.8919728,128.6056276,2014-10-24 10:48:00
546,긴급공사,35.8978985,128.6080259,2014-11-04 11:17:00
547,긴급공사,35.8985563,128.6045313,2014-11-09 09:46:00
548,지상누수,35.8985563,128.6045313,2014-11-09 09:46:00
549,긴급공사,35.8933097,128.6063765,2014-11-17 08:30:00
550,긴급공사,35.8952784,128.6102857,2014-11-17 09:12:00
551,지상누수,35.8966845,128.6057377,2014-11-17 15:21:00
552,긴급공사,35.8966845,128.6057377,2014-11-17 15:21:00
553,긴급공사,35.8922944,128.6080842,2014-11-22 08:51:00
554,지상누수,35.8922944,128.6080842,2014-11-22 08:51:00
555,긴급공사,35.8966819,128.6057206,2014-11-27 09:51:00
556,지상누수,35.8951718,128.6005814,2014-12-03 09:01:00
557,긴급공사,35.8951718,128.6005814,2014-12-03 09:01:00
558,긴급공사,35.8951438,128.6105719,2014-12-04 10:50:00
559,지상누수,35.8951438,128.6105719,2014-12-04 10:50:00
560,지상누수,35.8897832,128.603003,2014-12-09 09:27:00
561,긴급공사,35.8897832,128.603003,2014-12-09 09:27:00
562,지하누수,35.8919186,128.5967396,2014-12-11 09:56:00
563,긴급공사,35.8919186,128.5967396,2014-12-11 09:56:00
564,지하누수,35.8895971,128.601464,2014-12-13 14:54:00
565,긴급공사,35.8895971,128.601464,2014-12-13 14:54:00
566,지상누수,35.8905349,128.6033322,2014-12-17 15:17:00
567,긴급공사,35.8905349,128.6033322,2014-12-17 15:17:00
568,긴급공사,35.8906662,128.6032595,2014-12-19 17:08:00
569,지하누수,35.8906662,128.6032595,2014-12-19 17:08:00
570,지상누수,35.8969782,128.6081873,2014-12-21 17:13:00
571,긴급공사,35.8969782,128.6081873,2014-12-21 17:13:00
572,지상누수,35.8893295,128.6025162,2014-12-22 11:36:00
573,긴급공사,35.8893295,128.6025162,2014-12-22 11:36:00
574,지상누수,35.8962765,128.6107413,2014-12-30 13:39:00
575,긴급공사,35.8962765,128.6107413,2014-12-30 13:39:00
576,지상누수,35.8922573,128.6037306,2015-01-02 09:33:00
577,긴급공사,35.8922573,128.6037306,2015-01-02 09:33:00
578,긴급공사,35.894912,128.5983583,2015-01-06 16:44:00
579,지하누수,35.894912,128.5983583,2015-01-06 16:44:00
580,긴급공사,35.8947208,128.6107649,2015-01-08 13:02:00
581,지상누수,35.8947208,128.6107649,2015-01-08 13:02:00
582,지상누수,35.8919042,128.6053562,2015-01-08 17:17:00
583,긴급공사,35.8919042,128.6053562,2015-01-08 17:17:00
584,긴급공사,35.8981991,128.6053031,2015-01-09 11:37:00
585,지상누수,35.8981991,128.6053031,2015-01-09 11:37:00
586,지상누수,35.8901949,128.6037756,2015-01-12 09:53:00
587,긴급공사,35.8901949,128.6037756,2015-01-12 09:53:00
588,긴급공사,35.8964916,128.6090544,2015-01-14 09:00:00
589,긴급공사,35.8965019,128.6100277,2015-01-15 09:00:00
590,지상누수,35.8972472,128.6082531,2015-01-18 11:32:00
591,긴급공사,35.8972472,128.6082531,2015-01-18 11:32:00
592,긴급공사,35.8947971,128.6062486,2015-01-19 09:57:00
593,지상누수,35.8947971,128.6062486,2015-01-19 09:57:00
594,지상누수,35.8954002,128.6107026,2015-01-21 11:28:00
595,긴급공사,35.8954002,128.6107026,2015-01-21 11:28:00
596,지상누수,35.8937242,128.5986387,2015-02-09 10:45:00
597,긴급공사,35.8937242,128.5986387,2015-02-09 10:45:00
598,지상누수,35.8959188,128.6064294,2015-03-19 15:03:00
599,긴급공사,35.8959188,128.6064294,2015-03-19 15:03:00
600,지상누수,35.8921385,128.6031806,2015-04-09 13:15:00
601,긴급공사,35.8921385,128.6031806,2015-04-09 13:15:00
602,지상누수,35.8935454,128.6092832,2015-04-13 14:51:00
603,긴급공사,35.8935454,128.6092832,2015-04-13 14:51:00
604,지상누수,35.8937944,128.5979538,2015-04-16 14:14:00
605,긴급공사,35.8937944,128.5979538,2015-04-16 14:14:00
606,지상누수,35.8945367,128.6084726,2015-04-22 14:40:00
607,긴급공사,35.8945367,128.6084726,2015-04-22 14:40:00
608,긴급공사,35.8917993,128.605036,2015-04-23 17:36:00
609,지상누수,35.8917993,128.605036,2015-04-23 17:36:00
610,긴급공사,35.8935032,128.6074268,2015-04-24 10:54:00
611,지상누수,35.8935032,128.6074268,2015-04-24 10:54:00
612,긴급공사,35.8961165,128.609198,2015-04-27 16:30:00
613,지상누수,35.8961165,128.609198,2015-04-27 16:30:00
614,긴급공사,35.8889357,128.6022712,2015-05-08 09:00:00
615,지상누수,35.8961666,128.6033412,2015-05-18 10:53:00
616,긴급공사,35.8961666,128.6033412,2015-05-18 10:53:00
617,지상누수,35.8898136,128.6014157,2015-05-19 11:08:00
618,긴급공사,35.8898136,128.6014157,2015-05-19 11:08:00
619,지상누수,35.89738,128.6030015,2015-05-22 09:34:00
620,긴급공사,35.89738,128.6030015,2015-05-22 09:34:00
621,지상누수,35.8925655,128.5980831,2015-05-26 15:09:00
622,긴급공사,35.8925655,128.5980831,2015-05-26 15:09:00
623,긴급공사,35.8916085,128.5981186,2015-05-28 09:20:00
624,긴급공사,35.8913032,128.603715,2015-06-10 13:12:00
625,지상누수,35.8913032,128.603715,2015-06-10 13:12:00
626,긴급공사,35.8926596,128.6056473,2015-06-11 09:35:00
627,지상누수,35.8926596,128.6056473,2015-06-11 09:35:00
628,지상누수,35.8940402,128.6087462,2015-06-13 15:12:00
629,긴급공사,35.8940402,128.6087462,2015-06-13 15:12:00
630,지상누수,35.8924757,128.6060081,2015-06-20 11:13:00
631,긴급공사,35.8924757,128.6060081,2015-06-20 11:13:00
632,지하누수,35.8924093,128.606037,2015-06-23 11:15:00
633,긴급공사,35.8924093,128.606037,2015-06-23 11:15:00
634,지하누수,35.892233,128.6062489,2015-06-25 10:29:00
635,긴급공사,35.892233,128.6062489,2015-06-25 10:29:00
636,긴급공사,35.89565,128.6023315,2015-07-06 07:16:00
637,지하누수,35.89565,128.6023315,2015-07-06 07:16:00
638,긴급공사,35.8915864,128.5982966,2015-07-06 09:03:00
639,지하누수,35.8915864,128.5982966,2015-07-06 09:03:00
640,긴급공사,35.8937338,128.60859,2015-07-13 16:20:00
641,지하누수,35.8937338,128.60859,2015-07-13 16:20:00
642,지상누수,35.8980616,128.6070068,2015-07-14 10:36:00
643,긴급공사,35.8980616,128.6070068,2015-07-14 10:36:00
644,지상누수,35.8973992,128.6061994,2015-07-17 15:01:00
645,긴급공사,35.8973992,128.6061994,2015-07-17 15:01:00
646,지상누수,35.897636,128.606506,2015-07-21 14:43:00
647,긴급공사,35.897636,128.606506,2015-07-21 14:43:00
648,긴급공사,35.8967886,128.5994594,2015-08-03 09:06:00
649,지상누수,35.8967886,128.5994594,2015-08-03 09:06:00
650,지상누수,35.8947494,128.6108966,2015-08-05 14:51:00
651,긴급공사,35.8947494,128.6108966,2015-08-05 14:51:00
652,긴급공사,35.8949248,128.6113522,2015-08-14 14:43:00
653,긴급공사,35.8964398,128.6101538,2015-08-21 11:38:00
654,지상누수,35.8964398,128.6101538,2015-08-21 11:38:00
655,지상누수,35.8940889,128.6099565,2015-08-23 16:07:00
656,긴급공사,35.8940889,128.6099565,2015-08-23 16:07:00
657,지하누수,35.8905487,128.6031583,2015-09-01 09:15:00
658,긴급공사,35.8905487,128.6031583,2015-09-01 09:15:00
659,지하누수,35.890282,128.6036756,2015-09-01 09:16:00
660,긴급공사,35.890282,128.6036756,2015-09-01 09:16:00
661,지하누수,35.8916774,128.6029474,2015-09-03 13:04:00
662,긴급공사,35.8916774,128.6029474,2015-09-03 13:04:00
663,지상누수,35.8966605,128.6105849,2015-09-03 13:53:00
664,긴급공사,35.8966605,128.6105849,2015-09-03 13:53:00
665,지상누수,35.8970081,128.6100978,2015-09-20 13:23:00
666,지상누수,35.8938858,128.6098006,2015-09-22 10:46:00
667,긴급공사,35.8938858,128.6098006,2015-09-22 10:46:00
668,긴급공사,35.8912517,128.5982398,2015-10-05 12:13:00
669,지상누수,35.8912517,128.5982398,2015-10-05 12:13:00
670,긴급공사,35.8951477,128.6098643,2015-10-07 10:40:00
671,지하누수,35.8951477,128.6098643,2015-10-07 10:40:00
672,긴급공사,35.8959292,128.5997721,2015-10-16 11:46:00
673,지상누수,35.8959292,128.5997721,2015-10-16 11:46:00
674,긴급공사,35.8913465,128.5973101,2015-10-26 15:22:00
675,지상누수,35.8913465,128.5973101,2015-10-26 15:22:00
676,지상누수,35.8948508,128.6084893,2015-10-28 13:39:00
677,긴급공사,35.8948508,128.6084893,2015-10-28 13:39:00
678,지상누수,35.8969841,128.60109,2015-11-09 11:21:00
679,긴급공사,35.8969841,128.60109,2015-11-09 11:21:00
680,긴급공사,35.8972954,128.6046739,2015-11-12 12:34:00
681,지상누수,35.8972954,128.6046739,2015-11-12 12:34:00
682,지상누수,35.8940716,128.6047604,2015-11-19 09:03:00
683,긴급공사,35.8940716,128.6047604,2015-11-19 09:03:00
684,지상누수,35.8968874,128.6031159,2015-11-24 14:29:00
685,긴급공사,35.8968874,128.6031159,2015-11-24 14:29:00
686,지상누수,35.8961586,128.6031679,2015-11-26 09:42:00
687,긴급공사,35.8961586,128.6031679,2015-11-26 09:42:00
688,긴급공사,35.8918834,128.6050608,2015-12-04 13:05:00
689,지상누수,35.8918834,128.6050608,2015-12-04 13:05:00
690,지상누수,35.8931563,128.6090031,2015-12-08 16:05:00
691,긴급공사,35.8931563,128.6090031,2015-12-08 16:05:00
692,지상누수,35.8960005,128.6017319,2015-12-14 13:33:00
693,긴급공사,35.8960005,128.6017319,2015-12-14 13:33:00
694,긴급공사,35.8937019,128.6078629,2015-12-30 09:12:00
695,지상누수,35.8937019,128.6078629,2015-12-30 09:12:00
696,지상누수,35.8959292,128.5997721,2016-01-12 11:12:00
697,긴급공사,35.8959292,128.5997721,2016-01-12 11:12:00
698,긴급공사,35.8938931,128.6055682,2016-01-14 14:23:00
699,지상누수,35.8938931,128.6055682,2016-01-14 14:23:00
700,긴급공사,35.8908924,128.603033,2016-01-14 15:01:00
701,지하누수,35.8908924,128.603033,2016-01-14 15:01:00
702,지하누수,35.8953065,128.6067474,2016-01-19 13:15:00
703,긴급공사,35.8953065,128.6067474,2016-01-19 13:15:00
704,지상누수,35.8979762,128.603352,2016-01-20 11:03:00
705,긴급공사,35.8979762,128.603352,2016-01-20 11:03:00
706,긴급공사,35.8945458,128.6062248,2016-01-21 09:25:00
707,지하누수,35.8945458,128.6062248,2016-01-21 09:25:00
708,긴급공사,35.8964003,128.6048753,2016-01-22 10:08:00
709,지상누수,35.8964003,128.6048753,2016-01-22 10:08:00
710,지상누수,35.8917564,128.6040532,2016-01-24 08:10:00
711,긴급공사,35.8917564,128.6040532,2016-01-24 08:10:00
712,긴급공사,35.8961129,128.6042063,2016-01-29 10:03:00
713,지상누수,35.8961129,128.6042063,2016-01-29 10:03:00
714,긴급공사,35.8913465,128.5973101,2016-01-30 12:39:00
715,지상누수,35.8913465,128.5973101,2016-01-30 12:39:00
716,긴급공사,35.8972954,128.6046739,2016-02-02 08:09:00
717,지상누수,35.8972954,128.6046739,2016-02-02 08:09:00
718,지상누수,35.897163,128.6040123,2016-02-03 09:10:00
719,긴급공사,35.897163,128.6040123,2016-02-03 09:10:00
720,지상누수,35.897172,128.6035242,2016-02-03 16:22:00
721,긴급공사,35.897172,128.6035242,2016-02-03 16:22:00
722,지상누수,35.891653,128.6026597,2016-02-05 09:58:00
723,긴급공사,35.8945027,128.6100288,2016-02-15 10:55:00
724,지상누수,35.8945027,128.6100288,2016-02-15 10:55:00
725,지하누수,35.8937662,128.5975818,2016-02-17 09:52:00
726,긴급공사,35.8937662,128.5975818,2016-02-17 09:52:00
727,긴급공사,35.8906845,128.6035591,2016-02-17 10:03:00
728,지하누수,35.8906845,128.6035591,2016-02-17 10:03:00
729,지상누수,35.893,128.6091518,2016-02-23 15:24:00
730,긴급공사,35.893,128.6091518,2016-02-23 15:24:00
731,긴급공사,35.8929347,128.6089261,2016-02-24 08:59:00
732,지상누수,35.8929347,128.6089261,2016-02-24 08:59:00
733,지상누수,35.8977553,128.6038483,2016-02-24 10:11:00
734,긴급공사,35.8977553,128.6038483,2016-02-24 10:11:00
735,지상누수,35.8964629,128.6030102,2016-02-26 10:01:00
736,긴급공사,35.8964629,128.6030102,2016-02-26 10:01:00
737,긴급공사,35.8954223,128.6087186,2016-02-29 14:37:00
738,지하누수,35.8954223,128.6087186,2016-02-29 14:37:00
739,긴급공사,35.8949121,128.5981508,2016-03-02 12:48:00
740,지하누수,35.8949121,128.5981508,2016-03-02 12:48:00
741,긴급공사,35.894565,128.5981758,2016-03-02 14:59:00
742,지하누수,35.894565,128.5981758,2016-03-02 14:59:00
743,지하누수,35.8977425,128.5987645,2016-03-03 08:49:00
744,긴급공사,35.8977425,128.5987645,2016-03-03 08:49:00
745,지하누수,35.8968109,128.59946,2016-03-03 08:51:00
746,긴급공사,35.8968109,128.59946,2016-03-03 08:51:00
747,긴급공사,35.8951768,128.6018861,2016-03-07 10:09:00
748,지하누수,35.8951768,128.6018861,2016-03-07 10:09:00
749,긴급공사,35.8913465,128.5973101,2016-03-07 14:35:00
750,지상누수,35.8913465,128.5973101,2016-03-07 14:35:00
751,긴급공사,35.8948091,128.6090867,2016-03-10 14:55:00
752,지상누수,35.8948091,128.6090867,2016-03-10 14:55:00
753,긴급공사,35.8971634,128.6038306,2016-03-14 17:56:00
754,지하누수,35.8971634,128.6038306,2016-03-14 17:56:00
755,긴급공사,35.8929457,128.6086222,2016-03-16 12:00:00
756,지상누수,35.8929457,128.6086222,2016-03-16 12:00:00
757,지상누수,35.8917137,128.5961183,2016-03-16 16:32:00
758,긴급공사,35.8917137,128.5961183,2016-03-16 16:32:00
759,지상누수,35.8979053,128.607681,2016-03-18 09:59:00
760,긴급공사,35.8979053,128.607681,2016-03-18 09:59:00
761,지하누수,35.8944989,128.6060147,2016-03-18 13:02:00
762,긴급공사,35.8946029,128.6061338,2016-03-18 13:02:00
763,긴급공사,35.8944989,128.6060147,2016-03-18 13:02:00
764,지상누수,35.8945878,128.6061176,2016-03-18 13:02:00
765,긴급공사,35.8937085,128.6093782,2016-03-28 09:16:00
766,지하누수,35.8937085,128.6093782,2016-03-28 09:16:00
767,긴급공사,35.895795,128.6089641,2016-03-30 11:39:00
768,지상누수,35.895795,128.6089641,2016-03-30 11:39:00
769,지상누수,35.8965494,128.6049679,2016-03-30 16:51:00
770,긴급공사,35.8965494,128.6049679,2016-03-30 16:51:00
771,지상누수,35.8939066,128.6059705,2016-04-04 17:49:00
772,긴급공사,35.8939066,128.6059705,2016-04-04 17:49:00
773,긴급공사,35.8964338,128.601439,2016-04-12 16:26:00
774,지상누수,35.8964338,128.601439,2016-04-12 16:26:00
775,지상누수,35.8972015,128.5994722,2016-04-12 17:36:00
776,긴급공사,35.8972015,128.5994722,2016-04-12 17:36:00
777,긴급공사,35.8940179,128.6089717,2016-04-26 09:03:00
778,지상누수,35.8940179,128.6089717,2016-04-26 09:03:00
779,긴급공사,35.8956801,128.6021256,2016-05-13 09:00:00
780,지상누수,35.8938925,128.6104273,2016-05-16 14:55:00
781,지상누수,35.8924486,128.6086639,2016-06-10 15:05:00
782,긴급공사,35.8924486,128.6086639,2016-06-10 15:05:00
783,긴급공사,35.8941288,128.5978432,2016-06-18 13:52:00
784,지상누수,35.8941288,128.5978432,2016-06-18 13:52:00
785,긴급공사,35.890631,128.6037241,2016-06-23 14:29:00
786,지상누수,35.893004,128.6040576,2016-07-04 11:49:00
787,긴급공사,35.893004,128.6040576,2016-07-04 11:49:00
788,지하누수,35.8959178,128.6070107,2016-07-19 09:10:00
789,긴급공사,35.8959178,128.6070107,2016-07-19 09:10:00
790,지하누수,35.8970193,128.6069647,2016-07-19 09:13:00
791,긴급공사,35.8970193,128.6069647,2016-07-19 09:13:00
792,지하누수,35.8956918,128.6087921,2016-07-19 09:15:00
793,긴급공사,35.8956918,128.6087921,2016-07-19 09:15:00
794,긴급공사,35.8957776,128.6097453,2016-07-19 09:16:00
795,지하누수,35.8957776,128.6097453,2016-07-19 09:16:00
796,긴급공사,35.8950258,128.6105732,2016-07-19 09:17:00
797,지하누수,35.8950258,128.6105732,2016-07-19 09:17:00
798,지상누수,35.8944865,128.6061309,2016-07-19 10:04:00
799,지하누수,35.8939504,128.6058123,2016-07-20 17:12:00
800,긴급공사,35.8939504,128.6058123,2016-07-20 17:12:00
801,지하누수,35.8942635,128.610443,2016-07-20 17:13:00
802,긴급공사,35.8942635,128.610443,2016-07-20 17:13:00
803,긴급공사,35.8966144,128.6107966,2016-07-20 17:14:00
804,긴급공사,35.8908966,128.602927,2016-07-20 17:14:00
805,지하누수,35.8908966,128.602927,2016-07-20 17:14:00
806,지하누수,35.8966144,128.6107966,2016-07-20 17:14:00
807,긴급공사,35.8906243,128.6037134,2016-07-26 10:00:00
808,지하누수,35.8965447,128.6043002,2016-07-27 10:27:00
809,긴급공사,35.8965447,128.6043002,2016-07-27 10:27:00
810,긴급공사,35.894683,128.6021927,2016-07-27 10:29:00
811,지하누수,35.894683,128.6021927,2016-07-27 10:29:00
812,긴급공사,35.8968205,128.6051151,2016-07-27 10:30:00
813,지하누수,35.8968205,128.6051151,2016-07-27 10:30:00
814,지하누수,35.8949974,128.6011109,2016-07-27 10:31:00
815,긴급공사,35.8943289,128.6105665,2016-07-29 08:45:00
816,지하누수,35.8943289,128.6105665,2016-07-29 08:45:00
817,지하누수,35.8977634,128.5994017,2016-07-29 09:18:00
818,긴급공사,35.8977634,128.5994017,2016-07-29 09:18:00
819,지상누수,35.8944865,128.6061309,2016-08-01 09:55:00
820,지상누수,35.8915451,128.5961415,2016-08-17 07:56:00
821,긴급공사,35.8915451,128.5961415,2016-08-17 07:56:00
822,긴급공사,35.8968328,128.6051482,2016-08-19 12:00:00
823,긴급공사,35.8951585,128.6060191,2016-08-22 17:30:00
824,지하누수,35.8951585,128.6060191,2016-08-22 17:30:00
825,지상누수,35.8944865,128.6061309,2016-08-24 09:12:00
826,긴급공사,35.8913034,128.6038482,2016-08-26 15:57:00
827,지상누수,35.8913034,128.6038482,2016-08-26 15:57:00
828,지하누수,35.8944408,128.6104986,2016-08-31 17:49:00
829,긴급공사,35.8944408,128.6104986,2016-08-31 17:49:00
830,지상누수,35.8984449,128.5990145,2016-09-05 15:56:00
831,지상누수,35.8974151,128.6010253,2016-09-20 17:11:00
832,긴급공사,35.8974151,128.6010253,2016-09-20 17:11:00
833,지상누수,35.895277,128.6090439,2016-09-21 17:02:00
834,긴급공사,35.895277,128.6090439,2016-09-21 17:02:00
835,지하누수,35.8968109,128.59946,2016-09-23 08:47:00
836,긴급공사,35.8968109,128.59946,2016-09-23 08:47:00
837,지상누수,35.8948166,128.6104906,2016-09-30 15:37:00
838,긴급공사,35.8948166,128.6104906,2016-09-30 15:37:00
839,긴급공사,35.8934978,128.5981341,2016-10-10 08:51:00
840,지하누수,35.8934978,128.5981341,2016-10-10 08:51:00
841,긴급공사,35.8913576,128.5979953,2016-10-11 08:51:00
842,지상누수,35.8913576,128.5979953,2016-10-11 08:51:00
843,긴급공사,35.8946962,128.6053718,2016-10-11 17:27:00
844,지하누수,35.8946962,128.6053718,2016-10-11 17:27:00
845,긴급공사,35.8959332,128.6097411,2016-10-11 17:28:00
846,지하누수,35.8957856,128.6104631,2016-10-11 17:28:00
847,지하누수,35.8959332,128.6097411,2016-10-11 17:28:00
848,긴급공사,35.8958225,128.6104711,2016-10-11 17:28:00
849,지하누수,35.8894594,128.6016559,2016-10-11 17:29:00
850,긴급공사,35.8894594,128.6016559,2016-10-11 17:29:00
851,지하누수,35.8898477,128.6024933,2016-10-11 17:33:00
852,지하누수,35.8906313,128.6041447,2016-10-11 17:34:00
853,긴급공사,35.8906313,128.6041447,2016-10-11 17:34:00
854,지하누수,35.8908316,128.6034761,2016-10-11 17:35:00
855,지상누수,35.8968332,128.6027983,2016-10-17 11:48:00
856,긴급공사,35.8923613,128.5972507,2016-10-18 17:07:00
857,지상누수,35.8923369,128.5972486,2016-10-18 17:07:00
858,지상누수,35.8971208,128.5994089,2016-10-19 15:25:00
859,긴급공사,35.8971208,128.5994089,2016-10-19 15:25:00
860,지상누수,35.8925102,128.6007659,2016-10-25 09:37:00
861,긴급공사,35.8945281,128.6102834,2016-10-27 16:52:00
862,지상누수,35.8945281,128.6102834,2016-10-27 16:52:00
863,지상누수,35.8959482,128.6121261,2016-11-01 10:05:00
864,긴급공사,35.8959482,128.6121261,2016-11-01 10:05:00
865,지상누수,35.8925429,128.5976192,2016-11-01 16:10:00
866,긴급공사,35.8925429,128.5976192,2016-11-01 16:10:00
867,긴급공사,35.892493,128.6053595,2016-11-02 10:30:00
868,지상누수,35.892493,128.6053595,2016-11-02 10:30:00
869,지상누수,35.8968703,128.6082485,2016-11-02 14:51:00
870,긴급공사,35.8968703,128.6082485,2016-11-02 14:51:00
871,지상누수,35.8925102,128.6007659,2016-11-23 10:33:00
872,긴급공사,35.891814,128.5974542,2016-12-02 09:13:00
873,지상누수,35.891814,128.5974542,2016-12-02 09:13:00
874,지상누수,35.8984449,128.5990145,2016-12-12 10:07:00
875,긴급공사,35.8984449,128.5990145,2016-12-12 10:07:00
876,지상누수,35.8943127,128.5986161,2016-12-13 19:03:00
877,긴급공사,35.8943127,128.5986161,2016-12-13 19:03:00
878,지상누수,35.8969196,128.6018601,2016-12-14 09:25:00
879,긴급공사,35.8969196,128.6018601,2016-12-14 09:25:00
880,긴급공사,35.8954183,128.6116362,2016-12-24 16:06:00
881,지상누수,35.8954183,128.6116362,2016-12-24 16:06:00
882,긴급공사,35.8971507,128.6089729,2017-01-06 10:07:00
883,지상누수,35.8971507,128.6089729,2017-01-06 10:07:00
884,지하누수,35.9015936,128.6040458,2017-01-09 18:00:00
885,긴급공사,35.9015936,128.6040458,2017-01-09 18:00:00
886,지상누수,35.8944865,128.6061309,2017-01-17 15:01:00
887,긴급공사,35.8945242,128.6061392,2017-01-17 15:01:00
888,지상누수,35.8957186,128.6026908,2017-01-17 17:22:00
889,긴급공사,35.8957186,128.6026908,2017-01-17 17:22:00
890,긴급공사,35.8947804,128.6002504,2017-01-24 08:55:00
891,지상누수,35.8952327,128.6046783,2017-01-28 07:36:00
892,긴급공사,35.8952327,128.6046783,2017-01-28 07:36:00
893,지상누수,35.8961776,128.6111316,2017-01-31 14:52:00
894,긴급공사,35.8961776,128.6111316,2017-01-31 14:52:00
895,지하누수,35.8954967,128.6048364,2017-02-07 15:00:00
896,긴급공사,35.8954967,128.6048364,2017-02-07 15:00:00
897,지상누수,35.8970081,128.6100978,2017-02-18 13:41:00
898,긴급공사,35.8970081,128.6100978,2017-02-18 13:41:00
899,지상누수,35.8956022,128.6009715,2017-03-09 11:10:00
900,긴급공사,35.8956022,128.6009715,2017-03-09 11:10:00
901,지상누수,35.8984303,128.6057365,2017-03-23 09:34:00
902,긴급공사,35.8984303,128.6057365,2017-03-23 09:34:00
903,지상누수,35.8982773,128.6052341,2017-04-10 10:16:00
904,긴급공사,35.8982773,128.6052341,2017-04-10 10:16:00
905,긴급공사,35.8961547,128.5988809,2017-04-24 06:17:00
906,지상누수,35.8961547,128.5988809,2017-04-24 06:17:00
907,긴급공사,35.8946636,128.6006998,2017-04-28 17:48:00
908,지상누수,35.8946636,128.6006998,2017-04-28 17:48:00
909,긴급공사,35.8910342,128.604078,2017-05-22 09:14:00
910,지하누수,35.8910342,128.604078,2017-05-22 09:14:00
911,긴급공사,35.8939779,128.6008284,2017-05-31 09:39:00
912,지하누수,35.8939779,128.6008284,2017-05-31 09:39:00
913,지상누수,35.8941488,128.5977106,2017-06-02 16:42:00
914,긴급공사,35.8941488,128.5977106,2017-06-02 16:42:00
915,긴급공사,35.8944816,128.6011167,2017-06-07 10:07:00
916,지하누수,35.8944816,128.6011167,2017-06-07 10:07:00
917,지상누수,35.8945891,128.599929,2017-06-07 15:16:00
918,긴급공사,35.8945891,128.599929,2017-06-07 15:16:00
919,긴급공사,35.8973333,128.5990967,2017-06-15 10:23:00
920,지상누수,35.8973333,128.5990967,2017-06-15 10:23:00
921,지상누수,35.8977913,128.6005239,2017-06-22 09:39:00
922,긴급공사,35.8977913,128.6005239,2017-06-22 09:39:00
923,긴급공사,35.89779,128.6006515,2017-06-22 12:03:00
924,지상누수,35.89779,128.6006515,2017-06-22 12:03:00
925,긴급공사,35.8976775,128.6007088,2017-06-23 12:21:00
926,지상누수,35.8976775,128.6007088,2017-06-23 12:21:00
927,긴급공사,35.8934871,128.5985558,2017-06-28 09:23:00
928,긴급공사,35.8935842,128.5987172,2017-06-29 12:51:00
929,지하누수,35.8935842,128.5987172,2017-06-29 12:51:00
930,긴급공사,35.8979954,128.6018406,2017-07-03 12:45:00
931,지상누수,35.8979954,128.6018406,2017-07-03 12:45:00
932,긴급공사,35.8941542,128.5979098,2017-07-11 16:57:00
933,지하누수,35.8941542,128.5979098,2017-07-11 16:57:00
934,긴급공사,35.8972359,128.5996551,2017-07-24 10:25:00
935,지상누수,35.8972359,128.5996551,2017-07-24 10:25:00
936,긴급공사,35.8944544,128.6081149,2017-08-01 08:53:00
937,지하누수,35.8944544,128.6081149,2017-08-01 08:53:00
938,긴급공사,35.8954183,128.6116362,2017-08-30 14:28:00
939,지상누수,35.8954183,128.6116362,2017-08-30 14:28:00
940,지상누수,35.8961547,128.5988809,2017-09-01 14:20:00
941,긴급공사,35.8961547,128.5988809,2017-09-01 14:20:00
942,지상누수,35.8976764,128.6042341,2017-09-08 16:12:00
943,긴급공사,35.8976764,128.6042341,2017-09-08 16:12:00
944,긴급공사,35.8961547,128.5988809,2017-09-19 09:00:00
945,긴급공사,35.8946727,128.6005333,2017-09-22 11:24:00
946,지상누수,35.8946727,128.6005333,2017-09-22 11:24:00
947,지상누수,35.8949448,128.6021882,2017-09-26 12:00:00
948,긴급공사,35.8949448,128.6021882,2017-09-26 12:00:00
949,긴급공사,35.8932312,128.5987044,2017-10-05 16:21:00
950,지상누수,35.8932312,128.5987044,2017-10-05 16:21:00
951,지상누수,35.89646,128.6070414,2017-10-09 18:03:00
952,긴급공사,35.89646,128.6070414,2017-10-09 18:03:00
953,긴급공사,35.8951417,128.602664,2017-10-10 16:54:00
954,지하누수,35.8951417,128.602664,2017-10-10 16:54:00
955,긴급공사,35.892469,128.6075684,2017-10-13 17:24:00
956,지하누수,35.892469,128.6075684,2017-10-13 17:24:00
957,지하누수,35.8921316,128.6063854,2017-10-16 18:02:00
958,긴급공사,35.8921316,128.6063854,2017-10-16 18:02:00
959,긴급공사,35.8924244,128.6071713,2017-10-16 18:04:00
960,지하누수,35.8924244,128.6071713,2017-10-16 18:04:00
961,긴급공사,35.8946727,128.6005333,2017-10-17 10:00:00
962,지상누수,35.8953074,128.6074242,2017-10-24 10:56:00
963,긴급공사,35.8953074,128.6074242,2017-10-24 10:56:00
964,긴급공사,35.8924757,128.6060081,2017-10-24 12:24:00
965,지상누수,35.8924757,128.6060081,2017-10-24 12:24:00
966,긴급공사,35.8963696,128.6051019,2017-10-25 15:04:00
967,지상누수,35.8963696,128.6051019,2017-10-25 15:04:00
968,긴급공사,35.8906021,128.60294,2017-10-25 16:23:00
969,지상누수,35.8906021,128.60294,2017-10-25 16:23:00
970,긴급공사,35.8975656,128.6026257,2017-10-27 08:59:00
971,지상누수,35.8975656,128.6026257,2017-10-27 08:59:00
972,긴급공사,35.8952121,128.6038735,2017-10-27 09:22:00
973,긴급공사,35.8974838,128.601452,2017-11-02 10:47:00
974,지상누수,35.8974838,128.601452,2017-11-02 10:47:00
975,지하누수,35.894912,128.5983583,2017-11-02 11:12:00
976,긴급공사,35.894912,128.5983583,2017-11-02 11:12:00
977,지하누수,35.8969686,128.6024191,2017-11-03 09:19:00
978,지하누수,35.8969238,128.6017684,2017-11-03 09:19:00
979,긴급공사,35.8969238,128.6017684,2017-11-03 09:19:00
980,긴급공사,35.8969686,128.6024191,2017-11-03 09:19:00
981,지하누수,35.896078,128.6025306,2017-11-07 10:12:00
982,긴급공사,35.896078,128.6025306,2017-11-07 10:12:00
983,지하누수,35.8977546,128.6028124,2017-11-07 10:14:00
984,긴급공사,35.8977546,128.6028124,2017-11-07 10:14:00
985,긴급공사,35.8960685,128.6103505,2017-11-15 15:49:00
986,지상누수,35.8960685,128.6103505,2017-11-15 15:49:00
987,긴급공사,35.8968874,128.6031159,2017-11-16 15:33:00
988,지상누수,35.8968874,128.6031159,2017-11-16 15:33:00
989,지하누수,35.89152,128.6055689,2017-11-17 16:21:00
990,긴급공사,35.89152,128.6055689,2017-11-17 16:21:00
991,긴급공사,35.8960789,128.5986907,2017-11-20 10:10:00
992,지상누수,35.8960789,128.5986907,2017-11-20 10:10:00
993,지하누수,35.8972376,128.5994722,2017-11-20 16:10:00
994,긴급공사,35.8907982,128.6036585,2017-11-21 14:08:00
995,지상누수,35.8907982,128.6036585,2017-11-21 14:08:00
996,지상누수,35.8901195,128.603841,2017-11-23 16:27:00
997,긴급공사,35.8901195,128.603841,2017-11-23 16:27:00
998,지상누수,35.8968068,128.6061739,2017-11-27 15:56:00
999,긴급공사,35.8968068,128.6061739,2017-11-27 15:56:00
1000,긴급공사,35.894752,128.6016487,2017-11-28 15:43:00
1001,지상누수,35.894752,128.6016487,2017-11-28 15:43:00
1002,지상누수,35.8959191,128.5996653,2017-12-03 09:36:00
1003,긴급공사,35.8959191,128.5996653,2017-12-03 09:36:00
1004,지하누수,35.8893451,128.6020508,2017-12-07 16:52:00
1005,긴급공사,35.8893451,128.6020508,2017-12-07 16:52:00
1006,지상누수,35.894179,128.6107778,2017-12-13 14:46:00
1007,긴급공사,35.8946882,128.6050909,2017-12-14 19:10:00
1008,지상누수,35.8962366,128.6020759,2017-12-15 21:08:00
1009,긴급공사,35.8962366,128.6020759,2017-12-15 21:08:00
1010,긴급공사,35.8963635,128.6005926,2017-12-20 07:25:00
1011,지상누수,35.8963635,128.6005926,2017-12-20 07:25:00
1012,긴급공사,35.8917137,128.5961183,2017-12-25 13:44:00
1013,지상누수,35.8917137,128.5961183,2017-12-25 13:44:00
1014,긴급공사,35.8914337,128.5963278,2017-12-27 14:43:00
1015,지상누수,35.8938053,128.609037,2018-01-03 13:02:00
1016,긴급공사,35.8938053,128.609037,2018-01-03 13:02:00
1017,지상누수,35.8941394,128.6100548,2018-01-13 16:17:00
1018,긴급공사,35.8941394,128.6100548,2018-01-13 16:17:00
1019,긴급공사,35.8920758,128.6077697,2018-01-15 11:31:00
1020,지상누수,35.8920758,128.6077697,2018-01-15 11:31:00
1021,긴급공사,35.8937944,128.5979538,2018-01-22 10:32:00
1022,지상누수,35.8937944,128.5979538,2018-01-22 10:32:00
1023,긴급공사,35.8978824,128.6045353,2018-01-22 11:03:00
1024,지상누수,35.8978824,128.6045353,2018-01-22 11:03:00
1025,지상누수,35.8974632,128.6090917,2018-01-29 09:10:00
1026,긴급공사,35.8961235,128.6038212,2018-01-29 09:55:00
1027,지상누수,35.8961235,128.6038212,2018-01-29 09:55:00
1028,지하누수,35.8968302,128.6029594,2018-01-29 10:44:00
1029,긴급공사,35.8968302,128.6029594,2018-01-29 10:44:00
1030,지상누수,35.8968809,128.6029008,2018-01-31 12:53:00
1031,긴급공사,35.8968809,128.6029008,2018-01-31 12:53:00
1032,지상누수,35.889404,128.603045,2018-02-01 16:28:00
1033,긴급공사,35.8969196,128.6018601,2018-02-10 12:58:00
1034,지상누수,35.8969196,128.6018601,2018-02-10 12:58:00
1035,지상누수,35.8925655,128.5980831,2018-02-11 02:08:00
1036,긴급공사,35.8925655,128.5980831,2018-02-11 02:08:00
1037,긴급공사,35.8967037,128.6010457,2018-02-12 08:25:00
1038,지상누수,35.8967037,128.6010457,2018-02-12 08:25:00
1039,지상누수,35.8970255,128.6038351,2018-02-12 10:38:00
1040,긴급공사,35.8970255,128.6038351,2018-02-12 10:38:00
1041,지하누수,35.8908886,128.603272,2018-02-13 11:20:00
1042,긴급공사,35.8908886,128.603272,2018-02-13 11:20:00
1043,긴급공사,35.8891615,128.6026163,2018-02-14 09:49:00
1044,지하누수,35.8891615,128.6026163,2018-02-14 09:49:00
1045,긴급공사,35.8906243,128.6037134,2018-02-20 15:48:00
1046,지하누수,35.8906243,128.6037134,2018-02-20 15:48:00
1047,지하누수,35.8903619,128.6032938,2018-02-20 17:29:00
1048,긴급공사,35.8903619,128.6032938,2018-02-20 17:29:00
1049,지상누수,35.8964187,128.6024236,2018-02-21 13:04:00
1050,긴급공사,35.8964187,128.6024236,2018-02-21 13:04:00
1051,지하누수,35.8933403,128.6041584,2018-02-23 14:10:00
1052,긴급공사,35.8933403,128.6041584,2018-02-23 14:10:00
1053,지하누수,35.8913073,128.6035472,2018-02-23 15:28:00
1054,긴급공사,35.8913073,128.6035472,2018-02-23 15:28:00
1055,지하누수,35.8909411,128.6022038,2018-03-02 10:07:00
1056,긴급공사,35.8909411,128.6022038,2018-03-02 10:07:00
1057,지상누수,35.8967557,128.6055623,2018-03-02 11:10:00
1058,긴급공사,35.8967557,128.6055623,2018-03-02 11:10:00
1059,지상누수,35.8959048,128.6015921,2018-03-02 14:37:00
1060,긴급공사,35.8959048,128.6015921,2018-03-02 14:37:00
1061,긴급공사,35.8959188,128.6064294,2018-03-02 14:46:00
1062,지상누수,35.8959188,128.6064294,2018-03-02 14:46:00
1063,긴급공사,35.8893267,128.6025295,2018-03-02 16:26:00
1064,지하누수,35.8893267,128.6025295,2018-03-02 16:26:00
1065,지상누수,35.8974151,128.6010253,2018-03-22 09:20:00
1066,긴급공사,35.8974151,128.6010253,2018-03-22 09:20:00
1067,긴급공사,35.8973449,128.6011675,2018-03-23 08:57:00
1068,지상누수,35.8949693,128.6009156,2018-03-27 09:10:00
1069,긴급공사,35.8949693,128.6009156,2018-03-27 09:10:00
1070,지상누수,35.8960622,128.6081993,2018-03-30 16:25:00
1071,지하누수,35.8917158,128.5970603,2018-04-02 09:15:00
1072,긴급공사,35.8917158,128.5970603,2018-04-02 09:15:00
1073,지하누수,35.8913639,128.5966834,2018-04-03 15:40:00
1074,긴급공사,35.8913639,128.5966834,2018-04-03 15:40:00
1075,긴급공사,35.8913298,128.5968238,2018-04-06 10:54:00
1076,지하누수,35.8934978,128.5981341,2018-04-09 11:23:00
1077,긴급공사,35.8934978,128.5981341,2018-04-09 11:23:00
1078,지하누수,35.8951113,128.5981282,2018-04-11 09:11:00
1079,긴급공사,35.8951113,128.5981282,2018-04-11 09:11:00
1080,긴급공사,35.8941094,128.6089934,2018-04-12 11:02:00
1081,지상누수,35.8941094,128.6089934,2018-04-12 11:02:00
1082,지상누수,35.8977587,128.5998382,2018-04-17 09:59:00
1083,긴급공사,35.8977587,128.5998382,2018-04-17 09:59:00
1084,지하누수,35.8955827,128.6009649,2018-04-17 10:30:00
1085,긴급공사,35.8955827,128.6009649,2018-04-17 10:30:00
1086,지상누수,35.8975971,128.5998212,2018-04-18 10:53:00
1087,긴급공사,35.8975971,128.5998212,2018-04-18 10:53:00
1088,지하누수,35.8949938,128.6000525,2018-04-20 11:19:00
1089,긴급공사,35.8949938,128.6000525,2018-04-20 11:19:00
1090,긴급공사,35.8921997,128.5965135,2018-04-20 11:21:00
1091,지하누수,35.8921997,128.5965135,2018-04-20 11:21:00
1092,지상누수,35.8911814,128.6047287,2018-04-24 13:18:00
1093,긴급공사,35.8911814,128.6047287,2018-04-24 13:18:00
1094,지상누수,35.8951971,128.6068576,2018-04-28 11:06:00
1095,긴급공사,35.8952273,128.6068615,2018-04-28 11:06:00
1096,긴급공사,35.8952836,128.6090348,2018-05-01 11:24:00
1097,지하누수,35.8952836,128.6090348,2018-05-01 11:24:00
1098,긴급공사,35.8968971,128.6089178,2018-05-01 11:28:00
1099,지하누수,35.8968971,128.6089178,2018-05-01 11:28:00
1100,긴급공사,35.8970928,128.6092451,2018-05-01 11:32:00
1101,지하누수,35.8970928,128.6092451,2018-05-01 11:32:00
1102,지하누수,35.894758,128.6085124,2018-05-01 11:33:00
1103,긴급공사,35.894758,128.6085124,2018-05-01 11:33:00
1104,긴급공사,35.8954407,128.6032973,2018-05-03 09:21:00
1105,지상누수,35.8954407,128.6032973,2018-05-03 09:21:00
1106,긴급공사,35.8935497,128.6061279,2018-05-03 11:00:00
1107,지하누수,35.8935497,128.6061279,2018-05-03 11:00:00
1108,긴급공사,35.8955524,128.6011078,2018-05-04 08:50:00
1109,지상누수,35.8955524,128.6011078,2018-05-04 08:50:00
1110,긴급공사,35.8973372,128.5989698,2018-05-05 08:45:00
1111,지상누수,35.8973372,128.5989698,2018-05-05 08:45:00
1112,지상누수,35.895457,128.600316,2018-05-08 10:32:00
1113,긴급공사,35.895457,128.600316,2018-05-08 10:32:00
1114,긴급공사,35.8968842,128.5999283,2018-05-08 12:51:00
1115,지상누수,35.8968842,128.5999283,2018-05-08 12:51:00
1116,긴급공사,35.8954119,128.6098672,2018-05-10 09:39:00
1117,지하누수,35.8954119,128.6098672,2018-05-10 09:39:00
1118,지하누수,35.8950417,128.611353,2018-05-10 09:43:00
1119,긴급공사,35.8950417,128.611353,2018-05-10 09:43:00
1120,지상누수,35.8914103,128.5980455,2018-05-11 11:36:00
1121,긴급공사,35.8914103,128.5980455,2018-05-11 11:36:00
1122,긴급공사,35.8951658,128.6115137,2018-05-12 13:09:00
1123,지하누수,35.8951658,128.6115137,2018-05-12 13:09:00
1124,긴급공사,35.894499,128.6093913,2018-05-14 13:11:00
1125,지하누수,35.894499,128.6093913,2018-05-14 13:11:00
1126,긴급공사,35.8959277,128.6074306,2018-05-14 17:47:00
1127,지상누수,35.8959277,128.6074306,2018-05-14 17:47:00
1128,긴급공사,35.8970001,128.6016457,2018-05-15 09:30:00
1129,지하누수,35.8970001,128.6016457,2018-05-15 09:30:00
1130,긴급공사,35.8966971,128.6105958,2018-05-15 13:13:00
1131,지하누수,35.8966971,128.6105958,2018-05-15 13:13:00
1132,지하누수,35.8917384,128.6065541,2018-05-15 13:14:00
1133,긴급공사,35.8917384,128.6065541,2018-05-15 13:14:00
1134,지하누수,35.8969202,128.5987609,2018-05-16 08:30:00
1135,긴급공사,35.8969202,128.5987609,2018-05-16 08:30:00
1136,긴급공사,35.891736,128.6067072,2018-05-17 09:15:00
1137,지하누수,35.891736,128.6067072,2018-05-17 09:15:00
1138,지상누수,35.8900323,128.6015069,2018-05-22 14:50:00
1139,긴급공사,35.8900323,128.6015069,2018-05-22 14:50:00
1140,지하누수,35.897132,128.6059369,2018-05-31 09:11:00
1141,긴급공사,35.897132,128.6059369,2018-05-31 09:11:00
1142,지하누수,35.8961794,128.6087292,2018-05-31 09:12:00
1143,긴급공사,35.8961794,128.6087292,2018-05-31 09:12:00
1144,긴급공사,35.8955785,128.6080436,2018-05-31 09:13:00
1145,지하누수,35.8955785,128.6080436,2018-05-31 09:13:00
1146,긴급공사,35.8957652,128.6007278,2018-05-31 11:34:00
1147,지상누수,35.8957652,128.6007278,2018-05-31 11:34:00
1148,지상누수,35.8968028,128.6106865,2018-06-07 16:03:00
1149,지하누수,35.8962571,128.6021145,2018-06-12 17:00:00
1150,긴급공사,35.8962571,128.6021145,2018-06-12 17:00:00
1151,지하누수,35.8980463,128.6073842,2018-06-15 09:11:00
1152,긴급공사,35.8980463,128.6073842,2018-06-15 09:11:00
1153,긴급공사,35.8967368,128.6021465,2018-06-25 11:41:00
1154,지상누수,35.8967368,128.6021465,2018-06-25 11:41:00
1155,긴급공사,35.8945176,128.5979996,2018-07-04 17:49:00
1156,지상누수,35.8895649,128.6026112,2018-07-08 11:30:00
1157,긴급공사,35.8895649,128.6026112,2018-07-08 11:30:00
1158,긴급공사,35.8971662,128.6015565,2018-07-11 14:03:00
1159,지상누수,35.8971662,128.6015565,2018-07-11 14:03:00
1160,긴급공사,35.8935752,128.6095498,2018-07-14 11:41:00
1161,지하누수,35.8935752,128.6095498,2018-07-14 11:41:00
1162,긴급공사,35.8968971,128.6089178,2018-07-17 08:46:00
1163,긴급공사,35.8919995,128.597909,2018-08-20 11:33:00
1164,지상누수,35.8919995,128.597909,2018-08-20 11:33:00
1165,지상누수,35.8955381,128.6017356,2018-08-21 11:31:00
1166,긴급공사,35.8955381,128.6017356,2018-08-21 11:31:00
1167,긴급공사,35.8963673,128.5987611,2018-08-22 16:02:00
1168,지상누수,35.8958464,128.6083828,2018-08-30 09:05:00
1169,긴급공사,35.8958464,128.6083828,2018-08-30 09:05:00
1170,지상누수,35.8939779,128.6008284,2018-08-30 10:45:00
1171,긴급공사,35.8939779,128.6008284,2018-08-30 10:45:00
1172,지상누수,35.8959292,128.5997721,2018-09-03 13:15:00
1173,긴급공사,35.8959292,128.5997721,2018-09-03 13:15:00
1174,긴급공사,35.8909882,128.6021372,2018-09-03 17:34:00
1175,지하누수,35.8909882,128.6021372,2018-09-03 17:34:00
1176,지하누수,35.8944666,128.6007764,2018-09-10 08:50:00
1177,긴급공사,35.8944666,128.6007764,2018-09-10 08:50:00
1178,긴급공사,35.8918381,128.5971107,2018-09-10 12:57:00
1179,지상누수,35.8918381,128.5971107,2018-09-10 12:57:00
1180,긴급공사,35.8964393,128.5999479,2018-09-12 07:43:00
1181,지상누수,35.8964393,128.5999479,2018-09-12 07:43:00
1182,긴급공사,35.8932436,128.5984591,2018-09-28 09:47:00
1183,지하누수,35.8932436,128.5984591,2018-09-28 09:47:00
1184,지상누수,35.8923365,128.6053714,2018-09-29 09:20:00
1185,긴급공사,35.8923365,128.6053714,2018-09-29 09:20:00
1186,지상누수,35.8896432,128.6029231,2018-10-08 07:57:00
1187,긴급공사,35.8896432,128.6029231,2018-10-08 07:57:00
1188,지상누수,35.8919995,128.597909,2018-10-09 11:00:00
1189,긴급공사,35.8919995,128.597909,2018-10-09 11:00:00
1190,긴급공사,35.898052,128.6017082,2018-10-12 11:00:00
1191,긴급공사,35.8953882,128.6029958,2018-10-12 13:15:00
1192,지하누수,35.8953882,128.6029958,2018-10-12 13:15:00
1193,지하누수,35.897494,128.5989636,2018-10-15 09:40:00
1194,긴급공사,35.897494,128.5989636,2018-10-15 09:40:00
1195,지상누수,35.8965219,128.6082196,2018-10-23 08:17:00
1196,긴급공사,35.8965219,128.6082196,2018-10-23 08:17:00
1197,긴급공사,35.8954636,128.6044445,2018-10-23 11:13:00
1198,지상누수,35.8954636,128.6044445,2018-10-23 11:13:00
1199,긴급공사,35.893978,128.6084855,2018-10-28 15:02:00
1200,지상누수,35.893978,128.6084855,2018-10-28 15:02:00
1201,긴급공사,35.8952167,128.6008799,2018-11-01 11:25:00
1202,지상누수,35.8952167,128.6008799,2018-11-01 11:25:00
1203,긴급공사,35.8964077,128.5995189,2018-11-02 09:24:00
1204,지상누수,35.8964077,128.5995189,2018-11-02 09:24:00
1205,지상누수,35.8938976,128.5983609,2018-11-27 09:39:00
1206,긴급공사,35.8938976,128.5983609,2018-11-27 09:39:00
1207,긴급공사,35.8897958,128.6022121,2018-12-04 13:09:00
1208,지상누수,35.8897958,128.6022121,2018-12-04 13:09:00
1209,지상누수,35.8937372,128.5991425,2018-12-10 08:43:00
1210,긴급공사,35.8937372,128.5991425,2018-12-10 08:43:00
1211,긴급공사,35.8944897,128.6018621,2018-12-10 09:20:00
1212,지상누수,35.8944897,128.6018621,2018-12-10 09:20:00
1213,긴급공사,35.8937698,128.5991186,2018-12-11 10:04:00
1214,긴급공사,35.8924013,128.5980199,2018-12-11 11:37:00
1215,지하누수,35.8924013,128.5980199,2018-12-11 11:37:00
1216,지상누수,35.8916538,128.5978121,2018-12-20 09:13:00
1217,긴급공사,35.8916538,128.5978121,2018-12-20 09:13:00
1218,긴급공사,35.8937395,128.6055498,2018-12-20 15:29:00
1219,지하누수,35.8937395,128.6055498,2018-12-20 15:29:00
1220,긴급공사,35.8952774,128.6101531,2018-12-21 16:47:00
1221,지상누수,35.8952774,128.6101531,2018-12-21 16:47:00
1222,지상누수,35.8968068,128.6061739,2018-12-31 13:44:00
1223,긴급공사,35.8968068,128.6061739,2018-12-31 13:44:00
1224,지상누수,35.8937372,128.5991425,2019-01-10 11:05:00
1225,긴급공사,35.8937372,128.5991425,2019-01-10 11:05:00
1226,지하누수,35.8982707,128.6052163,2019-01-10 16:14:00
1227,긴급공사,35.8982707,128.6052163,2019-01-10 16:14:00
1228,지상누수,35.8969594,128.6005758,2019-01-17 14:16:00
1229,긴급공사,35.8969594,128.6005758,2019-01-17 14:16:00
1230,지상누수,35.8917425,128.5959329,2019-01-24 12:57:00
1231,긴급공사,35.8917425,128.5959329,2019-01-24 12:57:00
1232,지상누수,35.8901372,128.6023267,2019-01-24 14:09:00
1233,긴급공사,35.8901372,128.6023267,2019-01-24 14:09:00
1234,지상누수,35.8917425,128.5959329,2019-01-29 09:11:00
1235,긴급공사,35.8917425,128.5959329,2019-01-29 09:11:00
1236,지상누수,35.8947001,128.6021672,2019-01-29 15:20:00
1237,긴급공사,35.8947001,128.6021672,2019-01-29 15:20:00
1238,지상누수,35.8925156,128.5967567,2019-02-08 11:08:00
1239,긴급공사,35.8925156,128.5967567,2019-02-08 11:08:00
1240,지상누수,35.8927783,128.5970696,2019-02-11 16:46:00
1241,긴급공사,35.8927783,128.5970696,2019-02-11 16:46:00
1242,지상누수,35.8936997,128.5981166,2019-02-15 13:09:00
1243,긴급공사,35.8936997,128.5981166,2019-02-15 13:09:00
1244,긴급공사,35.8973396,128.5996707,2019-03-04 16:39:00
1245,지상누수,35.8973396,128.5996707,2019-03-04 16:39:00
1246,지하누수,35.8946261,128.5980171,2019-03-11 09:04:00
1247,긴급공사,35.8946261,128.5980171,2019-03-11 09:04:00
1248,지하누수,35.8931406,128.6061747,2019-03-12 08:48:00
1249,긴급공사,35.8931406,128.6061747,2019-03-12 08:48:00
1250,지하누수,35.8933403,128.6041584,2019-03-22 08:57:00
1251,긴급공사,35.8933403,128.6041584,2019-03-22 08:57:00
1252,지하누수,35.8919287,128.5977446,2019-03-22 08:58:00
1253,긴급공사,35.8919287,128.5977446,2019-03-22 08:58:00
1254,긴급공사,35.8940995,128.597477,2019-03-22 08:59:00
1255,지하누수,35.8940995,128.597477,2019-03-22 08:59:00
1256,긴급공사,35.8977425,128.5987645,2019-03-22 09:00:00
1257,지하누수,35.8977425,128.5987645,2019-03-22 09:00:00
1258,긴급공사,35.8964112,128.6024067,2019-03-25 08:54:00
1259,지하누수,35.8964112,128.6024067,2019-03-25 08:54:00
1260,지하누수,35.8948474,128.608344,2019-03-25 08:55:00
1261,긴급공사,35.8950599,128.6068585,2019-03-25 08:55:00
1262,긴급공사,35.8948474,128.608344,2019-03-25 08:55:00
1263,지하누수,35.8950599,128.6068585,2019-03-25 08:55:00
1264,긴급공사,35.8931854,128.6057473,2019-03-25 08:56:00
1265,지하누수,35.8931854,128.6057473,2019-03-25 08:56:00
1266,긴급공사,35.8931473,128.6053519,2019-03-25 08:57:00
1267,지하누수,35.8931473,128.6053519,2019-03-25 08:57:00
1268,지하누수,35.896943,128.6072976,2019-03-28 08:49:00
1269,긴급공사,35.896943,128.6072976,2019-03-28 08:49:00
1270,지하누수,35.8959168,128.6074355,2019-03-28 08:50:00
1271,긴급공사,35.8959168,128.6074355,2019-03-28 08:50:00
1272,긴급공사,35.8945889,128.5984789,2019-03-29 09:47:00
1273,지상누수,35.8945889,128.5984789,2019-03-29 09:47:00
1274,긴급공사,35.8939193,128.5991765,2019-04-15 10:18:00
1275,지상누수,35.8939193,128.5991765,2019-04-15 10:18:00
1276,지상누수,35.8958443,128.5989974,2019-04-15 15:16:00
1277,긴급공사,35.8958443,128.5989974,2019-04-15 15:16:00
1278,긴급공사,35.894912,128.5983583,2019-04-30 11:34:00
1279,지상누수,35.8952046,128.6036947,2019-05-07 09:59:00
1280,긴급공사,35.8952046,128.6036947,2019-05-07 09:59:00
1281,긴급공사,35.8953651,128.6036803,2019-05-07 15:47:00
1282,지상누수,35.8953651,128.6036803,2019-05-07 15:47:00
1283,긴급공사,35.8966024,128.6001585,2019-05-15 09:04:00
1284,지상누수,35.8966024,128.6001585,2019-05-15 09:04:00
1285,지하누수,35.8936902,128.6096401,2019-05-24 15:22:00
1286,긴급공사,35.8936902,128.6096401,2019-05-24 15:22:00
1287,지상누수,35.8915451,128.5961415,2019-06-03 10:44:00
1288,긴급공사,35.8915451,128.5961415,2019-06-03 10:44:00
1289,지상누수,35.8898263,128.6010129,2019-06-08 13:18:00
1290,지하누수,35.8954653,128.6003191,2019-06-11 11:15:00
1291,긴급공사,35.8954653,128.6003191,2019-06-11 11:15:00
1292,지하누수,35.8967492,128.6028856,2019-07-15 13:18:00
1293,긴급공사,35.8967492,128.6028856,2019-07-15 13:18:00
1294,지상누수,35.8902294,128.6026617,2019-07-17 09:22:00
1295,긴급공사,35.8902294,128.6026617,2019-07-17 09:22:00
1296,긴급공사,35.8969778,128.6075045,2019-08-05 08:50:00
1297,지하누수,35.8969778,128.6075045,2019-08-05 08:50:00
1298,긴급공사,35.8954078,128.6092462,2019-08-05 08:54:00
1299,지하누수,35.8954078,128.6092462,2019-08-05 08:54:00
1300,긴급공사,35.8950278,128.6062918,2019-08-05 08:55:00
1301,지하누수,35.8950278,128.6062918,2019-08-05 08:55:00
1302,지상누수,35.8910713,128.6032933,2019-08-10 10:27:00
1303,긴급공사,35.8910713,128.6032933,2019-08-10 10:27:00
1304,긴급공사,35.8904984,128.603317,2019-08-12 07:21:00
1305,지하누수,35.8904984,128.603317,2019-08-12 07:21:00
1306,지하누수,35.8952829,128.6036773,2019-08-12 08:52:00
1307,긴급공사,35.8952829,128.6036773,2019-08-12 08:52:00
1308,긴급공사,35.8905797,128.6029416,2019-08-12 16:34:00
1309,지하누수,35.8905797,128.6029416,2019-08-12 16:34:00
1310,지하누수,35.8967539,128.6090943,2019-08-12 16:45:00
1311,긴급공사,35.8967539,128.6090943,2019-08-12 16:45:00
1312,긴급공사,35.8905191,128.6029722,2019-08-13 09:23:00
1313,지상누수,35.8905191,128.6029722,2019-08-13 09:23:00
1314,긴급공사,35.8954175,128.6090856,2019-08-21 08:40:00
1315,지하누수,35.8954175,128.6090856,2019-08-21 08:40:00
1316,긴급공사,35.8911832,128.6026666,2019-08-21 08:41:00
1317,지하누수,35.8911832,128.6026666,2019-08-21 08:41:00
1318,지하누수,35.891616,128.6067147,2019-08-21 08:42:00
1319,긴급공사,35.891616,128.6067147,2019-08-21 08:42:00
1320,긴급공사,35.8908965,128.6026341,2019-08-21 09:37:00
1321,긴급공사,35.8905811,128.6032962,2019-08-26 09:41:00
1322,긴급공사,35.8977199,128.6035563,2019-08-26 14:11:00
1323,지상누수,35.8977199,128.6035563,2019-08-26 14:11:00
1324,지하누수,35.8950838,128.5979938,2019-08-29 17:06:00
1325,긴급공사,35.8950838,128.5979938,2019-08-29 17:06:00
1326,지하누수,35.8974775,128.6067132,2019-09-02 09:16:00
1327,긴급공사,35.8974775,128.6067132,2019-09-02 09:16:00
1328,지하누수,35.8950253,128.6107087,2019-09-02 09:21:00
1329,긴급공사,35.8950253,128.6107087,2019-09-02 09:21:00
1330,지하누수,35.8926412,128.6075201,2019-09-16 09:11:00
1331,긴급공사,35.8926412,128.6075201,2019-09-16 09:11:00
1332,지하누수,35.8947167,128.6112692,2019-09-16 09:12:00
1333,긴급공사,35.8947167,128.6112692,2019-09-16 09:12:00
1334,긴급공사,35.8968155,128.5987169,2019-09-17 17:43:00
1335,지하누수,35.8968155,128.5987169,2019-09-17 17:43:00
1336,긴급공사,35.8899291,128.6016472,2019-09-26 08:27:00
1337,지상누수,35.8899291,128.6016472,2019-09-26 08:27:00
1338,긴급공사,35.8906833,128.6034433,2019-09-26 08:52:00
1339,지상누수,35.8906833,128.6034433,2019-09-26 08:52:00
1340,긴급공사,35.8908545,128.6028273,2019-09-26 09:25:00
1341,지하누수,35.8953934,128.6011361,2019-10-10 08:28:00
1342,긴급공사,35.8953934,128.6011361,2019-10-10 08:28:00
1343,지상누수,35.8956451,128.6015328,2019-10-14 11:52:00
1344,긴급공사,35.8956451,128.6015328,2019-10-14 11:52:00
1345,긴급공사,35.8970363,128.5984409,2019-10-18 09:13:00
1346,지하누수,35.8970363,128.5984409,2019-10-18 09:13:00
1347,지상누수,35.8934782,128.6041763,2019-10-18 17:15:00
1348,긴급공사,35.8934782,128.6041763,2019-10-18 17:15:00
1349,긴급공사,35.8977155,128.5989664,2019-10-28 09:53:00
1350,지하누수,35.8977155,128.5989664,2019-10-28 09:53:00
1351,지하누수,35.890274,128.6040782,2019-11-06 15:58:00
1352,긴급공사,35.890274,128.6040782,2019-11-06 15:58:00
1353,긴급공사,35.8950289,128.6090777,2019-11-19 09:00:00
1354,긴급공사,35.8923979,128.60716,2019-11-21 17:12:00
1355,지하누수,35.8923979,128.60716,2019-11-21 17:12:00
1356,긴급공사,35.8964922,128.6065103,2019-11-29 15:11:00
1357,지상누수,35.8964922,128.6065103,2019-11-29 15:11:00
1358,지하누수,35.8921578,128.5971933,2019-11-30 09:31:00
1359,긴급공사,35.8921578,128.5971933,2019-11-30 09:31:00
1360,지하누수,35.8919931,128.6048395,2019-12-02 09:44:00
1361,긴급공사,35.8919931,128.6048395,2019-12-02 09:44:00
1362,긴급공사,35.8921578,128.5971933,2019-12-02 09:45:00
1363,지하누수,35.8921578,128.5971933,2019-12-02 09:45:00
1364,지하누수,35.88871,128.6020298,2019-12-03 09:57:00
1365,긴급공사,35.88871,128.6020298,2019-12-03 09:57:00
1366,긴급공사,35.8893267,128.6025295,2019-12-03 09:59:00
1367,지하누수,35.8893267,128.6025295,2019-12-03 09:59:00
1368,긴급공사,35.8983117,128.6039873,2019-12-03 13:00:00
1369,지상누수,35.8983117,128.6039873,2019-12-03 13:00:00
1370,긴급공사,35.891462,128.5969987,2019-12-04 08:44:00
1371,지하누수,35.891462,128.5969987,2019-12-04 08:44:00
1372,긴급공사,35.8976972,128.6048247,2019-12-04 13:39:00
1373,지하누수,35.8976972,128.6048247,2019-12-04 13:39:00
1374,긴급공사,35.8962089,128.5996874,2019-12-17 11:29:00
1375,지상누수,35.8962089,128.5996874,2019-12-17 11:29:00
1376,긴급공사,35.8891053,128.6025241,2019-12-18 16:26:00
1377,지하누수,35.8891053,128.6025241,2019-12-18 16:26:00
1378,지상누수,35.8955801,128.6084953,2019-12-24 11:22:00
1379,긴급공사,35.8955801,128.6084953,2019-12-24 11:22:00
1380,지상누수,35.897813,128.6048295,2019-12-26 15:40:00
1381,긴급공사,35.897813,128.6048295,2019-12-26 15:40:00
1382,지상누수,35.8952087,128.601595,2019-12-28 11:48:00
1383,긴급공사,35.8952087,128.601595,2019-12-28 11:48:00
1384,지상누수,35.8981373,128.6052037,2020-01-10 16:26:00
1385,긴급공사,35.8981373,128.6052037,2020-01-10 16:26:00
1386,지하누수,35.8962351,128.5985884,2020-01-28 09:19:00
1387,긴급공사,35.8962351,128.5985884,2020-01-28 09:19:00
1388,지하누수,35.8968111,128.5993156,2020-01-28 09:22:00
1389,긴급공사,35.8968111,128.5993156,2020-01-28 09:22:00
1390,지하누수,35.892603,128.5979688,2020-01-28 16:34:00
1391,긴급공사,35.892603,128.5979688,2020-01-28 16:34:00
1392,긴급공사,35.8899382,128.6026823,2020-01-29 09:37:00
1393,지하누수,35.8899382,128.6026823,2020-01-29 09:37:00
1394,지하누수,35.8970541,128.6070699,2020-02-03 10:02:00
1395,긴급공사,35.8970541,128.6070699,2020-02-03 10:02:00
1396,긴급공사,35.892458,128.6074693,2020-02-03 10:06:00
1397,지하누수,35.892458,128.6074693,2020-02-03 10:06:00
1398,지하누수,35.8950599,128.6068585,2020-02-03 10:08:00
1399,긴급공사,35.8950599,128.6068585,2020-02-03 10:08:00
1400,긴급공사,35.8916993,128.5961649,2020-02-03 10:11:00
1401,지하누수,35.8916993,128.5961649,2020-02-03 10:11:00
1402,긴급공사,35.8984275,128.6050715,2020-02-03 10:13:00
1403,지하누수,35.8984275,128.6050715,2020-02-03 10:13:00
1404,지하누수,35.8951736,128.6005645,2020-02-03 10:15:00
1405,긴급공사,35.8951736,128.6005645,2020-02-03 10:15:00
1406,긴급공사,35.8958113,128.6104771,2020-02-04 08:41:00
1407,지하누수,35.8958113,128.6104771,2020-02-04 08:41:00
1408,긴급공사,35.8915603,128.596439,2020-02-10 11:13:00
1409,지상누수,35.8915603,128.596439,2020-02-10 11:13:00
1410,긴급공사,35.8914557,128.5961285,2020-02-14 09:54:00
1411,긴급공사,35.8952791,128.6085304,2020-03-11 13:51:00
1412,지상누수,35.8952791,128.6085304,2020-03-11 13:51:00
1413,지하누수,35.8970342,128.5985975,2020-04-28 10:27:00
1414,긴급공사,35.8970342,128.5985975,2020-04-28 10:27:00
1415,긴급공사,35.8935219,128.6098311,2020-04-28 11:02:00
1416,지상누수,35.8935219,128.6098311,2020-04-28 11:02:00
1417,지하누수,35.8948443,128.6084927,2020-05-07 08:51:00
1418,긴급공사,35.8948443,128.6084927,2020-05-07 08:51:00
1419,지하누수,35.8970928,128.6092451,2020-05-11 09:13:00
1420,긴급공사,35.8970928,128.6092451,2020-05-11 09:13:00
1421,지하누수,35.895288,128.6092459,2020-05-11 09:14:00
1422,긴급공사,35.895288,128.6092459,2020-05-11 09:14:00
1423,지상누수,35.894522,128.5982219,2020-05-22 14:28:00
1424,긴급공사,35.894522,128.5982219,2020-05-22 14:28:00
1425,지하누수,35.893335,128.608099,2020-06-03 09:45:00
1426,긴급공사,35.893335,128.608099,2020-06-03 09:45:00
1427,긴급공사,35.8933403,128.6041584,2020-06-08 10:45:00
1428,지하누수,35.8933403,128.6041584,2020-06-08 10:45:00
1429,긴급공사,35.8971951,128.6088573,2020-06-08 10:46:00
1430,지하누수,35.8971951,128.6088573,2020-06-08 10:46:00
1431,지하누수,35.8954243,128.6020765,2020-06-29 16:23:00
1432,긴급공사,35.8954243,128.6020765,2020-06-29 16:23:00
1433,지하누수,35.898519,128.6055705,2020-06-30 17:55:00
1434,긴급공사,35.898519,128.6055705,2020-06-30 17:55:00
1435,지하누수,35.8971737,128.5986068,2020-07-02 10:44:00
1436,긴급공사,35.8971737,128.5986068,2020-07-02 10:44:00
1437,지상누수,35.8956519,128.6018395,2020-07-06 14:14:00
1438,긴급공사,35.8956519,128.6018395,2020-07-06 14:14:00
1439,긴급공사,35.8948505,128.6081292,2020-07-29 09:22:00
1440,지하누수,35.8948505,128.6081292,2020-07-29 09:22:00
1441,긴급공사,35.8957906,128.6108018,2020-08-06 12:06:00
1442,지상누수,35.8957906,128.6108018,2020-08-06 12:06:00
1443,지상누수,35.890437,128.6039201,2020-10-13 16:36:00
1444,긴급공사,35.890437,128.6039201,2020-10-13 16:36:00
1445,긴급공사,35.8986193,128.6041785,2020-10-27 10:24:00
1446,지상누수,35.8986193,128.6041785,2020-10-27 10:24:00
1447,지상누수,35.8979493,128.6042737,2020-10-28 08:44:00
1448,긴급공사,35.8979493,128.6042737,2020-10-28 08:44:00
1449,지하누수,35.8963962,128.6105147,2020-11-04 17:36:00
1450,긴급공사,35.8963962,128.6105147,2020-11-04 17:36:00
1451,지상누수,35.898537,128.6041687,2020-12-11 14:07:00
1452,긴급공사,35.898537,128.6041687,2020-12-11 14:07:00
1453,긴급공사,35.8982422,128.60562,2020-12-18 10:25:00
1454,긴급공사,35.8936393,128.6034359,2020-12-18 10:28:00
1455,긴급공사,35.8945089,128.5990098,2020-12-24 20:16:00
1456,지상누수,35.8960453,128.6009302,2021-01-09 14:11:00
1457,긴급공사,35.8960453,128.6009302,2021-01-09 14:11:00
1458,긴급공사,35.893689,128.5984427,2021-01-12 17:50:00
1459,지상누수,35.893689,128.5984427,2021-01-12 17:50:00
1460,지상누수,35.8954174,128.6096018,2021-01-14 09:29:00
1461,긴급공사,35.8954174,128.6096018,2021-01-14 09:29:00
1462,지상누수,35.8932559,128.6040557,2021-01-15 07:43:00
1463,긴급공사,35.8932559,128.6040557,2021-01-15 07:43:00
1464,긴급공사,35.8924787,128.605816,2021-01-18 09:33:00
1465,지상누수,35.8924787,128.605816,2021-01-18 09:33:00
1466,지상누수,35.8948401,128.6108953,2021-01-18 13:09:00
1467,긴급공사,35.8948401,128.6108953,2021-01-18 13:09:00
1468,지하누수,35.8935606,128.6053668,2021-01-18 13:46:00
1469,긴급공사,35.8935606,128.6053668,2021-01-18 13:46:00
1470,지상누수,35.8948004,128.6008315,2021-01-21 19:09:00
1471,긴급공사,35.8948004,128.6008315,2021-01-21 19:09:00
1472,긴급공사,35.896407,128.6087045,2021-01-27 16:36:00
1473,지하누수,35.896407,128.6087045,2021-01-27 16:36:00
1474,지상누수,35.8931139,128.6092693,2021-02-02 13:26:00
1475,긴급공사,35.8931139,128.6092693,2021-02-02 13:26:00
1476,지하누수,35.8942865,128.6098394,2021-02-02 16:55:00
1477,긴급공사,35.8942865,128.6098394,2021-02-02 16:55:00
1478,긴급공사,35.8922299,128.6075294,2021-02-16 09:04:00
1479,지상누수,35.8922299,128.6075294,2021-02-16 09:04:00
1480,긴급공사,35.8924099,128.5980182,2021-02-23 09:51:00
1481,지상누수,35.8924099,128.5980182,2021-02-23 09:51:00
1482,긴급공사,35.8953951,128.6115114,2021-02-26 09:03:00
1483,지상누수,35.8953951,128.6115114,2021-02-26 09:03:00
1484,지하누수,35.8897404,128.6027238,2021-02-26 11:27:00
1485,긴급공사,35.8897404,128.6027238,2021-02-26 11:27:00
1486,지하누수,35.8957377,128.6011203,2021-03-03 09:46:00
1487,긴급공사,35.8957377,128.6011203,2021-03-03 09:46:00
1488,지상누수,35.8948698,128.6010136,2021-03-06 09:43:00
1489,긴급공사,35.8948698,128.6010136,2021-03-06 09:43:00
1490,긴급공사,35.8920608,128.5969805,2021-03-11 09:27:00
1491,지하누수,35.8920608,128.5969805,2021-03-11 09:27:00
1492,지하누수,35.8923038,128.5969296,2021-03-11 09:28:00
1493,긴급공사,35.8923038,128.5969296,2021-03-11 09:28:00
1494,긴급공사,35.8968784,128.6066871,2021-03-11 13:04:00
1495,지하누수,35.8968784,128.6066871,2021-03-11 13:04:00
1496,긴급공사,35.8929896,128.6046873,2021-03-25 16:35:00
1497,지상누수,35.8929896,128.6046873,2021-03-25 16:35:00
1498,긴급공사,35.8954103,128.6093837,2021-03-26 09:15:00
1499,지하누수,35.8954103,128.6093837,2021-03-26 09:15:00
1500,지하누수,35.8956941,128.6084596,2021-03-26 09:16:00
1501,긴급공사,35.8956941,128.6084596,2021-03-26 09:16:00
1502,지상누수,35.8926598,128.6054077,2021-03-26 17:09:00
1503,긴급공사,35.8926598,128.6054077,2021-03-26 17:09:00
1504,지하누수,35.8916045,128.603594,2021-04-01 09:37:00
1505,긴급공사,35.8916045,128.603594,2021-04-01 09:37:00
1506,긴급공사,35.8920443,128.6037541,2021-04-07 08:52:00
1507,지하누수,35.8920443,128.6037541,2021-04-07 08:52:00
1508,지상누수,35.8939019,128.6063404,2021-04-20 14:40:00
1509,긴급공사,35.8939019,128.6063404,2021-04-20 14:40:00
1510,지상누수,35.8964574,128.6067985,2021-04-20 16:03:00
1511,긴급공사,35.8964574,128.6067985,2021-04-20 16:03:00
1512,지상누수,35.8951362,128.6118528,2021-05-08 09:34:00
1513,지상누수,35.8942498,128.6104451,2021-05-21 06:40:00
1514,긴급공사,35.8942498,128.6104451,2021-05-21 06:40:00
1515,지상누수,35.8937502,128.6103499,2021-06-04 15:38:00
1516,긴급공사,35.8955894,128.6061974,2021-06-08 15:42:00
1517,지하누수,35.8955894,128.6061974,2021-06-08 15:42:00
1518,긴급공사,35.8955879,128.6064074,2021-06-16 17:19:00
1519,지하누수,35.8955879,128.6064074,2021-06-16 17:19:00
1520,지하누수,35.8961398,128.6081966,2021-06-17 11:35:00
1521,긴급공사,35.8961398,128.6081966,2021-06-17 11:35:00
1522,긴급공사,35.892445,128.6080946,2021-06-29 17:11:00
1523,지하누수,35.892445,128.6080946,2021-06-29 17:11:00
1524,긴급공사,35.8941277,128.5986262,2021-06-30 14:26:00
1525,지상누수,35.8941277,128.5986262,2021-06-30 14:26:00
1526,지상누수,35.8952774,128.6101531,2021-07-03 10:44:00
1527,긴급공사,35.8952774,128.6101531,2021-07-03 10:44:00
1528,긴급공사,35.8969802,128.6084567,2021-07-08 17:33:00
1529,지하누수,35.8969802,128.6084567,2021-07-08 17:33:00
1530,긴급공사,35.8924506,128.6083,2021-07-09 09:21:00
1531,지하누수,35.8924506,128.6083,2021-07-09 09:21:00
1532,긴급공사,35.8948441,128.6087573,2021-07-12 16:48:00
1533,지하누수,35.8948441,128.6087573,2021-07-12 16:48:00
1534,지상누수,35.8961698,128.6018101,2021-07-17 09:32:00
1535,긴급공사,35.8961698,128.6018101,2021-07-17 09:32:00
1536,지상누수,35.8927823,128.5978525,2021-07-22 09:07:00
1537,긴급공사,35.8927823,128.5978525,2021-07-22 09:07:00
1538,긴급공사,35.8977169,128.6048553,2021-07-26 16:01:00
1539,지상누수,35.8977169,128.6048553,2021-07-26 16:01:00
1540,지상누수,35.898353,128.604123,2021-07-31 14:13:00
1541,긴급공사,35.898353,128.604123,2021-07-31 14:13:00
1542,긴급공사,35.8920608,128.5969805,2021-08-23 09:30:00
1543,지하누수,35.8920608,128.5969805,2021-08-23 09:30:00
1544,긴급공사,35.8962193,128.6011202,2021-08-27 12:44:00
1545,지상누수,35.8961893,128.6011194,2021-08-27 12:44:00
1546,긴급공사,35.8926588,128.5981486,2021-08-31 13:23:00
1547,지상누수,35.8926588,128.5981486,2021-08-31 13:23:00
1548,긴급공사,35.8980362,128.6037608,2021-09-24 16:14:00
1549,지상누수,35.8980362,128.6037608,2021-09-24 16:14:00
1550,긴급공사,35.8927748,128.5978637,2021-10-06 13:29:00
1551,긴급공사,35.8945825,128.6015796,2021-10-15 14:15:00
1552,지상누수,35.8945825,128.6015796,2021-10-15 14:15:00
1553,지상누수,35.8941482,128.5976751,2021-10-18 13:46:00
1554,긴급공사,35.8941482,128.5976751,2021-10-18 13:46:00
1555,지하누수,35.8961338,128.6104798,2021-10-19 09:49:00
1556,긴급공사,35.8961338,128.6104798,2021-10-19 09:49:00
1557,긴급공사,35.895638,128.6083125,2021-10-19 09:49:00
1558,지하누수,35.895638,128.6083125,2021-10-19 09:49:00
1559,긴급공사,35.893401,128.5981047,2021-11-04 11:03:00
1560,지상누수,35.893401,128.5981047,2021-11-04 11:03:00
1561,지상누수,35.895853,128.6097435,2021-11-19 10:13:00
1562,긴급공사,35.895853,128.6097435,2021-11-19 10:13:00
1563,긴급공사,35.8957823,128.5984428,2021-11-29 09:16:00
1564,지상누수,35.8957823,128.5984428,2021-11-29 09:16:00
1565,긴급공사,35.892445,128.6080946,2021-12-09 11:17:00
1566,지하누수,35.892445,128.6080946,2021-12-09 11:17:00
1567,지상누수,35.8947052,128.6090903,2021-12-13 16:20:00
1568,긴급공사,35.8947052,128.6090903,2021-12-13 16:20:00
1569,지상누수,35.8971656,128.6002114,2021-12-31 10:42:00
1570,긴급공사,35.8971656,128.6002114,2021-12-31 10:42:00
1571,지상누수,35.8977432,128.6018556,2022-01-06 15:08:00
1572,긴급공사,35.8977432,128.6018556,2022-01-06 15:08:00
1573,지상누수,35.8902971,128.6031375,2022-01-12 09:13:00
1574,긴급공사,35.8902971,128.6031375,2022-01-12 09:13:00
1575,긴급공사,35.8912787,128.5975226,2022-01-17 18:00:00
1576,지하누수,35.8912787,128.5975226,2022-01-17 18:00:00
1577,긴급공사,35.8943094,128.5979899,2022-02-07 09:26:00
1578,지하누수,35.8943094,128.5979899,2022-02-07 09:26:00
1579,긴급공사,35.897346,128.5991107,2022-02-07 09:31:00
1580,지하누수,35.897346,128.5991107,2022-02-07 09:31:00
1581,긴급공사,35.8914089,128.5976348,2022-02-07 09:34:00
1582,지하누수,35.8914089,128.5976348,2022-02-07 09:34:00
1583,지상누수,35.8950599,128.6068585,2022-02-13 12:22:00
1584,긴급공사,35.8950599,128.6068585,2022-02-13 12:22:00
1585,긴급공사,35.8940489,128.6048683,2022-02-18 13:08:00
1586,지하누수,35.8940489,128.6048683,2022-02-18 13:08:00
1587,긴급공사,35.8962927,128.6107424,2022-02-22 16:21:00
1588,지상누수,35.8962927,128.6107424,2022-02-22 16:21:00
1589,긴급공사,35.8981031,128.6047695,2022-02-24 17:13:00
1590,지상누수,35.8981031,128.6047695,2022-02-24 17:13:00
1591,긴급공사,35.8945985,128.6014333,2022-02-28 14:36:00
1592,지상누수,35.8945985,128.6014333,2022-02-28 14:36:00
1593,긴급공사,35.895618,128.6016666,2022-03-03 09:22:00
1594,지하누수,35.895618,128.6016666,2022-03-03 09:22:00
1595,긴급공사,35.8964067,128.6044953,2022-03-03 09:23:00
1596,지하누수,35.8964067,128.6044953,2022-03-03 09:23:00
1597,지하누수,35.8972172,128.6062283,2022-03-30 08:58:00
1598,긴급공사,35.8972172,128.6062283,2022-03-30 08:58:00
1599,긴급공사,35.8912521,128.6046144,2022-04-05 14:10:00
1600,지상누수,35.8912521,128.6046144,2022-04-05 14:10:00
1601,지상누수,35.8937074,128.6092431,2022-04-16 10:51:00
1602,긴급공사,35.8937074,128.6092431,2022-04-16 10:51:00
1603,긴급공사,35.893401,128.5981047,2022-04-20 16:08:00
1604,지하누수,35.8979109,128.6076387,2022-04-26 09:44:00
1605,긴급공사,35.8979109,128.6076387,2022-04-26 09:44:00
1606,지하누수,35.8963247,128.6066462,2022-04-29 16:58:00
1607,긴급공사,35.8963247,128.6066462,2022-04-29 16:58:00
1608,긴급공사,35.8955649,128.6090574,2022-05-16 08:59:00
1609,지상누수,35.8955649,128.6090574,2022-05-16 08:59:00
1610,긴급공사,35.8970424,128.6098923,2022-05-23 09:16:00
1611,지상누수,35.8970424,128.6098923,2022-05-23 09:16:00
1612,긴급공사,35.8957771,128.6102088,2022-05-24 09:06:00
1613,지하누수,35.8957771,128.6102088,2022-05-24 09:06:00
1614,지상누수,35.8970424,128.6098923,2022-05-26 09:44:00
1615,긴급공사,35.8970424,128.6098923,2022-05-26 09:44:00
1616,긴급공사,35.8918995,128.6034968,2022-05-31 14:17:00
1617,지상누수,35.8918995,128.6034968,2022-05-31 14:17:00
1618,지하누수,35.8896577,128.6031403,2022-06-09 09:45:00
1619,긴급공사,35.8896577,128.6031403,2022-06-09 09:45:00
1620,긴급공사,35.8946786,128.5982036,2022-06-09 09:46:00
1621,지하누수,35.8946786,128.5982036,2022-06-09 09:46:00
1622,긴급공사,35.897039,128.6038291,2022-06-13 10:14:00
1623,지하누수,35.897039,128.6038291,2022-06-13 10:14:00
1624,긴급공사,35.8968503,128.6010226,2022-06-13 10:19:00
1625,지하누수,35.8968503,128.6010226,2022-06-13 10:19:00
1626,긴급공사,35.8962904,128.6010969,2022-06-13 10:22:00
1627,지하누수,35.8962904,128.6010969,2022-06-13 10:22:00
1628,긴급공사,35.8960865,128.6010963,2022-06-16 16:44:00
1629,지하누수,35.8960865,128.6010963,2022-06-16 16:44:00
1630,긴급공사,35.8968314,128.6046401,2022-06-20 16:19:00
1631,긴급공사,35.8958307,128.6044147,2022-06-21 17:59:00
1632,긴급공사,35.8981896,128.6074701,2022-06-29 13:52:00
1633,긴급공사,35.8942685,128.6060313,2022-07-04 13:11:00
1634,긴급공사,35.8961148,128.6015727,2022-07-04 16:57:00
1635,긴급공사,35.8932826,128.6056974,2022-07-11 10:10:00
1636,긴급공사,35.8942168,128.6106067,2022-07-11 10:10:00
1637,긴급공사,35.8970157,128.6019014,2022-07-11 16:27:00
1638,긴급공사,35.893553,128.5988743,2022-07-25 13:13:00
1639,긴급공사,35.8930891,128.6046835,2022-08-26 09:12:00
1640,긴급공사,35.8956036,128.6014744,2022-09-23 09:03:00
1641,긴급공사,35.890103,128.6032336,2022-10-13 15:24:00
1642,긴급공사,35.8984719,128.6043512,2022-10-24 13:12:00
1643,긴급공사,35.8970534,128.60265,2022-10-24 13:20:00
1644,긴급공사,35.8965952,128.6003396,2022-10-25 16:57:00
1645,긴급공사,35.8959899,128.6009276,2022-10-28 13:39:00
1646,긴급공사,35.8944709,128.6046304,2022-11-01 15:36:00
1647,긴급공사,35.8928581,128.6093081,2022-11-11 10:22:00
1648,긴급공사,35.896863,128.6101873,2022-11-11 14:34:00
1649,긴급공사,35.8934205,128.5982273,2022-12-05 08:55:00
1650,긴급공사,35.8945187,128.604318,2022-12-07 14:26:00
1651,긴급공사,35.8941266,128.60801,2022-12-16 07:56:00
1652,긴급공사,35.8952588,128.6080664,2022-12-17 12:48:00
1653,긴급공사,35.8956723,128.609956,2022-12-17 14:26:00
1654,긴급공사,35.8966709,128.6080818,2022-12-20 07:24:00
1655,긴급공사,35.8956924,128.6085498,2022-12-27 10:59:00
1656,긴급공사,35.8944129,128.609764,2022-12-27 20:14:00
1657,긴급공사,35.8903368,128.6028848,2023-01-17 14:42:00
1658,긴급공사,35.8932556,128.6085506,2023-01-19 09:59:00
1659,긴급공사,35.8948097,128.600835,2023-01-25 14:35:00
1660,긴급공사,35.8903237,128.6041602,2023-01-26 10:16:00
1661,긴급공사,35.8909649,128.6035785,2023-01-27 06:09:00
1662,긴급공사,35.8968519,128.6037057,2023-01-30 12:47:00
1663,긴급공사,35.8924276,128.5972402,2023-02-06 10:57:00
1664,긴급공사,35.8916872,128.5975226,2023-02-08 11:57:00
1665,긴급공사,35.8932556,128.6085506,2023-02-09 11:34:00
1666,긴급공사,35.8916872,128.5975226,2023-02-17 11:32:00
1667,긴급공사,35.8958918,128.6010965,2023-02-27 13:16:00
1668,긴급공사,35.8909562,128.6053664,2023-02-27 16:23:00
1669,긴급공사,35.8974598,128.6041851,2023-03-02 09:26:00
1670,긴급공사,35.8997918,128.6025145,2023-03-07 21:42:00
1671,긴급공사,35.8965843,128.6035178,2023-03-21 10:51:00
1672,긴급공사,35.8964249,128.6033211,2023-03-21 16:08:00
1673,긴급공사,35.8922007,128.6077583,2023-03-22 12:21:00
1674,긴급공사,35.8942515,128.6102411,2023-04-12 09:36:00
1675,긴급공사,35.8966374,128.6045708,2023-04-26 19:55:00
1676,긴급공사,35.8948062,128.5982373,2023-04-27 13:13:00
1677,긴급공사,35.8940843,128.6099608,2023-05-03 16:32:00
1678,긴급공사,35.8958275,128.6041042,2023-05-09 13:41:00
1679,긴급공사,35.8935443,128.6092648,2023-05-09 17:48:00
1680,긴급공사,35.8966499,128.6027278,2023-05-15 11:37:00
1681,긴급공사,35.898406,128.6053291,2023-05-17 15:00:00
1682,긴급공사,35.8974297,128.601222,2023-05-22 09:53:00
1683,긴급공사,35.8954697,128.6050894,2023-06-01 09:41:00
1684,긴급공사,35.8939864,128.6102099,2023-06-02 16:28:00
1685,긴급공사,35.895403,128.6071057,2023-06-18 07:26:00
1686,긴급공사,35.8954125,128.6069059,2023-06-22 09:46:00
1687,긴급공사,35.8943368,128.5988499,2023-06-23 09:00:00
1688,긴급공사,35.8941592,128.5988743,2023-07-17 11:14:00
1689,긴급공사,35.8985938,128.6060735,2023-07-20 10:50:00
1690,긴급공사,35.8968399,128.6013262,2023-07-21 13:39:00
1691,긴급공사,35.8939505,128.5984068,2023-07-26 16:16:00
1692,긴급공사,35.8943814,128.5986705,2023-07-29 13:00:00
1693,긴급공사,35.8969874,128.6061293,2023-08-01 15:27:00
1694,긴급공사,35.8956225,128.6004775,2023-08-11 09:50:00
1695,긴급공사,35.890282,128.6036756,2023-08-14 10:50:00
1696,긴급공사,35.8936809,128.5987518,2023-08-14 10:54:00
1697,긴급공사,35.8936039,128.598409,2023-08-18 13:23:00
1698,긴급공사,35.8928313,128.597682,2023-08-19 08:18:00
1699,긴급공사,35.8976215,128.6049626,2023-08-21 09:26:00
1700,긴급공사,35.8942938,128.6099079,2023-08-21 13:13:00
1701,긴급공사,35.89015,128.6033144,2023-08-23 09:05:00
1702,긴급공사,35.8937931,128.5985295,2023-08-29 15:38:00
1703,긴급공사,35.8966843,128.6043934,2023-09-01 15:55:00
1704,긴급공사,35.8971737,128.5986068,2023-09-06 07:34:00
1705,긴급공사,35.8938732,128.5977815,2023-09-06 17:25:00
1706,긴급공사,35.8916831,128.6048719,2023-09-11 22:15:00
1707,긴급공사,35.8968922,128.6019671,2023-09-18 09:02:00
1708,긴급공사,35.8959153,128.5988472,2023-09-18 13:22:00
1709,긴급공사,35.8961994,128.6121224,2023-09-19 09:24:00
1710,긴급공사,35.8897154,128.6014179,2023-09-20 14:42:00
1711,긴급공사,35.8985056,128.6049998,2023-09-25 17:16:00
1712,긴급공사,35.8971778,128.6074653,2023-10-04 16:52:00
1713,긴급공사,35.8953586,128.5985977,2023-10-10 11:00:00
1714,긴급공사,35.8944859,128.6014346,2023-10-11 09:15:00
1715,긴급공사,35.8891812,128.6026319,2023-10-23 11:38:00
1716,긴급공사,35.8928011,128.597434,2023-10-25 09:47:00
1717,긴급공사,35.8970788,128.6077225,2023-10-31 16:56:00
1718,긴급공사,35.8951477,128.6101584,2023-11-02 08:44:00
1719,긴급공사,35.8966947,128.6046573,2023-11-03 09:13:00
1720,긴급공사,35.8971634,128.6038306,2023-11-03 09:13:00
1721,긴급공사,35.8962904,128.6010969,2023-11-03 09:14:00
1722,긴급공사,35.8963788,128.6116833,2023-11-11 11:00:00
1723,긴급공사,35.895299,128.6018823,2023-11-11 11:01:00
1724,긴급공사,35.8954035,128.5994341,2023-11-11 11:01:00
1725,긴급공사,35.895609,128.6026878,2023-11-11 11:02:00
1726,긴급공사,35.8959292,128.6097443,2023-11-14 16:15:00
1727,긴급공사,35.8940121,128.6078613,2023-11-17 08:44:00
1728,긴급공사,35.895618,128.6016666,2023-11-21 11:19:00
1729,긴급공사,35.895609,128.6026878,2023-11-21 11:23:00
1730,긴급공사,35.8984583,128.6048728,2023-11-22 11:36:00
1731,긴급공사,35.8913639,128.5966834,2023-11-29 13:18:00
1732,긴급공사,35.8925157,128.5972114,2023-11-30 15:49:00
1733,긴급공사,35.892058,128.5977012,2023-12-01 22:57:00
1734,긴급공사,35.8960709,128.6107082,2023-12-04 11:46:00
1735,긴급공사,35.8949869,128.5989874,2023-12-05 11:30:00
1736,긴급공사,35.8919893,128.5979324,2023-12-06 10:42:00
1737,긴급공사,35.8965551,128.6053847,2023-12-15 17:18:00
1738,긴급공사,35.8980307,128.6039349,2023-12-18 07:23:00
1739,긴급공사,35.8960799,128.6073073,2023-12-18 18:32:00
1740,긴급공사,35.8958007,128.6086978,2023-12-21 14:39:00
1741,긴급공사,35.8916162,128.6065522,2023-12-25 10:51:00
1742,긴급공사,35.8952484,128.5985338,2023-12-26 10:08:00
1743,긴급공사,35.8949466,128.6114821,2024-01-04 11:23:00
1744,긴급공사,35.8900154,128.60332,2024-01-08 13:03:00
1745,긴급공사,35.8908668,128.6038417,2024-01-26 10:44:00
1746,긴급공사,35.8914541,128.6032893,2024-01-30 08:54:00
1747,긴급공사,35.891423,128.6035525,2024-02-01 09:13:00
1748,긴급공사,35.8942865,128.6098394,2024-02-02 13:01:00
1749,긴급공사,35.8963484,128.599048,2024-02-05 16:25:00
1750,긴급공사,35.8975739,128.6038398,2024-02-16 11:08:00
1751,긴급공사,35.8894969,128.6027178,2024-02-24 17:01:00
1752,긴급공사,35.8954321,128.6015067,2024-03-13 10:41:00
1753,긴급공사,35.8927362,128.5972622,2024-03-14 11:42:00
1754,긴급공사,35.893126,128.6079989,2024-03-15 16:10:00
1755,긴급공사,35.8904408,128.6015707,2024-04-02 09:52:00
1756,긴급공사,35.8975022,128.5993369,2024-04-12 14:16:00
1757,긴급공사,35.8937179,128.6081037,2024-04-15 16:18:00
1758,긴급공사,35.8909154,128.604099,2024-04-24 19:42:00
1759,긴급공사,35.8961978,128.6043234,2024-04-29 15:03:00
1760,긴급공사,35.8954142,128.6116375,2024-04-30 16:57:00
1761,긴급공사,35.892449,128.6088743,2024-05-10 11:05:00
1762,긴급공사,35.895623,128.5987887,2024-05-23 08:01:00
1763,긴급공사,35.8957987,128.5993513,2024-05-30 16:57:00
1764,긴급공사,35.895626,128.6055963,2024-06-10 09:38:00
1765,긴급공사,35.8941984,128.5982547,2024-07-17 10:18:00
1766,긴급공사,35.8917892,128.5966102,2024-07-17 10:37:00
1767,긴급공사,35.8926588,128.5981486,2024-07-24 13:18:00
1768,긴급공사,35.8939031,128.5987502,2024-07-24 13:26:00
1769,긴급공사,35.8959086,128.6094012,2024-08-06 09:48:00
1770,긴급공사,35.895609,128.6026878,2024-08-20 10:09:00
1771,긴급공사,35.8937698,128.5991186,2024-08-20 10:43:00
1772,긴급공사,35.8975852,128.6021125,2024-08-20 10:47:00
1773,긴급공사,35.8954325,128.6038501,2024-08-20 11:01:00
1774,긴급공사,35.896751,128.6048439,2024-08-30 09:58:00
1775,긴급공사,35.8975928,128.6075124,2024-08-30 10:10:00
1776,긴급공사,35.8981896,128.6074701,2024-08-30 10:13:00
1777,긴급공사,35.8923973,128.6053741,2024-09-02 17:48:00
1778,긴급공사,35.8947697,128.6024035,2024-09-09 10:20:00
1779,긴급공사,35.8897159,128.6012738,2024-09-10 14:58:00
1780,긴급공사,35.8935405,128.6091179,2024-09-24 10:49:00
1781,긴급공사,35.8921739,128.5978849,2024-09-25 10:58:00
1782,긴급공사,35.8951594,128.5997819,2024-10-16 10:06:00
1783,긴급공사,35.8941528,128.6049132,2024-10-18 09:34:00
1784,긴급공사,35.8978182,128.6082342,2024-10-22 14:29:00
1785,긴급공사,35.8938137,128.6066753,2024-10-31 16:20:00
1786,긴급공사,35.8936194,128.5988758,2024-11-05 15:32:00
1787,긴급공사,35.892464,128.6060071,2024-11-17 12:45:00
1788,긴급공사,35.893307,128.598147,2024-11-22 09:18:00
1789,긴급공사,35.8969202,128.5987609,2024-11-25 09:12:00
1790,긴급공사,35.8927158,128.6071154,2024-11-26 13:50:00
1791,긴급공사,35.8898417,128.6010228,2024-12-04 16:41:00
1792,긴급공사,35.8897159,128.6012738,2024-12-08 09:00:00
1793,긴급공사,35.8920192,128.6041082,2024-12-10 08:38:00
1794,긴급공사,35.8950077,128.6014367,2024-12-13 17:45:00
1795,긴급공사,35.8962179,128.6033294,2024-12-17 12:00:00
1796,긴급공사,35.8913572,128.6032576,2024-12-19 11:21:00
1797,긴급공사,35.8893733,128.6015727,2024-12-20 16:52:00
1798,긴급공사,35.8958475,128.603003,2024-12-24 13:22:00
1799,긴급공사,35.8932908,128.6053603,2024-12-26 10:54:00
1800,긴급공사,35.8965247,128.6047911,2024-12-28 08:06:00
1801,긴급공사,35.8917011,128.6035545,2025-01-10 10:16:00
1802,긴급공사,35.8948661,128.6060499,2025-01-10 10:22:00
1803,긴급공사,35.8896045,128.6017164,2025-01-13 10:20:00
1804,긴급공사,35.8954328,128.6060242,2025-01-15 14:09:00
1805,긴급공사,35.8921541,128.6040525,2025-01-20 16:43:00
1806,긴급공사,35.8912668,128.596979,2025-02-05 01:34:00
1807,긴급공사,35.8961025,128.6043331,2025-02-06 13:56:00
1808,긴급공사,35.8958248,128.6046429,2025-02-06 14:04:00
1809,긴급공사,35.8921273,128.6065444,2025-02-10 11:43:00
1810,긴급공사,35.8978433,128.6030065,2025-02-10 17:22:00
1811,긴급공사,35.8964345,128.6001048,2025-02-11 13:16:00
1812,긴급공사,35.8954103,128.6093837,2025-02-14 13:01:00
1813,긴급공사,35.8917892,128.5966102,2025-02-22 14:46:00
1814,긴급공사,35.8952564,128.6027767,2025-02-24 15:18:00
1815,긴급공사,35.8924376,128.6035637,2025-02-26 10:20:00
1816,긴급공사,35.8942286,128.6080125,2025-02-28 11:40:00
1817,긴급공사,35.8955794,128.6081656,2025-03-04 10:30:00
1818,긴급공사,35.8952666,128.6002076,2025-03-05 16:13:00
1819,긴급공사,35.890347,128.6011965,2025-03-27 16:43:00
1820,긴급공사,35.8947352,128.5989505,2025-04-04 15:10:00
1821,긴급공사,35.894675,128.6080001,2025-04-10 15:03:00
1822,긴급공사,35.8953021,128.6042856,2025-04-11 16:53:00
1823,긴급공사,35.8917235,128.6061353,2025-04-14 15:12:00
1824,긴급공사,35.8952682,128.6077727,2025-04-16 15:32:00
1825,긴급공사,35.8946041,128.6021922,2025-04-18 09:51:00
1826,긴급공사,35.8950661,128.6044337,2025-04-24 08:58:00
1827,긴급공사,35.8893733,128.6015727,2025-05-10 08:16:00
1828,긴급공사,35.8927865,128.6044273,2025-05-21 09:05:00
1829,긴급공사,35.8898904,128.6014252,2025-05-27 13:03:00
1830,긴급공사,35.8957987,128.5993513,2025-06-09 13:24:00
1831,긴급공사,35.8928881,128.6043166,2025-07-21 13:10:00
1832,긴급공사,35.896852,128.60232,2025-07-21 14:41:00
1833,긴급공사,35.8968597,128.6024676,2025-07-21 14:42:00
1834,긴급공사,35.8957823,128.5984428,2025-07-21 15:09:00
1835,긴급공사,35.8944473,128.5974658,2025-07-21 16:50:00
1836,긴급공사,35.8934489,128.5987172,2025-07-21 16:51:00
1837,긴급공사,35.8934489,128.5987172,2025-07-21 16:52:00
1838,긴급공사,35.8964048,128.609203,2025-07-23 14:59:00
1839,지상누수,35.8887528,128.6024193,
1840,지상누수,35.8934943,128.6071291,
1841,지상누수,35.8973255,128.598688,
1842,지상누수,35.896862,128.6102019,
1843,지상누수,35.8972847,128.6067763,
1844,지상누수,35.8933568,128.6080768,
1845,지상누수,35.8948698,128.6010136,
1846,지상누수,35.8952936,128.6095987,
1847,지상누수,35.8933378,128.6098866,
1848,지상누수,35.8974779,128.6038346,
1849,지상누수,35.8951696,128.6090785,
1850,지상누수,35.8937156,128.6060161,
1851,지상누수,35.8946232,128.6089947,
1852,지상누수,35.8946812,128.60549,
1853,지상누수,35.8958128,128.6122184,
1854,지상누수,35.8941917,128.6098301,
1855,지상누수,35.8958898,128.6102138,
1856,지상누수,35.8974475,128.6082208,
1857,지상누수,35.8976809,128.6005573,
1858,지상누수,35.8970081,128.6100978,
1859,지상누수,35.8945281,128.6102834,
1860,지상누수,35.8954018,128.6109694,
1861,지상누수,35.897172,128.6035242,
1862,지상누수,35.8958181,128.5988243,
1863,지상누수,35.8963146,128.608057,
1864,지상누수,35.8898416,128.6029412,
1865,지상누수,35.8898967,128.6014117,
1866,지상누수,35.9021058,128.6014762,
1867,지상누수,35.896079,128.6124025,
1868,지상누수,35.8953808,128.6108597,
1869,지상누수,35.8950228,128.6085868,
1870,지상누수,35.8947785,128.6051035,
1871,지상누수,35.8976226,128.6048668,
1872,지상누수,35.8929263,128.6060014,
1873,지상누수,35.8961776,128.6111316,
1874,지상누수,35.8933208,128.6063727,
1875,지상누수,35.8968082,128.5991048,
1876,지상누수,35.8915979,128.5958797,
1877,지상누수,35.8942939,128.6108759,
1878,지상누수,35.8980429,128.6054633,
1879,지상누수,35.8903448,128.603526,
1880,지상누수,35.9015936,128.6040458,
1881,지상누수,35.8963925,128.6093905,
1882,지상누수,35.8948143,128.610655,
1883,지상누수,35.8951427,128.6108632,
1884,지상누수,35.8963992,128.5987661,
1885,지상누수,35.8967871,128.6097942,
1886,지상누수,35.8958578,128.6049185,
1887,지상누수,35.8957134,128.611724,
1888,지상누수,35.8950204,128.6087327,
1889,지상누수,35.8964062,128.6085155,
1890,지상누수,35.8941286,128.6087402,
1891,지상누수,35.8976136,128.6049804,
1892,지상누수,35.8912066,128.6040328,
1893,지상누수,35.8929963,128.6041747,
1894,지상누수,35.8951425,128.6102863,
1895,지상누수,35.8929568,128.5974565,
1896,지상누수,35.8948223,128.6031508,
1897,지상누수,35.8950854,128.6088372,
1898,지상누수,35.8954748,128.604678,
1899,지상누수,35.8923529,128.5980818,
1900,지하누수,35.891356,128.6032407,
1901,지하누수,35.8972211,128.6096754,
1902,지하누수,35.8972868,128.6080448,
1903,지하누수,35.8958057,128.6091948,
1904,지하누수,35.8967956,128.6094113,
1905,지하누수,35.8963254,128.6083443,
1906,지하누수,35.8954131,128.6085243,
1907,지하누수,35.8966922,128.6062421,
1908,지하누수,35.8913476,128.5984065,
1909,지하누수,35.8962323,128.600836,
1910,지하누수,35.8970021,128.602767,
1911,지하누수,35.8952896,128.6012526,
1912,지하누수,35.8958578,128.6049185,
1913,지하누수,35.8950275,128.6071764,
1914,지하누수,35.8950196,128.6097072,
1915,지하누수,35.8950004,128.6102705,
1916,지하누수,35.8954473,128.6010038,
1917,지하누수,35.8970346,128.6017844,
1918,지하누수,35.892469,128.6075684,
1919,지하누수,35.895978,128.6022858,
1920,지하누수,35.8953064,128.6008748,
1921,지하누수,35.8956611,128.6023469,
1922,지하누수,35.895665,128.6022169,
1923,지하누수,35.8925156,128.5967567,
1924,지하누수,35.8920784,128.5963469,
1925,지하누수,35.8945447,128.60202,
1926,지하누수,35.8946636,128.602393,
1927,지하누수,35.8964518,128.5985146,
1928,지하누수,35.8962741,128.598792,
1929,지하누수,35.8962449,128.5985717,
1930,지하누수,35.8971117,128.5998117,
1931,지하누수,35.896796,128.5992992,
1932,지하누수,35.8968833,128.6021024,
1933,지하누수,35.8957266,128.6037964,
1934,지하누수,35.8956114,128.6038041,
1935,지하누수,35.8976002,128.603555,
1936,지하누수,35.898598,128.6061009,
1937,지하누수,35.8980324,128.6046759,
1938,지하누수,35.8976226,128.6048668,
1939,지하누수,35.8976226,128.6048668,
1940,지하누수,35.8976416,128.6036774,
1941,지하누수,35.8925856,128.5968797,
1942,지하누수,35.8917733,128.5973032,
