FTR_IDN,pipe_length,K_repair,K_repair_per_m,K_repair_ground,K_repair_ground_per_m,K_repair_under,K_repair_under_per_m,K_repair_emergency,K_repair_emergency_per_m,K_repair_management,K_repair_management_per_m
107322.0,314.04,35.41,0.1128,14.18,0.0451,9.8,0.0312,11.43,0.0364,0.0,0.0
211327.0,57.61,14.05,0.2439,8.35,0.1449,1.89,0.0328,3.81,0.0662,0.0,0.0
3693.0,12.53,7.81,0.6234,3.15,0.2513,1.97,0.1573,2.69,0.2148,0.0,0.0
316651.0,5.76,0.95,0.0952,0.43,0.0432,0.52,0.052,0.0,0.0,0.0,0.0
245307.0,57.57,10.5,0.1824,5.66,0.0983,1.09,0.0189,3.76,0.0652,0.0,0.0
3778.0,19.55,7.71,0.3942,3.78,0.1935,0.78,0.0397,3.15,0.161,0.0,0.0
72224.0,19.83,9.67,0.4874,4.7,0.2372,1.18,0.0597,3.78,0.1905,0.0,0.0
37938.0,18.1,6.18,0.3416,3.08,0.1702,1.42,0.0785,1.68,0.093,0.0,0.0
211403.0,19.68,2.31,0.1175,1.27,0.0648,0.0,0.0,1.04,0.0528,0.0,0.0
110993.0,57.72,13.76,0.2384,2.99,0.0518,4.52,0.0783,6.25,0.1083,0.0,0.0
72312.0,18.44,2.71,0.147,0.49,0.0267,1.51,0.0819,0.71,0.0384,0.0,0.0
316639.0,6.55,0.93,0.0927,0.52,0.0521,0.41,0.0406,0.0,0.0,0.0,0.0
143129.0,96.39,11.76,0.122,3.9,0.0405,3.28,0.034,4.58,0.0475,0.0,0.0
37854.0,14.37,4.55,0.3168,1.99,0.1382,0.3,0.0205,2.27,0.1581,0.0,0.0
37990.0,16.88,3.52,0.2082,0.89,0.0524,1.25,0.0742,1.38,0.0815,0.0,0.0
211249.0,24.28,6.69,0.2757,2.29,0.0943,1.68,0.0691,2.73,0.1123,0.0,0.0
245222.0,16.05,2.87,0.1788,1.85,0.1153,0.51,0.0317,0.51,0.0317,0.0,0.0
142926.0,16.0,2.1,0.1313,0.35,0.0221,0.26,0.0162,1.49,0.0931,0.0,0.0
37847.0,6.79,4.54,0.4536,0.73,0.0727,1.96,0.1958,1.85,0.1851,0.0,0.0
316656.0,5.81,0.31,0.0314,0.2,0.0197,0.12,0.0117,0.0,0.0,0.0,0.0
245426.0,21.71,0.87,0.04,0.39,0.0178,0.06,0.0029,0.42,0.0193,0.0,0.0
177329.0,10.67,0.67,0.0624,0.37,0.0349,0.15,0.0144,0.14,0.0131,0.0,0.0
3905.0,21.68,8.51,0.3925,1.54,0.0712,3.64,0.1679,3.33,0.1535,0.0,0.0
177330.0,19.86,1.14,0.0573,0.28,0.0143,0.57,0.0288,0.28,0.0143,0.0,0.0
238401.0,14.25,0.54,0.0382,0.37,0.0262,0.17,0.012,0.0,0.0,0.0,0.0
435127.0,28.32,3.0,0.106,0.11,0.0037,1.36,0.0479,1.54,0.0544,0.0,0.0
72209.0,13.19,2.31,0.175,0.0,0.0,1.32,0.1002,0.99,0.0748,0.0,0.0
245228.0,20.58,3.49,0.1695,0.45,0.0219,2.1,0.1019,0.94,0.0456,0.0,0.0
3773.0,153.84,14.15,0.092,5.13,0.0333,4.73,0.0308,4.29,0.0279,0.0,0.0
38779.0,16.36,5.23,0.3197,1.98,0.1213,1.19,0.073,2.05,0.1254,0.0,0.0
316654.0,65.52,2.12,0.0324,1.16,0.0177,0.0,0.0,0.96,0.0147,0.0,0.0
418133.0,11.98,2.31,0.1929,1.38,0.1151,0.05,0.004,0.88,0.0738,0.0,0.0
143879.0,183.29,13.28,0.0724,2.18,0.0119,4.0,0.0218,7.1,0.0387,0.0,0.0
4693.0,52.46,6.88,0.1312,3.48,0.0664,1.19,0.0227,2.21,0.0421,0.0,0.0
246252.0,26.09,4.51,0.173,2.79,0.1067,0.6,0.0231,1.13,0.0432,0.0,0.0
246253.0,31.28,4.12,0.1318,0.46,0.0146,1.6,0.0511,2.07,0.0661,0.0,0.0
143878.0,138.67,11.65,0.084,2.6,0.0187,3.56,0.0257,5.5,0.0396,0.0,0.0
4695.0,16.88,2.73,0.1616,0.55,0.0327,1.11,0.0659,1.06,0.0629,0.0,0.0
245201.0,14.63,2.25,0.1538,1.81,0.1238,0.0,0.0,0.44,0.0299,0.0,0.0
72210.0,15.15,7.3,0.4819,4.17,0.2756,0.87,0.0573,2.26,0.149,0.0,0.0
4692.0,12.77,3.94,0.3084,2.14,0.1673,0.29,0.0224,1.52,0.1187,0.0,0.0
4694.0,49.84,5.39,0.1081,3.06,0.0613,0.51,0.0102,1.82,0.0366,0.0,0.0
143877.0,133.56,10.82,0.081,2.29,0.0172,3.46,0.0259,5.07,0.0379,0.0,0.0
245336.0,2.71,1.37,0.1369,1.07,0.1069,0.0,0.0,0.3,0.03,0.0,0.0
3673.0,14.27,1.12,0.0782,0.84,0.0589,0.13,0.0092,0.14,0.01,0.0,0.0
245200.0,14.24,2.89,0.2027,0.27,0.0188,1.76,0.1239,0.85,0.06,0.0,0.0
106330.0,12.97,8.66,0.6679,2.51,0.1933,3.06,0.2361,3.09,0.2385,0.0,0.0
245203.0,17.26,6.15,0.3561,3.08,0.1784,0.97,0.056,2.1,0.1216,0.0,0.0
245303.0,13.88,0.49,0.0356,0.49,0.0356,0.0,0.0,0.0,0.0,0.0,0.0
442731.0,31.91,5.87,0.184,0.6,0.0187,2.6,0.0815,2.67,0.0838,0.0,0.0
442730.0,7.51,2.36,0.236,0.24,0.0245,0.81,0.0814,1.3,0.1301,0.0,0.0
443322.0,7.58,5.82,0.5822,3.22,0.3218,1.03,0.1025,1.58,0.1578,0.0,0.0
443629.0,5.59,4.13,0.4129,1.96,0.1964,0.64,0.0643,1.52,0.1521,0.0,0.0
440291.0,19.3,2.46,0.1276,0.76,0.0394,0.57,0.0296,1.13,0.0586,0.0,0.0
212248.0,146.63,15.79,0.1077,8.76,0.0597,2.57,0.0175,4.46,0.0304,0.0,0.0
18681.0,143.94,16.38,0.1138,8.87,0.0616,2.36,0.0164,5.14,0.0357,0.0,0.0
3672.0,11.58,1.39,0.1202,0.71,0.0612,0.57,0.0494,0.11,0.0096,0.0,0.0
177112.0,3.21,4.25,0.4253,2.28,0.2282,0.21,0.0209,1.76,0.1763,0.0,0.0
107319.0,13.96,7.09,0.5079,1.37,0.098,2.36,0.1693,3.36,0.2405,0.0,0.0
72211.0,12.64,7.48,0.5919,4.59,0.3628,0.24,0.0192,2.65,0.2098,0.0,0.0
178121.0,27.66,10.97,0.3967,2.97,0.1074,3.2,0.1157,4.8,0.1736,0.0,0.0
447922.0,15.06,7.05,0.4682,3.22,0.2138,0.37,0.0245,3.46,0.2299,0.0,0.0
450436.0,13.98,5.19,0.371,2.19,0.1564,1.04,0.0741,1.96,0.1405,0.0,0.0
418132.0,30.28,5.87,0.1939,2.81,0.0926,0.94,0.0312,2.12,0.0701,0.0,0.0
250103.0,7.82,4.07,0.4067,0.81,0.0808,1.27,0.1274,1.99,0.1986,0.0,0.0
177111.0,14.0,5.9,0.4213,2.91,0.2081,0.37,0.0262,2.62,0.1871,0.0,0.0
107324.0,30.25,1.98,0.0655,0.0,0.0,0.99,0.0328,0.99,0.0328,0.0,0.0
212291.0,15.36,0.74,0.048,0.74,0.048,0.0,0.0,0.0,0.0,0.0,0.0
107315.0,341.68,45.19,0.1323,17.84,0.0522,7.62,0.0223,19.74,0.0578,0.0,0.0
3675.0,19.92,3.78,0.1897,1.65,0.083,0.55,0.0279,1.57,0.0788,0.0,0.0
177110.0,14.76,5.28,0.3573,2.85,0.1932,0.08,0.0051,2.35,0.159,0.0,0.0
48166.0,16.03,5.7,0.3557,0.76,0.0473,2.04,0.1274,2.9,0.1811,0.0,0.0
250048.0,97.33,12.23,0.1256,3.46,0.0355,2.89,0.0297,5.88,0.0604,0.0,0.0
72213.0,26.18,2.19,0.0836,1.35,0.0517,0.47,0.018,0.36,0.0139,0.0,0.0
212251.0,89.82,8.39,0.0934,2.88,0.0321,2.2,0.0245,3.31,0.0368,0.0,0.0
142909.0,46.98,5.97,0.1271,1.35,0.0287,2.01,0.0428,2.61,0.0556,0.0,0.0
4697.0,61.21,8.01,0.1309,1.96,0.032,2.33,0.038,3.73,0.0609,0.0,0.0
211225.0,26.72,2.59,0.0969,1.19,0.0446,0.0,0.0,1.4,0.0523,0.0,0.0
212249.0,15.94,1.7,0.1065,0.7,0.0438,0.07,0.0045,0.93,0.0583,0.0,0.0
178191.0,4.9,0.58,0.0579,0.39,0.0385,0.0,0.0,0.19,0.0194,0.0,0.0
37742.0,19.01,4.42,0.2326,2.66,0.1401,0.0,0.0,1.76,0.0925,0.0,0.0
107323.0,23.28,0.37,0.016,0.04,0.0018,0.01,0.0004,0.32,0.0138,0.0,0.0
73275.0,17.13,0.41,0.024,0.11,0.0063,0.0,0.0,0.3,0.0177,0.0,0.0
245204.0,16.63,3.36,0.2018,0.76,0.0458,0.92,0.0551,1.68,0.1009,0.0,0.0
38828.0,23.49,2.15,0.0916,0.91,0.0386,0.34,0.0143,0.91,0.0386,0.0,0.0
38783.0,48.89,5.98,0.1223,2.91,0.0594,0.47,0.0096,2.6,0.0532,0.0,0.0
443336.0,33.12,3.54,0.1068,2.01,0.0608,0.24,0.0071,1.29,0.0389,0.0,0.0
75978.0,367.66,45.34,0.1233,16.85,0.0458,8.47,0.023,20.02,0.0545,0.0,0.0
37746.0,15.79,0.38,0.0242,0.38,0.0242,0.0,0.0,0.0,0.0,0.0,0.0
143928.0,23.86,0.25,0.0105,0.25,0.0105,0.0,0.0,0.0,0.0,0.0,0.0
143884.0,4.29,2.09,0.2091,0.25,0.0249,0.88,0.0883,0.96,0.0958,0.0,0.0
211234.0,14.1,1.84,0.1307,1.1,0.0783,0.0,0.0,0.74,0.0524,0.0,0.0
417712.0,669.93,17.52,0.0261,10.56,0.0158,3.69,0.0055,3.28,0.0049,0.0,0.0
418134.0,3.77,1.24,0.1236,0.98,0.0982,0.0,0.0,0.25,0.0254,0.0,0.0
418135.0,24.01,2.22,0.0923,1.49,0.0621,0.0,0.0,0.72,0.0302,0.0,0.0
465919.0,23.72,4.21,0.1776,1.05,0.0444,1.29,0.0543,1.87,0.0789,0.0,0.0
106332.0,12.79,1.12,0.0873,0.68,0.0529,0.0,0.0,0.44,0.0343,0.0,0.0
73234.0,36.01,11.37,0.3158,4.28,0.1188,0.79,0.0221,6.3,0.1749,0.0,0.0
178122.0,32.39,4.95,0.1529,1.39,0.0428,0.97,0.0299,2.6,0.0802,0.0,0.0
38782.0,20.67,7.86,0.3802,2.4,0.116,1.55,0.075,3.91,0.1892,0.0,0.0
212293.0,17.36,6.88,0.396,1.13,0.0652,3.82,0.22,1.92,0.1108,0.0,0.0
246293.0,110.96,7.22,0.0651,0.92,0.0083,4.11,0.037,2.2,0.0198,0.0,0.0
38829.0,51.44,0.72,0.014,0.12,0.0024,0.0,0.0,0.6,0.0116,0.0,0.0
106306.0,231.42,0.0,0.0,0.0,0.0,0.0,0.0,0.0,0.0,0.0,0.0
244346.0,51.58,9.99,0.1937,4.65,0.0901,1.22,0.0236,4.13,0.08,0.0,0.0
24850.0,56.54,5.41,0.0957,1.81,0.032,1.56,0.0275,2.04,0.0361,0.0,0.0
81504.0,87.09,8.13,0.0933,4.14,0.0475,0.88,0.0101,3.11,0.0357,0.0,0.0
4738.0,51.44,0.72,0.0139,0.26,0.0051,0.0,0.0,0.45,0.0088,0.0,0.0
193308.0,95.38,2.9,0.0304,1.22,0.0128,0.75,0.0078,0.93,0.0098,0.0,0.0
177114.0,13.39,3.01,0.225,0.67,0.0498,1.09,0.0814,1.26,0.0938,0.0,0.0
157968.0,166.69,12.12,0.0727,1.79,0.0107,4.42,0.0265,5.92,0.0355,0.0,0.0
107320.0,16.99,6.91,0.4068,3.07,0.1809,0.52,0.0308,3.32,0.1952,0.0,0.0
245208.0,17.32,9.08,0.5242,0.91,0.0525,5.22,0.3017,2.94,0.17,0.0,0.0
209453.0,100.37,3.02,0.0301,1.22,0.0121,0.77,0.0076,1.03,0.0103,0.0,0.0
110958.0,117.07,8.45,0.0722,0.82,0.007,4.99,0.0426,2.64,0.0225,0.0,0.0
107321.0,112.59,4.9,0.0435,0.47,0.0041,1.2,0.0107,3.23,0.0287,0.0,0.0
143924.0,137.09,6.2,0.0452,1.94,0.0141,2.16,0.0158,2.09,0.0153,0.0,0.0
143880.0,350.66,16.75,0.0478,4.56,0.013,5.15,0.0147,7.04,0.0201,0.0,0.0
143128.0,153.41,18.81,0.1226,3.21,0.0209,5.88,0.0383,9.71,0.0633,0.0,0.0
211230.0,24.75,4.78,0.193,1.46,0.0591,1.53,0.062,1.78,0.0719,0.0,0.0
42449.0,96.35,15.79,0.1638,5.06,0.0525,3.72,0.0386,7.0,0.0727,0.0,0.0
42329.0,3.8,6.71,0.6709,2.85,0.2848,1.23,0.1231,2.63,0.2629,0.0,0.0
245206.0,15.09,3.25,0.2154,0.0,0.0,2.21,0.1465,1.04,0.0689,0.0,0.0
142910.0,20.43,2.75,0.1345,0.98,0.048,0.91,0.0443,0.86,0.0422,0.0,0.0
106549.0,193.87,8.69,0.0448,4.36,0.0225,1.25,0.0065,3.08,0.0159,0.0,0.0
106428.0,194.83,12.03,0.0617,5.53,0.0284,1.87,0.0096,4.63,0.0237,0.0,0.0
477327.0,59.28,5.53,0.0932,3.31,0.0558,0.12,0.0021,2.09,0.0353,0.0,0.0
478285.0,31.54,5.65,0.179,2.37,0.0751,2.3,0.0728,0.98,0.0311,0.0,0.0
73278.0,21.19,3.57,0.1685,1.57,0.0742,0.64,0.0302,1.36,0.064,0.0,0.0
199088.0,214.1,27.28,0.1274,7.08,0.0331,8.0,0.0374,12.2,0.057,0.0,0.0
211236.0,23.66,3.86,0.1631,1.85,0.0782,0.69,0.0293,1.31,0.0556,0.0,0.0
4736.0,56.04,12.49,0.2228,4.44,0.0792,2.18,0.0389,5.86,0.1046,0.0,0.0
72214.0,18.62,3.12,0.1674,1.24,0.0665,0.48,0.026,1.4,0.0749,0.0,0.0
246291.0,260.92,24.37,0.0934,9.32,0.0357,4.58,0.0175,10.48,0.0402,0.0,0.0
199089.0,67.15,14.5,0.2159,4.39,0.0654,3.49,0.052,6.61,0.0985,0.0,0.0
107368.0,145.31,10.5,0.0723,4.0,0.0275,1.65,0.0113,4.86,0.0334,0.0,0.0
116528.0,155.9,4.75,0.0305,2.31,0.0148,1.14,0.0073,1.3,0.0083,0.0,0.0
3679.0,19.32,4.76,0.2464,2.2,0.1141,0.67,0.0346,1.89,0.0977,0.0,0.0
178160.0,18.86,3.05,0.1619,1.19,0.063,0.84,0.0443,1.03,0.0546,0.0,0.0
215096.0,156.1,4.52,0.0289,2.69,0.0172,0.9,0.0058,0.93,0.0059,0.0,0.0
3680.0,17.91,3.1,0.1733,1.52,0.0849,0.0,0.0,1.58,0.0885,0.0,0.0
99395.0,155.03,18.07,0.1166,4.48,0.0289,6.16,0.0398,7.43,0.0479,0.0,0.0
59978.0,14.52,0.45,0.0307,0.07,0.0051,0.0,0.0,0.37,0.0256,0.0,0.0
106335.0,23.36,1.95,0.0834,0.23,0.0099,0.74,0.0316,0.98,0.0419,0.0,0.0
278257.0,156.06,6.17,0.0395,2.54,0.0163,1.37,0.0088,2.26,0.0145,0.0,0.0
146526.0,14.98,3.39,0.2262,0.33,0.0218,1.2,0.0799,1.86,0.1244,0.0,0.0
177120.0,14.28,3.29,0.2307,0.95,0.0663,0.75,0.0526,1.6,0.1118,0.0,0.0
238579.0,45.41,3.54,0.078,0.59,0.0129,1.41,0.0311,1.54,0.034,0.0,0.0
177118.0,19.43,2.53,0.1302,0.04,0.0019,1.05,0.054,1.44,0.0744,0.0,0.0
146525.0,3.84,1.64,0.1635,0.27,0.0274,0.6,0.0602,0.76,0.076,0.0,0.0
42328.0,9.78,6.77,0.6769,2.92,0.2917,1.23,0.1226,2.63,0.2626,0.0,0.0
143929.0,15.46,0.74,0.0477,0.74,0.0477,0.0,0.0,0.0,0.0,0.0,0.0
244343.0,14.4,2.4,0.1668,0.0,0.0,1.2,0.0834,1.2,0.0834,0.0,0.0
278189.0,205.33,8.1,0.0394,2.17,0.0106,2.63,0.0128,3.3,0.0161,0.0,0.0
420515.0,18.34,0.88,0.0481,0.44,0.024,0.44,0.024,0.0,0.0,0.0,0.0
420516.0,3.81,1.05,0.1054,0.51,0.0509,0.55,0.0545,0.0,0.0,0.0,0.0
420752.0,17.76,0.85,0.0481,0.43,0.0241,0.43,0.024,0.0,0.0,0.0,0.0
411544.0,3.78,6.98,0.6982,2.2,0.2204,1.62,0.1622,3.16,0.3156,0.0,0.0
411542.0,119.18,11.48,0.0963,4.28,0.0359,2.54,0.0213,4.66,0.0391,0.0,0.0
411543.0,51.67,11.67,0.2259,3.78,0.0731,2.03,0.0394,5.86,0.1134,0.0,0.0
246292.0,23.15,1.62,0.0701,0.11,0.0046,0.76,0.0327,0.76,0.0327,0.0,0.0
143927.0,44.86,7.8,0.174,2.88,0.0643,1.19,0.0264,3.74,0.0833,0.0,0.0
72431.0,21.32,3.38,0.1585,0.0,0.0,1.8,0.0842,1.58,0.0742,0.0,0.0
245205.0,20.92,0.75,0.0359,0.0,0.0,0.0,0.0,0.75,0.0359,0.0,0.0
143086.0,15.86,0.76,0.0481,0.0,0.0,0.0,0.0,0.76,0.0481,0.0,0.0
212292.0,11.03,1.53,0.1391,0.21,0.0194,0.66,0.0598,0.66,0.0598,0.0,0.0
212290.0,61.73,2.65,0.0429,1.53,0.0248,0.25,0.004,0.87,0.0141,0.0,0.0
246289.0,19.62,8.95,0.4562,4.5,0.2292,1.31,0.0668,3.14,0.1601,0.0,0.0
211437.0,24.09,2.44,0.1011,0.0,0.0,1.39,0.0577,1.05,0.0434,0.0,0.0
106337.0,19.88,8.99,0.4522,4.08,0.2054,1.57,0.0788,3.34,0.168,0.0,0.0
37761.0,6.85,5.75,0.5753,1.11,0.1106,2.18,0.2177,2.47,0.2471,0.0,0.0
106356.0,17.35,0.95,0.0548,0.95,0.0548,0.0,0.0,0.0,0.0,0.0,0.0
110836.0,211.06,11.0,0.0521,3.18,0.0151,3.9,0.0185,3.93,0.0186,0.0,0.0
246346.0,137.6,7.63,0.0554,2.79,0.0203,0.77,0.0056,4.06,0.0295,0.0,0.0
73316.0,17.36,4.37,0.2517,2.04,0.1173,0.09,0.0054,2.24,0.129,0.0,0.0
178219.0,17.46,0.01,0.0006,0.01,0.0003,0.0,0.0,0.01,0.0003,0.0,0.0
246347.0,14.88,0.47,0.0317,0.24,0.0158,0.0,0.0,0.24,0.0158,0.0,0.0
143984.0,30.13,5.85,0.1942,2.54,0.0842,0.76,0.0253,2.55,0.0846,0.0,0.0
73315.0,131.07,2.23,0.017,1.26,0.0096,0.0,0.0,0.97,0.0074,0.0,0.0
178212.0,5.0,1.78,0.1783,0.38,0.0384,0.6,0.0603,0.8,0.0796,0.0,0.0
246348.0,16.33,0.31,0.0192,0.0,0.0,0.0,0.0,0.31,0.0192,0.0,0.0
246349.0,17.37,1.73,0.0996,0.55,0.0315,0.0,0.0,1.18,0.0681,0.0,0.0
38878.0,14.39,1.29,0.0897,0.73,0.0505,0.0,0.0,0.56,0.0392,0.0,0.0
439266.0,209.52,8.74,0.0417,4.53,0.0216,0.37,0.0017,3.84,0.0183,0.0,0.0
439847.0,439.4,19.91,0.0453,6.36,0.0145,3.75,0.0085,9.8,0.0223,0.0,0.0
439848.0,24.44,0.77,0.0316,0.11,0.0044,0.0,0.0,0.67,0.0272,0.0,0.0
245215.0,12.59,0.63,0.0502,0.33,0.026,0.0,0.0,0.3,0.0241,0.0,0.0
37762.0,21.87,4.32,0.1976,0.79,0.036,1.61,0.0737,1.92,0.088,0.0,0.0
37763.0,23.07,2.46,0.1068,0.63,0.0274,0.77,0.0332,1.06,0.0462,0.0,0.0
411654.0,3.63,3.29,0.3291,1.33,0.133,0.42,0.0415,1.55,0.1546,0.0,0.0
419196.0,11.66,0.14,0.0119,0.09,0.0079,0.0,0.0,0.05,0.004,0.0,0.0
419203.0,126.87,2.68,0.0211,1.35,0.0106,0.09,0.0007,1.24,0.0098,0.0,0.0
30854.0,2.69,1.52,0.1515,0.0,0.0,0.76,0.0758,0.76,0.0758,0.0,0.0
3678.0,21.46,3.09,0.1439,1.62,0.0755,0.3,0.0138,1.17,0.0546,0.0,0.0
170309.0,6.83,2.11,0.2112,0.0,0.0,1.06,0.1056,1.06,0.1056,0.0,0.0
177117.0,20.0,5.85,0.2924,2.13,0.1063,1.09,0.0543,2.64,0.1318,0.0,0.0
110975.0,5.15,1.93,0.1926,0.0,0.0,0.96,0.0963,0.96,0.0963,0.0,0.0
110974.0,2.75,1.6,0.1605,0.0,0.0,0.8,0.0802,0.8,0.0802,0.0,0.0
178165.0,43.74,2.63,0.0601,0.72,0.0165,0.59,0.0136,1.32,0.0301,0.0,0.0
107364.0,15.25,3.41,0.2235,0.1,0.0065,1.18,0.0774,2.13,0.1397,0.0,0.0
246290.0,18.39,0.28,0.0153,0.14,0.0076,0.0,0.0,0.14,0.0076,0.0,0.0
245212.0,21.75,6.95,0.3194,1.38,0.0632,1.73,0.0796,3.84,0.1766,0.0,0.0
177116.0,6.83,1.95,0.1949,0.84,0.0838,0.14,0.0136,0.97,0.0974,0.0,0.0
73276.0,22.7,3.91,0.1723,1.91,0.0843,0.79,0.0348,1.21,0.0532,0.0,0.0
142911.0,19.45,0.48,0.0245,0.47,0.0242,0.0,0.0001,0.0,0.0001,0.0,0.0
143182.0,162.9,6.35,0.039,2.76,0.017,0.0,0.0,3.59,0.022,0.0,0.0
142930.0,15.53,3.0,0.1933,1.04,0.0672,0.63,0.0403,1.33,0.0858,0.0,0.0
106360.0,15.08,1.7,0.1129,1.56,0.1032,0.0,0.0,0.15,0.0098,0.0,0.0
211476.0,180.07,6.17,0.0343,3.17,0.0176,0.66,0.0037,2.34,0.013,0.0,0.0
143985.0,59.33,0.62,0.0104,0.31,0.0052,0.0,0.0,0.31,0.0052,0.0,0.0
245471.0,50.46,2.65,0.0525,1.42,0.0281,0.26,0.0051,0.97,0.0192,0.0,0.0
106359.0,15.24,0.94,0.0618,0.52,0.0343,0.0,0.0003,0.41,0.0272,0.0,0.0
106612.0,17.86,3.65,0.2044,1.18,0.0658,0.63,0.0354,1.84,0.1032,0.0,0.0
106606.0,139.52,6.33,0.0454,2.98,0.0213,0.84,0.006,2.51,0.018,0.0,0.0
211477.0,170.57,6.33,0.0371,2.45,0.0144,0.33,0.0019,3.56,0.0209,0.0,0.0
3960.0,15.31,0.48,0.0311,0.47,0.0308,0.0,0.0001,0.0,0.0001,0.0,0.0
436993.0,58.47,4.62,0.079,1.43,0.0245,1.1,0.0189,2.08,0.0356,0.0,0.0
439267.0,261.17,7.32,0.028,2.2,0.0084,1.65,0.0063,3.46,0.0133,0.0,0.0
177131.0,23.49,1.54,0.0655,0.57,0.0242,0.2,0.0083,0.77,0.033,0.0,0.0
178164.0,10.95,0.04,0.0034,0.04,0.0034,0.0,0.0,0.0,0.0,0.0,0.0
72232.0,11.97,1.72,0.1438,0.61,0.0507,0.23,0.0193,0.88,0.0737,0.0,0.0
452801.0,19.75,1.73,0.0875,0.93,0.0469,0.34,0.0173,0.46,0.0233,0.0,0.0
419200.0,53.06,2.81,0.053,1.7,0.032,0.1,0.0019,1.01,0.019,0.0,0.0
324771.0,11.17,1.38,0.1234,0.75,0.0674,0.1,0.0089,0.53,0.0471,0.0,0.0
72434.0,20.81,0.94,0.0453,0.94,0.0453,0.0,0.0,0.0,0.0,0.0,0.0
143088.0,17.33,0.53,0.0303,0.0,0.0,0.0,0.0,0.53,0.0303,0.0,0.0
37764.0,16.77,0.36,0.0212,0.18,0.0106,0.0,0.0,0.18,0.0106,0.0,0.0
3958.0,121.39,3.24,0.0267,1.89,0.0156,0.25,0.002,1.11,0.0091,0.0,0.0
38043.0,29.59,2.24,0.0758,1.77,0.0599,0.0,0.0,0.47,0.0158,0.0,0.0
106608.0,53.52,5.79,0.1083,2.4,0.0448,0.69,0.0129,2.7,0.0505,0.0,0.0
407187.0,91.36,2.79,0.0306,1.85,0.0203,0.32,0.0035,0.62,0.0068,0.0,0.0
407188.0,93.91,2.74,0.0292,1.54,0.0164,0.48,0.0051,0.72,0.0077,0.0,0.0
407190.0,13.13,0.78,0.0597,0.0,0.0,0.26,0.0196,0.53,0.04,0.0,0.0
407189.0,13.4,1.19,0.0888,0.25,0.0185,0.31,0.0234,0.63,0.0469,0.0,0.0
3959.0,13.4,0.56,0.0415,0.0,0.0,0.0,0.0,0.56,0.0415,0.0,0.0
246350.0,127.9,6.63,0.0519,1.81,0.0142,1.73,0.0135,3.09,0.0241,0.0,0.0
106339.0,13.51,3.01,0.2229,1.67,0.1238,0.01,0.0007,1.33,0.0984,0.0,0.0
107417.0,145.9,13.56,0.0929,5.19,0.0356,1.46,0.01,6.9,0.0473,0.0,0.0
178214.0,86.18,9.13,0.106,3.32,0.0386,1.4,0.0163,4.41,0.0512,0.0,0.0
212344.0,137.73,7.91,0.0575,2.94,0.0213,0.81,0.0059,4.16,0.0302,0.0,0.0
106338.0,11.63,3.13,0.2693,1.36,0.1166,0.13,0.0115,1.64,0.1413,0.0,0.0
178217.0,148.51,14.96,0.1008,5.6,0.0377,1.57,0.0106,7.79,0.0525,0.0,0.0
107418.0,2.49,2.95,0.2948,1.8,0.1798,0.17,0.0168,0.98,0.0982,0.0,0.0
211241.0,12.3,3.6,0.2929,0.0,0.0,1.21,0.0986,2.39,0.1943,0.0,0.0
178218.0,250.19,17.97,0.0718,6.38,0.0255,3.3,0.0132,8.29,0.0332,0.0,0.0
211240.0,15.53,2.89,0.1861,0.04,0.0029,1.41,0.0907,1.44,0.0925,0.0,0.0
73317.0,8.04,0.26,0.0257,0.09,0.0088,0.0,0.0,0.17,0.017,0.0,0.0
436646.0,4.73,0.45,0.0454,0.0,0.0,0.0,0.0,0.45,0.0454,0.0,0.0
437815.0,35.11,1.46,0.0415,0.34,0.0097,0.0,0.0,1.12,0.0318,0.0,0.0
437818.0,99.55,3.74,0.0376,1.91,0.0192,0.03,0.0003,1.8,0.0181,0.0,0.0
437816.0,10.07,1.2,0.1188,0.21,0.0212,0.0,0.0,0.98,0.0976,0.0,0.0
437817.0,3.53,1.28,0.1278,0.24,0.0243,0.0,0.0,1.04,0.1035,0.0,0.0
177124.0,13.09,4.87,0.3721,1.9,0.1448,0.41,0.0314,2.56,0.1959,0.0,0.0
107420.0,4.04,0.26,0.0261,0.13,0.013,0.0,0.0,0.13,0.013,0.0,0.0
142915.0,10.72,3.2,0.2984,2.22,0.2072,0.0,0.0,0.98,0.0912,0.0,0.0
73318.0,15.76,1.19,0.0756,0.2,0.0124,0.0,0.0,1.0,0.0632,0.0,0.0
324941.0,32.03,0.12,0.0038,0.0,0.0,0.12,0.0038,0.0,0.0,0.0,0.0
324942.0,21.61,0.23,0.0105,0.0,0.0,0.23,0.0105,0.0,0.0,0.0,0.0
472853.0,9.25,0.37,0.0373,0.0,0.0,0.0,0.0,0.37,0.0373,0.0,0.0
107365.0,27.3,0.37,0.0135,0.22,0.0081,0.0,0.0,0.15,0.0054,0.0,0.0
324943.0,6.5,1.2,0.1198,0.6,0.0599,0.0,0.0,0.6,0.0599,0.0,0.0
211244.0,12.61,7.64,0.6053,2.35,0.1864,1.19,0.0946,4.09,0.3243,0.0,0.0
177125.0,34.52,14.11,0.4087,6.63,0.192,1.14,0.0332,6.33,0.1835,0.0,0.0
143982.0,65.94,1.77,0.0269,0.0,0.0,1.77,0.0269,0.0,0.0,0.0,0.0
211238.0,12.57,8.39,0.6677,1.67,0.1328,2.21,0.1762,4.51,0.3586,0.0,0.0
72217.0,15.64,0.0,0.0,0.0,0.0,0.0,0.0,0.0,0.0,0.0,0.0
72485.0,249.65,10.49,0.042,4.02,0.0161,1.84,0.0074,4.63,0.0186,0.0,0.0
245216.0,31.43,3.07,0.0977,0.38,0.0121,1.41,0.0447,1.29,0.0409,0.0,0.0
211243.0,18.98,2.91,0.1532,0.0,0.0,2.47,0.13,0.44,0.0232,0.0,0.0
212342.0,119.34,22.26,0.1865,5.0,0.0419,6.05,0.0507,11.21,0.0939,0.0,0.0
143976.0,120.27,3.55,0.0295,0.86,0.0071,1.67,0.0139,1.02,0.0085,0.0,0.0
211242.0,32.37,0.89,0.0275,0.69,0.0213,0.2,0.0062,0.0,0.0,0.0,0.0
244567.0,40.5,0.0,0.0,0.0,0.0,0.0,0.0,0.0,0.0,0.0,0.0
106607.0,196.45,6.06,0.0309,4.04,0.0205,0.64,0.0033,1.38,0.007,0.0,0.0
106340.0,13.09,9.49,0.7252,3.56,0.2721,0.87,0.0663,5.06,0.3869,0.0,0.0
73313.0,48.01,10.89,0.2268,2.82,0.0586,2.21,0.046,5.87,0.1222,0.0,0.0
430998.0,40.3,1.86,0.0462,1.63,0.0405,0.0,0.0,0.23,0.0057,0.0,0.0
142914.0,7.52,5.03,0.5029,0.89,0.0886,1.41,0.1412,2.73,0.2731,0.0,0.0
407186.0,137.7,3.4,0.0247,1.87,0.0136,0.18,0.0013,1.36,0.0098,0.0,0.0
3683.0,32.58,14.71,0.4515,3.56,0.1091,4.64,0.1424,6.51,0.2,0.0,0.0
461919.0,4.4,5.08,0.5079,0.17,0.017,2.33,0.2325,2.58,0.2584,0.0,0.0
4787.0,83.21,22.17,0.2664,6.92,0.0832,5.18,0.0623,10.06,0.1209,0.0,0.0
455022.0,6.76,8.79,0.8792,3.2,0.3197,1.39,0.1388,4.21,0.4207,0.0,0.0
412000.0,71.66,1.18,0.0164,0.43,0.006,0.0,0.0,0.74,0.0104,0.0,0.0
211231.0,11.58,0.84,0.0728,0.25,0.0216,0.24,0.0208,0.35,0.0304,0.0,0.0
116648.0,24.98,3.66,0.1467,1.22,0.049,0.99,0.0398,1.45,0.0579,0.0,0.0
7360.0,19.37,1.93,0.0999,0.0,0.0,0.77,0.0397,1.17,0.0602,0.0,0.0
164023.0,14.64,2.88,0.1969,0.65,0.0447,1.1,0.0754,1.12,0.0767,0.0,0.0
215055.0,133.66,17.2,0.1287,3.89,0.0291,5.54,0.0414,7.77,0.0582,0.0,0.0
42425.0,103.55,4.99,0.0482,1.43,0.0138,1.87,0.018,1.69,0.0164,0.0,0.0
3677.0,19.29,1.7,0.0881,0.92,0.0476,0.17,0.0086,0.61,0.0319,0.0,0.0
178123.0,43.86,8.79,0.2004,1.05,0.024,3.7,0.0844,4.04,0.092,0.0,0.0
38784.0,55.15,6.46,0.1172,1.43,0.0259,2.12,0.0385,2.91,0.0528,0.0,0.0
211232.0,22.75,0.49,0.0214,0.42,0.0185,0.0,0.0,0.06,0.0029,0.0,0.0
211227.0,14.27,0.0,0.0,0.0,0.0,0.0,0.0,0.0,0.0,0.0,0.0
177115.0,13.11,3.07,0.2345,0.6,0.0459,1.43,0.1092,1.04,0.0794,0.0,0.0
181569.0,210.48,10.74,0.051,2.68,0.0127,2.96,0.014,5.11,0.0243,0.0,0.0
42327.0,136.61,6.4,0.0468,1.94,0.0142,1.18,0.0086,3.28,0.024,0.0,0.0
128730.0,136.23,5.29,0.0388,1.8,0.0132,0.91,0.0067,2.58,0.0189,0.0,0.0
10918.0,24.68,0.63,0.0254,0.63,0.0254,0.0,0.0,0.0,0.0,0.0,0.0
107367.0,15.42,2.64,0.1714,0.38,0.0244,0.7,0.0454,1.57,0.1017,0.0,0.0
267500.0,54.61,5.4,0.0989,0.93,0.0171,2.11,0.0385,2.36,0.0433,0.0,0.0
245207.0,19.21,2.1,0.1094,0.34,0.0176,1.03,0.0538,0.73,0.038,0.0,0.0
245473.0,53.08,6.06,0.1141,1.14,0.0214,2.33,0.0439,2.59,0.0489,0.0,0.0
436645.0,7.41,0.0,0.0,0.0,0.0,0.0,0.0,0.0,0.0,0.0,0.0
407211.0,9.76,0.0,0.0,0.0,0.0,0.0,0.0,0.0,0.0,0.0,0.0
193331.0,7.05,0.13,0.0129,0.12,0.0119,0.0,0.0,0.01,0.001,0.0,0.0
178215.0,323.55,32.92,0.1017,8.72,0.027,7.53,0.0233,16.66,0.0515,0.0,0.0
48168.0,334.54,31.73,0.0948,9.04,0.027,6.93,0.0207,15.76,0.0471,0.0,0.0
37805.0,12.97,3.33,0.2565,0.32,0.0244,1.37,0.1054,1.64,0.1266,0.0,0.0
4786.0,98.11,2.59,0.0264,1.32,0.0134,0.8,0.0081,0.48,0.0048,0.0,0.0
211283.0,12.94,4.03,0.311,1.69,0.1306,0.48,0.0368,1.86,0.1437,0.0,0.0
4789.0,45.32,6.54,0.1443,2.44,0.0538,1.3,0.0288,2.79,0.0617,0.0,0.0
211282.0,10.2,5.49,0.5383,2.33,0.2286,0.72,0.0702,2.44,0.2395,0.0,0.0
178213.0,88.83,11.73,0.132,4.86,0.0547,1.4,0.0157,5.47,0.0616,0.0,0.0
4788.0,51.26,8.45,0.1648,3.01,0.0587,1.16,0.0226,4.28,0.0835,0.0,0.0
313835.0,19.29,0.48,0.025,0.28,0.0145,0.1,0.0052,0.1,0.0052,0.0,0.0
178211.0,52.11,0.51,0.0098,0.37,0.0071,0.03,0.0006,0.11,0.0021,0.0,0.0
212341.0,15.01,4.3,0.2864,1.27,0.0843,0.38,0.0255,2.65,0.1766,0.0,0.0
246345.0,25.49,5.06,0.1985,3.01,0.1182,0.29,0.0115,1.75,0.0688,0.0,0.0
439264.0,596.59,9.72,0.0163,2.66,0.0045,2.71,0.0045,4.36,0.0073,0.0,0.0
246344.0,118.96,1.6,0.0135,0.92,0.0078,0.16,0.0013,0.52,0.0044,0.0,0.0
426855.0,30.05,2.29,0.0763,0.69,0.0231,0.97,0.0322,0.63,0.021,0.0,0.0
175888.0,8.44,0.18,0.0176,0.18,0.0176,0.0,0.0,0.0,0.0,0.0,0.0
415766.0,259.04,6.27,0.0242,0.66,0.0025,2.0,0.0077,3.61,0.0139,0.0,0.0
415765.0,20.44,0.0,0.0,0.0,0.0,0.0,0.0,0.0,0.0,0.0,0.0
107416.0,115.72,8.17,0.0706,0.97,0.0084,3.23,0.0279,3.96,0.0342,0.0,0.0
212338.0,27.4,2.29,0.0835,0.82,0.0298,0.54,0.0197,0.93,0.034,0.0,0.0
246342.0,34.87,2.16,0.062,1.08,0.0309,0.0,0.0,1.09,0.0311,0.0,0.0
72286.0,20.11,8.29,0.4121,2.48,0.1233,0.9,0.0448,4.91,0.244,0.0,0.0
177181.0,33.58,7.58,0.2257,1.94,0.0578,1.04,0.0311,4.59,0.1368,0.0,0.0
178209.0,46.92,2.56,0.0545,0.99,0.021,0.0,0.0,1.57,0.0335,0.0,0.0
245240.0,54.73,7.72,0.1411,0.45,0.0083,1.53,0.028,5.74,0.1049,0.0,0.0
246554.0,137.98,2.06,0.0149,0.05,0.0004,0.78,0.0057,1.23,0.0089,0.0,0.0
212339.0,85.39,4.92,0.0577,1.99,0.0233,0.33,0.0039,2.61,0.0305,0.0,0.0
72202.0,12.33,2.84,0.2305,0.8,0.0648,1.41,0.1147,0.63,0.051,0.0,0.0
71258.0,23.66,1.98,0.0837,0.4,0.0169,1.2,0.0509,0.37,0.0158,0.0,0.0
71255.0,3.42,1.25,0.1245,0.27,0.0266,0.73,0.0726,0.25,0.0253,0.0,0.0
186992.0,63.24,8.01,0.1266,0.54,0.0086,1.81,0.0286,5.65,0.0894,0.0,0.0
211245.0,20.23,1.4,0.069,0.3,0.0148,0.0,0.0,1.1,0.0542,0.0,0.0
177107.0,49.51,6.41,0.1295,2.23,0.045,1.11,0.0224,3.07,0.062,0.0,0.0
246343.0,47.87,2.28,0.0475,0.74,0.0154,0.0,0.0,1.54,0.0322,0.0,0.0
72305.0,9.16,0.37,0.0374,0.0,0.0,0.0,0.0,0.37,0.0374,0.0,0.0
37804.0,15.87,8.09,0.5101,1.22,0.0766,2.75,0.1735,4.12,0.2599,0.0,0.0
72215.0,23.82,3.62,0.1518,0.0,0.0,1.66,0.0698,1.95,0.082,0.0,0.0
178216.0,14.46,3.41,0.2361,1.87,0.129,0.0,0.0,1.55,0.107,0.0,0.0
38876.0,23.05,7.88,0.3416,2.46,0.1068,1.74,0.0756,3.67,0.1593,0.0,0.0
212340.0,43.56,7.02,0.1611,2.08,0.0477,2.57,0.059,2.37,0.0544,0.0,0.0
4793.0,15.15,2.79,0.1839,1.24,0.0817,0.53,0.0349,1.02,0.0674,0.0,0.0
212343.0,58.53,3.31,0.0566,0.73,0.0125,1.13,0.0193,1.45,0.0248,0.0,0.0
324939.0,4.45,1.26,0.1256,0.16,0.0163,0.89,0.0893,0.2,0.0199,0.0,0.0
47811.0,29.67,4.66,0.1569,0.96,0.0323,1.47,0.0495,2.23,0.075,0.0,0.0
178210.0,85.18,3.93,0.0462,1.66,0.0195,0.23,0.0027,2.04,0.024,0.0,0.0
38877.0,130.45,8.08,0.0619,3.0,0.023,1.37,0.0105,3.71,0.0284,0.0,0.0
73314.0,57.41,4.8,0.0836,2.71,0.0472,0.19,0.0034,1.89,0.033,0.0,0.0
106341.0,11.48,0.81,0.0702,0.0,0.0,0.0,0.0,0.81,0.0702,0.0,0.0
463596.0,10.44,2.8,0.2679,0.0,0.0,0.77,0.0736,2.03,0.1942,0.0,0.0
175756.0,683.34,3.38,0.005,0.77,0.0011,1.25,0.0018,1.37,0.002,0.0,0.0
211323.0,65.43,0.0,0.0,0.0,0.0,0.0,0.0,0.0,0.0,0.0,0.0
71260.0,41.63,9.37,0.2251,3.95,0.095,0.67,0.016,4.75,0.114,0.0,0.0
36928.0,12.66,3.32,0.2625,1.05,0.0832,0.66,0.0522,1.61,0.1272,0.0,0.0
71478.0,78.94,8.18,0.1036,1.86,0.0235,2.51,0.0318,3.81,0.0482,0.0,0.0
106661.0,74.28,7.49,0.1008,1.61,0.0217,3.52,0.0474,2.35,0.0317,0.0,0.0
324846.0,5.82,2.12,0.212,0.45,0.0453,0.27,0.0267,1.4,0.14,0.0,0.0
324845.0,5.43,2.01,0.2007,0.25,0.0254,0.48,0.0475,1.28,0.1278,0.0,0.0
37774.0,54.64,10.37,0.1899,4.18,0.0765,1.68,0.0307,4.52,0.0827,0.0,0.0
141957.0,66.63,5.89,0.0884,1.24,0.0186,1.3,0.0195,3.35,0.0504,0.0,0.0
177138.0,12.15,4.19,0.345,1.17,0.0962,1.63,0.1345,1.39,0.1143,0.0,0.0
210313.0,259.53,1.2,0.0046,0.07,0.0003,0.32,0.0012,0.81,0.0031,0.0,0.0
37749.0,56.8,0.0,0.0,0.0,0.0,0.0,0.0,0.0,0.0,0.0,0.0
243882.0,130.54,12.48,0.0956,2.71,0.0208,4.09,0.0313,5.68,0.0435,0.0,0.0
36486.0,35.66,5.61,0.1573,1.24,0.0347,2.15,0.0603,2.22,0.0623,0.0,0.0
324849.0,123.39,0.0,0.0,0.0,0.0,0.0,0.0,0.0,0.0,0.0,0.0
2882.0,73.69,5.84,0.0792,2.29,0.0311,0.48,0.0065,3.07,0.0416,0.0,0.0
2840.0,10.89,5.54,0.5087,2.19,0.201,0.19,0.0176,3.16,0.2901,0.0,0.0
38906.0,5.0,0.72,0.0718,0.12,0.012,0.3,0.0299,0.3,0.0299,0.0,0.0
37852.0,81.04,0.0,0.0,0.0,0.0,0.0,0.0,0.0,0.0,0.0,0.0
243995.0,19.42,4.79,0.2468,1.73,0.0891,1.01,0.0521,2.05,0.1056,0.0,0.0
407185.0,73.99,1.3,0.0176,0.41,0.0055,0.24,0.0033,0.65,0.0088,0.0,0.0
141958.0,89.0,9.14,0.1027,1.86,0.0209,2.61,0.0294,4.67,0.0524,0.0,0.0
4009.0,64.43,11.29,0.1752,4.57,0.0709,3.19,0.0496,3.52,0.0547,0.0,0.0
408602.0,74.64,7.05,0.0945,1.66,0.0222,2.28,0.0306,3.11,0.0417,0.0,0.0
413304.0,2.04,2.89,0.2886,0.73,0.0732,0.4,0.0397,1.76,0.1757,0.0,0.0
413303.0,9.59,2.79,0.2789,0.67,0.0671,0.4,0.0405,1.71,0.1714,0.0,0.0
413296.0,53.89,6.66,0.1236,2.46,0.0456,1.65,0.0306,2.55,0.0473,0.0,0.0
420931.0,2.66,1.76,0.1764,0.0,0.0,0.88,0.0882,0.88,0.0882,0.0,0.0
324848.0,22.47,2.18,0.0968,0.43,0.0191,0.34,0.0153,1.4,0.0624,0.0,0.0
324940.0,8.41,0.0,0.0,0.0,0.0,0.0,0.0,0.0,0.0,0.0,0.0
177096.0,8.5,1.25,0.1255,0.15,0.0146,0.23,0.0228,0.88,0.0882,0.0,0.0
36731.0,65.04,7.15,0.11,2.74,0.0422,1.43,0.022,2.98,0.0458,0.0,0.0
99466.0,130.73,7.71,0.059,1.43,0.0109,2.37,0.0181,3.91,0.0299,0.0,0.0
211525.0,46.44,2.65,0.0572,0.49,0.0105,0.7,0.0152,1.46,0.0315,0.0,0.0
38097.0,55.21,3.84,0.0695,0.35,0.0064,1.14,0.0206,2.34,0.0424,0.0,0.0
211527.0,57.34,8.09,0.1411,0.83,0.0145,3.11,0.0542,4.15,0.0723,0.0,0.0
72241.0,28.24,6.18,0.219,0.83,0.0294,3.25,0.1152,2.1,0.0744,0.0,0.0
246553.0,81.3,14.22,0.1749,3.78,0.0465,4.55,0.0559,5.89,0.0724,0.0,0.0
220520.0,24.99,3.32,0.1329,1.13,0.0453,0.83,0.0331,1.36,0.0544,0.0,0.0
37775.0,14.4,2.68,0.1859,1.03,0.0714,0.44,0.0308,1.21,0.0837,0.0,0.0
220414.0,54.2,6.33,0.1168,1.16,0.0214,1.72,0.0317,3.45,0.0637,0.0,0.0
211481.0,30.73,1.29,0.0418,0.84,0.0273,0.06,0.0019,0.39,0.0126,0.0,0.0
38046.0,28.1,3.79,0.135,1.21,0.0429,0.67,0.0239,1.91,0.0681,0.0,0.0
37769.0,14.67,4.66,0.3179,1.11,0.0753,0.63,0.0429,2.93,0.1997,0.0,0.0
105678.0,130.3,6.62,0.0508,1.9,0.0146,1.02,0.0078,3.7,0.0284,0.0,0.0
105522.0,9.74,1.57,0.1572,0.0,0.0,0.56,0.0563,1.01,0.1009,0.0,0.0
10937.0,58.0,6.89,0.1188,1.85,0.0318,1.44,0.0248,3.61,0.0623,0.0,0.0
143235.0,2.41,1.28,0.1282,0.0,0.0,0.51,0.0506,0.78,0.0776,0.0,0.0
211253.0,4.37,2.15,0.215,0.46,0.0461,0.24,0.0241,1.45,0.1448,0.0,0.0
439268.0,77.88,2.46,0.0316,1.66,0.0213,0.08,0.001,0.73,0.0093,0.0,0.0
324620.0,200.5,7.27,0.0363,1.74,0.0087,2.07,0.0103,3.46,0.0173,0.0,0.0
407422.0,60.28,4.08,0.0677,1.24,0.0206,0.69,0.0114,2.15,0.0356,0.0,0.0
407421.0,51.69,5.11,0.0988,0.9,0.0174,1.02,0.0198,3.19,0.0616,0.0,0.0
448269.0,5.4,2.87,0.2875,0.7,0.0705,0.36,0.0361,1.81,0.1809,0.0,0.0
413291.0,41.02,6.61,0.1611,2.83,0.069,1.36,0.033,2.42,0.0591,0.0,0.0
413297.0,2.27,2.19,0.2187,0.75,0.0754,0.82,0.0817,0.62,0.0616,0.0,0.0
413300.0,2.35,2.4,0.2403,0.9,0.0897,0.72,0.0716,0.79,0.079,0.0,0.0
413292.0,4.76,4.1,0.4095,1.95,0.1948,0.37,0.0367,1.78,0.1781,0.0,0.0
324776.0,11.57,1.28,0.111,0.0,0.0,0.0,0.0,1.28,0.111,0.0,0.0
4008.0,249.93,19.15,0.0766,5.27,0.0211,5.1,0.0204,8.78,0.0351,0.0,0.0
72309.0,11.42,1.96,0.1712,1.53,0.1337,0.29,0.0255,0.14,0.0121,0.0,0.0
37855.0,75.15,7.88,0.1048,5.83,0.0776,0.86,0.0115,1.19,0.0158,0.0,0.0
265864.0,63.4,3.65,0.0576,2.46,0.0388,0.76,0.012,0.43,0.0068,0.0,0.0
245306.0,149.79,16.34,0.1091,9.49,0.0634,1.23,0.0082,5.61,0.0375,0.0,0.0
3803.0,20.58,5.73,0.2784,0.58,0.028,2.79,0.1354,2.37,0.115,0.0,0.0
37858.0,147.98,15.01,0.1015,4.94,0.0334,3.24,0.0219,6.83,0.0461,0.0,0.0
106430.0,149.72,12.7,0.0848,7.52,0.0503,1.02,0.0068,4.16,0.0278,0.0,0.0
177126.0,13.53,6.43,0.4752,0.58,0.043,3.0,0.2214,2.85,0.2108,0.0,0.0
408628.0,15.5,2.79,0.1802,0.39,0.0249,1.37,0.0881,1.04,0.0672,0.0,0.0
37856.0,164.23,12.95,0.0789,5.37,0.0327,1.74,0.0106,5.84,0.0355,0.0,0.0
417714.0,2.56,1.18,0.118,1.18,0.118,0.0,0.0,0.0,0.0,0.0,0.0
245337.0,15.09,2.51,0.1666,1.13,0.0751,0.25,0.0167,1.13,0.0748,0.0,0.0
211328.0,316.29,19.65,0.0621,11.25,0.0356,2.8,0.0089,5.6,0.0177,0.0,0.0
106429.0,34.64,9.45,0.2728,2.55,0.0736,2.63,0.076,4.27,0.1232,0.0,0.0
3805.0,18.02,2.25,0.1248,0.75,0.0417,0.57,0.0317,0.93,0.0514,0.0,0.0
3776.0,119.93,5.34,0.0445,2.95,0.0246,1.03,0.0086,1.36,0.0113,0.0,0.0
177202.0,122.67,7.28,0.0594,3.49,0.0285,0.93,0.0076,2.86,0.0233,0.0,0.0
143020.0,23.55,4.78,0.2027,1.66,0.0706,0.91,0.0387,2.2,0.0934,0.0,0.0
142917.0,146.49,12.0,0.0819,6.63,0.0453,0.78,0.0053,4.6,0.0314,0.0,0.0
245304.0,91.27,8.66,0.0948,4.7,0.0515,0.0,0.0,3.95,0.0433,0.0,0.0
411762.0,12.79,7.14,0.5582,3.47,0.2712,0.08,0.0066,3.59,0.2805,0.0,0.0
211325.0,88.52,7.81,0.0882,3.65,0.0413,1.57,0.0177,2.58,0.0292,0.0,0.0
72345.0,59.64,3.78,0.0634,2.45,0.041,0.0,0.0,1.33,0.0223,0.0,0.0
72226.0,21.65,1.88,0.0869,0.9,0.0414,0.0,0.0,0.99,0.0455,0.0,0.0
72227.0,12.58,2.56,0.2033,1.05,0.0833,0.48,0.038,1.03,0.082,0.0,0.0
3906.0,33.55,9.38,0.2796,2.43,0.0724,2.09,0.0624,4.86,0.1448,0.0,0.0
143068.0,12.8,4.06,0.317,0.66,0.0519,1.52,0.1187,1.87,0.1465,0.0,0.0
106352.0,12.58,3.02,0.2399,0.7,0.0555,0.6,0.0477,1.72,0.1366,0.0,0.0
142924.0,13.08,1.5,0.1144,0.46,0.0353,0.29,0.0219,0.75,0.0572,0.0,0.0
143131.0,28.6,3.07,0.1073,0.76,0.0266,0.96,0.0336,1.35,0.0471,0.0,0.0
72436.0,14.23,5.39,0.3789,1.09,0.0767,1.73,0.1217,2.57,0.1806,0.0,0.0
439878.0,12.62,5.54,0.4388,1.07,0.0846,1.77,0.1401,2.7,0.214,0.0,0.0
440580.0,26.13,2.31,0.0885,0.0,0.0,0.56,0.0213,1.76,0.0672,0.0,0.0
72430.0,46.97,8.27,0.1761,2.01,0.0429,2.17,0.0463,4.08,0.0869,0.0,0.0
177326.0,61.96,6.38,0.103,1.79,0.0288,1.68,0.0272,2.91,0.047,0.0,0.0
211441.0,26.35,3.42,0.1299,1.62,0.0613,0.1,0.0039,1.7,0.0647,0.0,0.0
143126.0,25.2,4.23,0.1677,1.74,0.069,1.04,0.0415,1.44,0.0572,0.0,0.0
245226.0,12.08,2.69,0.2226,0.29,0.0237,0.65,0.0537,1.75,0.1452,0.0,0.0
106487.0,20.03,4.04,0.2016,2.4,0.1196,0.9,0.045,0.74,0.0371,0.0,0.0
3812.0,37.51,2.32,0.062,0.92,0.0245,0.54,0.0144,0.87,0.0231,0.0,0.0
177269.0,17.6,0.42,0.024,0.0,0.0,0.21,0.012,0.21,0.012,0.0,0.0
164021.0,151.26,7.74,0.0512,3.47,0.0229,1.11,0.0073,3.17,0.0209,0.0,0.0
143127.0,153.25,17.24,0.1125,2.86,0.0187,5.39,0.0352,8.99,0.0586,0.0,0.0
106355.0,13.82,1.77,0.1284,0.77,0.0559,0.0,0.0,1.0,0.0725,0.0,0.0
37760.0,15.2,6.6,0.4343,1.21,0.0795,1.98,0.1302,3.41,0.2246,0.0,0.0
106345.0,19.25,7.88,0.4095,4.67,0.2426,0.58,0.03,2.63,0.1369,0.0,0.0
142923.0,17.79,2.82,0.1585,1.22,0.0686,0.75,0.0424,0.85,0.0476,0.0,0.0
245327.0,24.63,6.95,0.2822,1.85,0.075,1.54,0.0623,3.57,0.1449,0.0,0.0
177221.0,16.15,1.65,0.1021,1.4,0.0868,0.05,0.0028,0.2,0.0125,0.0,0.0
211345.0,18.83,3.29,0.1745,1.65,0.0874,0.45,0.0237,1.19,0.0633,0.0,0.0
72228.0,31.93,3.79,0.1188,0.2,0.0064,1.42,0.0444,2.17,0.068,0.0,0.0
245430.0,14.42,1.95,0.1355,0.03,0.0022,0.69,0.0478,1.23,0.0855,0.0,0.0
106350.0,24.63,3.31,0.1343,0.76,0.031,0.6,0.0243,1.95,0.079,0.0,0.0
439876.0,19.93,4.32,0.2165,2.38,0.1193,0.73,0.0367,1.21,0.0605,0.0,0.0
439879.0,24.15,5.14,0.213,2.99,0.1238,0.75,0.0312,1.4,0.058,0.0,0.0
439877.0,20.65,5.28,0.2555,1.76,0.0854,0.86,0.0417,2.65,0.1284,0.0,0.0
440581.0,22.56,3.13,0.1389,1.21,0.0538,0.0,0.0,1.92,0.0851,0.0,0.0
177327.0,110.82,2.86,0.0258,1.17,0.0106,0.27,0.0025,1.42,0.0128,0.0,0.0
37892.0,28.01,7.53,0.2688,4.64,0.1657,0.0,0.0,2.89,0.103,0.0,0.0
3777.0,154.72,13.74,0.0888,4.86,0.0314,2.52,0.0163,6.37,0.0412,0.0,0.0
142997.0,267.9,28.54,0.1065,10.83,0.0404,6.65,0.0248,11.06,0.0413,0.0,0.0
325181.0,4.97,1.93,0.1927,0.75,0.075,0.81,0.0812,0.37,0.0365,0.0,0.0
245305.0,129.1,11.7,0.0906,4.64,0.0359,1.82,0.0141,5.24,0.0406,0.0,0.0
177203.0,24.27,3.08,0.1269,0.61,0.0251,0.93,0.0384,1.54,0.0635,0.0,0.0
106342.0,24.24,3.17,0.1307,1.27,0.0524,0.09,0.0037,1.81,0.0745,0.0,0.0
211326.0,43.61,8.41,0.1929,4.66,0.1068,0.58,0.0133,3.18,0.0729,0.0,0.0
3797.0,12.99,4.65,0.3576,2.57,0.1975,0.0,0.0,2.08,0.1601,0.0,0.0
316652.0,262.84,17.18,0.0654,5.96,0.0227,4.23,0.0161,6.99,0.0266,0.0,0.0
37857.0,152.04,10.31,0.0678,4.39,0.0289,1.86,0.0122,4.06,0.0267,0.0,0.0
255636.0,166.22,16.23,0.0976,7.29,0.0438,3.46,0.0208,5.48,0.033,0.0,0.0
106546.0,274.38,9.15,0.0334,2.41,0.0088,1.99,0.0073,4.76,0.0173,0.0,0.0
3694.0,13.57,6.38,0.4706,2.23,0.1644,1.52,0.1119,2.64,0.1943,0.0,0.0
142919.0,21.23,7.4,0.3487,3.98,0.1875,0.7,0.033,2.72,0.1281,0.0,0.0
37757.0,15.55,1.98,0.1276,1.98,0.1276,0.0,0.0,0.0,0.0,0.0,0.0
106551.0,162.25,16.53,0.1019,7.15,0.0441,3.72,0.0229,5.66,0.0349,0.0,0.0
3902.0,19.96,2.17,0.1088,1.12,0.0563,0.35,0.0173,0.7,0.0352,0.0,0.0
72346.0,13.86,2.96,0.2139,1.02,0.0737,0.78,0.056,1.17,0.0842,0.0,0.0
37985.0,90.49,6.29,0.0696,2.44,0.027,0.0,0.0,3.85,0.0425,0.0,0.0
211251.0,24.89,8.19,0.329,3.93,0.1577,0.3,0.0122,3.96,0.1591,0.0,0.0
211435.0,50.79,3.81,0.075,2.77,0.0546,0.23,0.0046,0.8,0.0158,0.0,0.0
106550.0,155.99,11.92,0.0764,6.04,0.0387,1.01,0.0065,4.87,0.0312,0.0,0.0
60219.0,74.44,10.49,0.1409,4.75,0.0638,1.39,0.0186,4.36,0.0585,0.0,0.0
106349.0,14.81,0.51,0.0346,0.51,0.0346,0.0,0.0,0.0,0.0,0.0,0.0
72347.0,17.68,1.27,0.0718,0.93,0.0523,0.14,0.008,0.2,0.0115,0.0,0.0
255745.0,26.13,5.42,0.2075,1.61,0.0615,1.28,0.049,2.54,0.0971,0.0,0.0
245223.0,16.52,4.12,0.2495,2.56,0.1548,0.71,0.0428,0.86,0.0519,0.0,0.0
72225.0,13.15,3.79,0.2884,0.27,0.0202,1.87,0.1421,1.66,0.1261,0.0,0.0
106346.0,24.58,4.98,0.2025,0.44,0.018,2.24,0.0912,2.29,0.0933,0.0,0.0
3697.0,22.64,1.1,0.0487,0.56,0.0247,0.36,0.016,0.18,0.008,0.0,0.0
211250.0,18.1,0.0,0.0,0.0,0.0,0.0,0.0,0.0,0.0,0.0,0.0
245424.0,113.39,6.57,0.0579,2.16,0.019,0.28,0.0025,4.13,0.0364,0.0,0.0
3696.0,16.11,4.17,0.2586,2.05,0.1271,0.72,0.0448,1.4,0.0867,0.0,0.0
211436.0,72.41,9.3,0.1284,3.92,0.0541,1.53,0.0212,3.85,0.0531,0.0,0.0
211434.0,153.24,12.37,0.0807,6.41,0.0418,0.95,0.0062,5.01,0.0327,0.0,0.0
142920.0,22.49,3.38,0.1502,1.5,0.0667,0.13,0.0057,1.75,0.0777,0.0,0.0
37758.0,32.84,5.83,0.1775,2.95,0.0899,0.86,0.0263,2.02,0.0614,0.0,0.0
245224.0,33.06,5.35,0.1617,2.59,0.0785,1.12,0.034,1.63,0.0492,0.0,0.0
4149.0,82.33,0.0,0.0,0.0,0.0,0.0,0.0,0.0,0.0,0.0,0.0
211681.0,83.39,10.12,0.1213,3.08,0.0369,2.62,0.0314,4.42,0.0529,0.0,0.0
106812.0,103.77,10.32,0.0994,4.98,0.048,1.5,0.0145,3.83,0.0369,0.0,0.0
324772.0,7.79,2.18,0.2184,0.12,0.0115,0.62,0.0616,1.45,0.1454,0.0,0.0
106547.0,210.9,8.2,0.0389,1.9,0.009,2.39,0.0114,3.9,0.0185,0.0,0.0
72429.0,208.37,9.35,0.0449,2.2,0.0105,2.82,0.0136,4.33,0.0208,0.0,0.0
72395.0,24.58,1.37,0.0559,0.0,0.0,0.29,0.0117,1.09,0.0442,0.0,0.0
142929.0,29.08,5.82,0.2,1.14,0.0391,2.18,0.0751,2.5,0.0859,0.0,0.0
439842.0,302.47,12.59,0.0416,4.32,0.0143,2.48,0.0082,5.78,0.0191,0.0,0.0
439844.0,80.9,7.0,0.0866,3.43,0.0424,0.91,0.0113,2.66,0.0329,0.0,0.0
439845.0,29.41,2.57,0.0873,1.41,0.0479,0.31,0.0106,0.85,0.0289,0.0,0.0
439856.0,223.35,10.95,0.049,3.06,0.0137,2.82,0.0126,5.07,0.0227,0.0,0.0
211440.0,184.99,14.51,0.0784,5.12,0.0277,2.05,0.0111,7.34,0.0397,0.0,0.0
407191.0,36.04,1.28,0.0356,0.64,0.0178,0.0,0.0,0.64,0.0178,0.0,0.0
407192.0,4.5,0.72,0.072,0.36,0.036,0.0,0.0,0.36,0.036,0.0,0.0
177198.0,48.72,5.15,0.1056,2.38,0.0489,0.31,0.0063,2.46,0.0505,0.0,0.0
106552.0,54.53,5.89,0.108,2.59,0.0475,0.36,0.0067,2.94,0.0539,0.0,0.0
407206.0,3.76,0.81,0.0809,0.4,0.0404,0.0,0.0,0.4,0.0404,0.0,0.0
412753.0,18.12,0.71,0.039,0.0,0.0,0.71,0.039,0.0,0.0,0.0,0.0
106347.0,22.63,5.66,0.2503,0.69,0.0305,2.27,0.1003,2.7,0.1195,0.0,0.0
177128.0,39.99,7.88,0.1969,2.6,0.0649,1.49,0.0374,3.79,0.0947,0.0,0.0
106544.0,173.78,11.61,0.0668,5.38,0.031,2.44,0.014,3.78,0.0218,0.0,0.0
37987.0,8.09,3.41,0.3411,1.69,0.1685,0.29,0.0285,1.44,0.144,0.0,0.0
72433.0,137.7,20.46,0.1486,8.42,0.0611,2.14,0.0155,9.91,0.072,0.0,0.0
3698.0,61.72,10.22,0.1656,4.36,0.0706,1.14,0.0185,4.72,0.0765,0.0,0.0
37894.0,23.69,4.34,0.1834,1.55,0.0654,0.77,0.0324,2.03,0.0856,0.0,0.0
245425.0,131.34,15.46,0.1177,5.65,0.043,2.85,0.0217,6.97,0.0531,0.0,0.0
116631.0,123.39,9.42,0.0764,3.02,0.0245,1.74,0.0141,4.66,0.0378,0.0,0.0
3903.0,137.68,20.6,0.1496,8.7,0.0632,2.12,0.0154,9.78,0.0711,0.0,0.0
142921.0,64.94,6.89,0.1061,2.54,0.0391,1.36,0.0209,3.0,0.0461,0.0,0.0
3904.0,103.5,6.12,0.0591,2.05,0.0199,0.87,0.0084,3.19,0.0308,0.0,0.0
106609.0,109.13,8.26,0.0757,2.51,0.023,0.33,0.003,5.42,0.0497,0.0,0.0
143035.0,17.47,1.56,0.0892,0.51,0.0291,0.43,0.0244,0.62,0.0356,0.0,0.0
245384.0,17.21,4.08,0.2368,0.36,0.0207,1.61,0.0933,2.11,0.1228,0.0,0.0
72409.0,25.65,1.99,0.0774,0.33,0.013,0.54,0.0209,1.12,0.0436,0.0,0.0
177129.0,14.01,2.41,0.1718,0.1,0.0068,1.13,0.0804,1.18,0.0846,0.0,0.0
106507.0,19.62,2.65,0.135,0.0,0.0,1.51,0.0768,1.14,0.0582,0.0,0.0
245429.0,51.91,5.94,0.1145,1.19,0.0229,2.09,0.0402,2.67,0.0514,0.0,0.0
3874.0,24.88,1.91,0.0766,0.23,0.0094,0.72,0.0289,0.95,0.0383,0.0,0.0
211438.0,146.04,8.39,0.0574,0.92,0.0063,3.27,0.0224,4.19,0.0287,0.0,0.0
72382.0,15.45,1.51,0.098,0.76,0.049,0.0,0.0,0.76,0.049,0.0,0.0
245383.0,15.39,4.77,0.3099,0.42,0.0275,2.12,0.1378,2.23,0.1446,0.0,0.0
143072.0,14.49,0.99,0.0681,0.0,0.0,0.51,0.0352,0.48,0.0329,0.0,0.0
245428.0,51.9,6.16,0.1187,1.38,0.0266,2.0,0.0385,2.78,0.0536,0.0,0.0
245227.0,15.11,1.83,0.1212,0.0,0.0,1.11,0.0734,0.72,0.0478,0.0,0.0
245427.0,119.93,5.0,0.0417,0.43,0.0036,2.09,0.0174,2.48,0.0207,0.0,0.0
72432.0,116.28,3.9,0.0336,0.29,0.0025,1.66,0.0142,1.95,0.0168,0.0,0.0
37988.0,151.8,10.2,0.0672,4.82,0.0318,1.06,0.007,4.31,0.0284,0.0,0.0
106354.0,20.3,2.55,0.1254,0.0,0.0,1.62,0.08,0.92,0.0454,0.0,0.0
177614.0,108.15,3.04,0.0281,0.61,0.0056,0.79,0.0073,1.64,0.0151,0.0,0.0
3695.0,34.59,1.96,0.0567,1.32,0.0383,0.03,0.0008,0.61,0.0176,0.0,0.0
211439.0,146.05,8.03,0.055,0.81,0.0055,3.53,0.0242,3.7,0.0253,0.0,0.0
37984.0,153.63,9.49,0.0617,5.15,0.0335,0.76,0.0049,3.58,0.0233,0.0,0.0
106348.0,12.21,1.9,0.1553,0.9,0.0738,0.28,0.0226,0.72,0.0589,0.0,0.0
211678.0,23.69,4.51,0.1905,0.79,0.0334,1.63,0.0688,2.09,0.0883,0.0,0.0
38252.0,84.72,11.36,0.1341,4.06,0.0479,1.68,0.0198,5.62,0.0663,0.0,0.0
308850.0,3.26,2.33,0.2328,1.0,0.1002,0.13,0.013,1.2,0.1195,0.0,0.0
245687.0,106.2,2.49,0.0234,0.72,0.0067,0.41,0.0039,1.36,0.0128,0.0,0.0
106545.0,155.2,10.47,0.0675,4.62,0.0297,1.13,0.0073,4.73,0.0305,0.0,0.0
106548.0,281.33,15.26,0.0542,5.95,0.0212,3.37,0.012,5.93,0.0211,0.0,0.0
38247.0,78.56,5.23,0.0666,1.86,0.0236,1.16,0.0148,2.22,0.0282,0.0,0.0
324765.0,380.72,1.51,0.004,0.0,0.0,0.79,0.0021,0.72,0.0019,0.0,0.0
324766.0,4.56,1.42,0.142,0.0,0.0,0.75,0.0752,0.67,0.0668,0.0,0.0
38253.0,40.65,3.25,0.08,0.58,0.0142,1.07,0.0263,1.61,0.0395,0.0,0.0
245237.0,30.53,6.96,0.228,2.37,0.0778,1.55,0.0506,3.04,0.0997,0.0,0.0
211479.0,147.03,8.32,0.0566,2.8,0.019,1.6,0.0109,3.92,0.0267,0.0,0.0
72486.0,212.91,12.36,0.058,4.53,0.0213,1.7,0.008,6.12,0.0288,0.0,0.0
143184.0,107.34,8.75,0.0816,3.59,0.0335,0.77,0.0072,4.39,0.0409,0.0,0.0
324844.0,6.13,1.52,0.1524,0.62,0.0623,0.0,0.0,0.9,0.0901,0.0,0.0
245472.0,107.46,8.57,0.0798,3.22,0.03,0.69,0.0064,4.66,0.0434,0.0,0.0
324843.0,8.94,2.71,0.271,0.98,0.0982,0.06,0.0057,1.67,0.1671,0.0,0.0
211478.0,146.46,9.14,0.0624,2.96,0.0202,1.65,0.0112,4.54,0.031,0.0,0.0
3700.0,15.29,2.73,0.1787,0.38,0.0249,1.51,0.0989,0.84,0.0549,0.0,0.0
245698.0,3.28,0.0,0.0,0.0,0.0,0.0,0.0,0.0,0.0,0.0,0.0
106659.0,95.34,6.18,0.0648,2.32,0.0243,0.17,0.0018,3.69,0.0387,0.0,0.0
245474.0,288.35,14.83,0.0514,5.64,0.0196,1.72,0.006,7.47,0.0259,0.0,0.0
72487.0,25.61,3.97,0.1548,0.93,0.0363,0.34,0.0135,2.69,0.1051,0.0,0.0
211480.0,16.48,1.78,0.1078,0.86,0.0524,0.0,0.0,0.91,0.0554,0.0,0.0
37767.0,23.66,2.68,0.1133,1.41,0.0597,0.58,0.0245,0.69,0.0291,0.0,0.0
72488.0,15.99,1.89,0.1183,0.92,0.0577,0.0,0.0,0.97,0.0606,0.0,0.0
245475.0,3.0,2.19,0.2189,0.45,0.0451,0.71,0.0711,1.03,0.1027,0.0,0.0
106358.0,23.26,3.66,0.1572,1.57,0.0673,0.0,0.0,2.09,0.0898,0.0,0.0
440012.0,13.72,2.18,0.1586,0.93,0.068,0.31,0.0226,0.93,0.0681,0.0,0.0
440011.0,10.36,1.82,0.1755,0.49,0.0475,0.82,0.0788,0.51,0.0492,0.0,0.0
407424.0,82.61,3.23,0.0391,0.41,0.005,0.69,0.0083,2.13,0.0258,0.0,0.0
3699.0,55.98,8.81,0.1573,1.93,0.0344,2.4,0.0428,4.49,0.0802,0.0,0.0
72231.0,12.56,5.43,0.4325,1.23,0.0975,1.18,0.0943,3.02,0.2407,0.0,0.0
324777.0,41.61,3.61,0.0866,1.08,0.0259,0.03,0.0007,2.5,0.06,0.0,0.0
37765.0,18.51,2.29,0.1235,0.51,0.0276,0.28,0.0152,1.49,0.0807,0.0,0.0
324769.0,164.61,11.49,0.0698,4.47,0.0271,2.29,0.0139,4.73,0.0288,0.0,0.0
3660.0,93.17,4.21,0.0452,1.87,0.02,0.14,0.0015,2.2,0.0236,0.0,0.0
38045.0,100.41,5.55,0.0552,1.11,0.011,0.83,0.0083,3.61,0.036,0.0,0.0
211252.0,16.88,4.22,0.2499,1.66,0.0984,0.0,0.0,2.56,0.1515,0.0,0.0
324775.0,5.64,1.22,0.1224,0.0,0.0,0.0,0.0,1.22,0.1224,0.0,0.0
106357.0,21.78,1.11,0.0512,0.56,0.0257,0.19,0.0085,0.37,0.017,0.0,0.0
143186.0,40.37,6.4,0.1586,1.8,0.0447,1.15,0.0284,3.45,0.0855,0.0,0.0
37766.0,17.56,3.1,0.1764,0.93,0.0527,0.0,0.0,2.17,0.1238,0.0,0.0
324779.0,7.4,2.38,0.2384,1.12,0.1121,0.03,0.0029,1.23,0.1234,0.0,0.0
143233.0,65.47,9.89,0.1511,3.48,0.0532,1.81,0.0276,4.6,0.0703,0.0,0.0
324778.0,6.22,3.03,0.3031,1.29,0.1287,0.16,0.0162,1.58,0.1582,0.0,0.0
142995.0,137.22,8.37,0.061,2.89,0.0211,1.38,0.0101,4.09,0.0298,0.0,0.0
72229.0,21.91,2.98,0.1359,0.55,0.025,0.55,0.025,1.88,0.0859,0.0,0.0
245431.0,202.04,8.46,0.0419,0.69,0.0034,1.26,0.0063,6.5,0.0322,0.0,0.0
142928.0,55.62,1.76,0.0317,0.41,0.0074,0.27,0.0049,1.08,0.0194,0.0,0.0
106610.0,43.95,4.17,0.095,1.49,0.0339,0.0,0.0,2.68,0.0611,0.0,0.0
143187.0,48.91,5.92,0.1211,1.97,0.0403,1.13,0.0231,2.82,0.0577,0.0,0.0
38044.0,127.56,8.08,0.0634,1.04,0.0081,2.75,0.0216,4.29,0.0337,0.0,0.0
434486.0,144.09,21.61,0.15,7.12,0.0494,6.67,0.0463,7.81,0.0542,0.0,0.0
144224.0,133.96,0.0,0.0,0.0,0.0,0.0,0.0,0.0,0.0,0.0,0.0
141944.0,2.25,0.0,0.0,0.0,0.0,0.0,0.0,0.0,0.0,0.0,0.0
105328.0,10.38,1.54,0.1484,0.56,0.0541,0.56,0.0541,0.42,0.0403,0.0,0.0
415364.0,207.32,3.59,0.0173,1.39,0.0067,1.39,0.0067,0.8,0.0039,0.0,0.0
418174.0,78.03,0.0,0.0,0.0,0.0,0.0,0.0,0.0,0.0,0.0,0.0
211680.0,36.88,5.98,0.1622,1.87,0.0508,0.89,0.0243,3.21,0.0872,0.0,0.0
211482.0,34.81,3.57,0.1026,2.01,0.0578,0.06,0.0017,1.5,0.0432,0.0,0.0
4156.0,115.6,8.75,0.0757,4.12,0.0356,0.4,0.0035,4.23,0.0366,0.0,0.0
308758.0,174.54,8.82,0.0505,3.96,0.0227,0.12,0.0007,4.74,0.0272,0.0,0.0
226116.0,61.13,0.0,0.0,0.0,0.0,0.0,0.0,0.0,0.0,0.0,0.0
324768.0,117.66,9.34,0.0794,3.2,0.0272,2.55,0.0217,3.59,0.0305,0.0,0.0
59818.0,109.49,0.58,0.0053,0.29,0.0026,0.29,0.0026,0.0,0.0,0.0,0.0
106307.0,49.18,3.76,0.0764,1.41,0.0287,0.93,0.0189,1.41,0.0287,0.0,0.0
212550.0,109.09,0.0,0.0,0.0,0.0,0.0,0.0,0.0,0.0,0.0,0.0
211679.0,48.1,7.11,0.1479,2.51,0.0522,2.05,0.0427,2.55,0.053,0.0,0.0
37782.0,85.47,9.85,0.1152,4.44,0.0519,0.25,0.0029,5.16,0.0604,0.0,0.0
175745.0,28.52,0.47,0.0164,0.23,0.0082,0.23,0.0082,0.0,0.0,0.0,0.0
3661.0,19.23,2.32,0.1208,0.24,0.0123,0.51,0.0266,1.57,0.0819,0.0,0.0
175746.0,107.51,0.65,0.006,0.32,0.003,0.32,0.003,0.0,0.0,0.0,0.0
72675.0,65.74,3.39,0.0516,0.74,0.0113,1.04,0.0158,1.61,0.0244,0.0,0.0
243877.0,98.64,0.46,0.0046,0.23,0.0023,0.23,0.0023,0.0,0.0,0.0,0.0
246575.0,5.9,0.0,0.0,0.0,0.0,0.0,0.0,0.0,0.0,0.0,0.0
143369.0,75.0,4.94,0.0659,1.99,0.0265,1.18,0.0157,1.78,0.0237,0.0,0.0
324767.0,5.76,3.36,0.3355,1.63,0.1633,0.41,0.0406,1.32,0.1316,0.0,0.0
324770.0,5.27,3.33,0.333,1.66,0.1665,0.14,0.0137,1.53,0.1528,0.0,0.0
177622.0,71.78,10.04,0.1399,3.49,0.0486,3.81,0.053,2.74,0.0382,0.0,0.0
38251.0,24.44,2.34,0.0956,0.8,0.0327,0.92,0.0375,0.62,0.0254,0.0,0.0
72676.0,33.89,2.35,0.0694,0.87,0.0257,0.0,0.0,1.48,0.0437,0.0,0.0
198939.0,308.38,0.0,0.0,0.0,0.0,0.0,0.0,0.0,0.0,0.0,0.0
199046.0,53.14,0.0,0.0,0.0,0.0,0.0,0.0,0.0,0.0,0.0,0.0
324622.0,11.63,0.11,0.0093,0.0,0.0,0.0,0.0,0.11,0.0093,0.0,0.0
324623.0,166.45,0.41,0.0025,0.0,0.0,0.0,0.0,0.41,0.0025,0.0,0.0
71253.0,72.67,0.96,0.0132,0.0,0.0,0.0,0.0,0.96,0.0132,0.0,0.0
427780.0,5.2,0.0,0.0,0.0,0.0,0.0,0.0,0.0,0.0,0.0,0.0
427781.0,6.02,0.0,0.0,0.0,0.0,0.0,0.0,0.0,0.0,0.0,0.0
415692.0,32.8,0.83,0.0253,0.0,0.0,0.0,0.0,0.83,0.0253,0.0,0.0
261304.0,7.57,0.0,0.0,0.0,0.0,0.0,0.0,0.0,0.0,0.0,0.0
7238.0,92.72,0.0,0.0,0.0,0.0,0.0,0.0,0.0,0.0,0.0,0.0
308847.0,3.75,4.38,0.4383,2.04,0.2041,0.0,0.0,2.34,0.2342,0.0,0.0
53635.0,36.33,0.0,0.0,0.0,0.0,0.0,0.0,0.0,0.0,0.0,0.0
210305.0,31.76,0.38,0.0118,0.0,0.0,0.0,0.0,0.38,0.0118,0.0,0.0
192893.0,17.79,0.0,0.0,0.0,0.0,0.0,0.0,0.0,0.0,0.0,0.0
308843.0,2.41,0.0,0.0,0.0,0.0,0.0,0.0,0.0,0.0,0.0,0.0
39095.0,28.4,0.0,0.0,0.0,0.0,0.0,0.0,0.0,0.0,0.0,0.0
308845.0,100.44,7.07,0.0704,3.42,0.0341,0.0,0.0,3.64,0.0363,0.0,0.0
146477.0,10.45,0.0,0.0,0.0,0.0,0.0,0.0,0.0,0.0,0.0,0.0
214924.0,14.0,0.0,0.0,0.0,0.0,0.0,0.0,0.0,0.0,0.0,0.0
310731.0,11.24,0.32,0.0287,0.0,0.0,0.0,0.0,0.32,0.0287,0.0,0.0
308844.0,3.35,4.03,0.4032,1.88,0.1883,0.0,0.0,2.15,0.215,0.0,0.0
308849.0,30.78,6.14,0.1995,2.8,0.0908,0.11,0.0037,3.23,0.105,0.0,0.0
144225.0,14.63,0.0,0.0,0.0,0.0,0.0,0.0,0.0,0.0,0.0,0.0
310737.0,2.4,0.13,0.0128,0.0,0.0,0.0,0.0,0.13,0.0128,0.0,0.0
310736.0,2.4,0.09,0.0088,0.0,0.0,0.0,0.0,0.09,0.0088,0.0,0.0
210307.0,13.62,0.87,0.0637,0.0,0.0,0.0,0.0,0.87,0.0637,0.0,0.0
5002.0,163.93,0.35,0.0021,0.0,0.0,0.0,0.0,0.35,0.0021,0.0,0.0
310733.0,41.61,0.57,0.0137,0.0,0.0,0.0,0.0,0.57,0.0137,0.0,0.0
310734.0,34.43,0.41,0.0118,0.0,0.0,0.0,0.0,0.41,0.0118,0.0,0.0
210306.0,9.23,0.0,0.0,0.0,0.0,0.0,0.0,0.0,0.0,0.0,0.0
408303.0,315.87,0.0,0.0,0.0,0.0,0.0,0.0,0.0,0.0,0.0,0.0
408306.0,4.27,0.0,0.0,0.0,0.0,0.0,0.0,0.0,0.0,0.0,0.0
408309.0,3.13,0.0,0.0,0.0,0.0,0.0,0.0,0.0,0.0,0.0,0.0
408308.0,21.91,0.0,0.0,0.0,0.0,0.0,0.0,0.0,0.0,0.0,0.0
408305.0,4.55,0.0,0.0,0.0,0.0,0.0,0.0,0.0,0.0,0.0,0.0
408307.0,33.52,0.0,0.0,0.0,0.0,0.0,0.0,0.0,0.0,0.0,0.0
143230.0,87.73,3.2,0.0364,0.9,0.0102,1.19,0.0136,1.11,0.0126,0.0,0.0
211529.0,47.71,9.06,0.1898,1.7,0.0357,3.44,0.072,3.92,0.0821,0.0,0.0
245521.0,197.38,11.97,0.0607,2.96,0.015,3.44,0.0174,5.57,0.0282,0.0,0.0
4012.0,116.92,9.09,0.0777,1.59,0.0136,4.02,0.0344,3.48,0.0297,0.0,0.0
415695.0,4.92,0.0,0.0,0.0,0.0,0.0,0.0,0.0,0.0,0.0,0.0
415694.0,34.83,0.51,0.0146,0.0,0.0,0.0,0.0,0.51,0.0146,0.0,0.0
415693.0,10.5,0.45,0.0425,0.0,0.0,0.0,0.0,0.45,0.0425,0.0,0.0
4007.0,331.97,20.28,0.0611,5.45,0.0164,4.68,0.0141,10.15,0.0306,0.0,0.0
245516.0,135.69,9.96,0.0734,3.38,0.0249,2.3,0.0169,4.28,0.0315,0.0,0.0
143232.0,73.38,13.23,0.1803,2.29,0.0312,4.87,0.0663,6.08,0.0828,0.0,0.0
38096.0,11.85,1.6,0.135,0.64,0.054,0.32,0.027,0.64,0.054,0.0,0.0
106660.0,10.03,1.84,0.1833,0.81,0.0806,0.14,0.0136,0.89,0.0891,0.0,0.0
245518.0,91.0,6.4,0.0704,1.74,0.0192,1.23,0.0136,3.43,0.0377,0.0,0.0
245517.0,71.18,6.01,0.0845,1.14,0.016,2.63,0.0369,2.25,0.0315,0.0,0.0
324780.0,3.46,3.6,0.3604,1.35,0.1349,0.38,0.0378,1.88,0.1876,0.0,0.0
177436.0,21.97,5.37,0.2444,0.71,0.0323,1.92,0.0873,2.74,0.1248,0.0,0.0
72532.0,58.39,12.51,0.2142,3.29,0.0563,3.25,0.0557,5.97,0.1023,0.0,0.0
210308.0,3.51,0.55,0.0549,0.0,0.0,0.0,0.0,0.55,0.0549,0.0,0.0
106362.0,22.31,6.33,0.2838,2.0,0.0895,1.23,0.0552,3.1,0.1391,0.0,0.0
4011.0,118.12,8.98,0.0761,1.64,0.0139,3.94,0.0333,3.4,0.0288,0.0,0.0
143188.0,22.23,5.28,0.2376,0.0,0.0,3.3,0.1483,1.98,0.0893,0.0,0.0
245520.0,101.44,9.38,0.0924,2.53,0.0249,3.72,0.0367,3.12,0.0308,0.0,0.0
36299.0,3.85,0.18,0.0178,0.0,0.0,0.0,0.0,0.18,0.0178,0.0,0.0
209417.0,312.95,0.0,0.0,0.0,0.0,0.0,0.0,0.0,0.0,0.0,0.0
142932.0,29.28,3.7,0.1263,1.72,0.0587,0.41,0.0141,1.57,0.0535,0.0,0.0
72531.0,51.94,7.79,0.1499,0.84,0.0163,4.36,0.084,2.58,0.0497,0.0,0.0
316859.0,39.29,5.24,0.1333,0.94,0.024,2.11,0.0538,2.18,0.0555,0.0,0.0
210520.0,42.16,4.45,0.1056,2.03,0.0482,0.93,0.022,1.49,0.0354,0.0,0.0
176382.0,41.86,4.5,0.1076,1.92,0.046,0.96,0.0229,1.62,0.0387,0.0,0.0
37772.0,30.04,5.4,0.1796,1.6,0.0532,0.84,0.0279,2.96,0.0985,0.0,0.0
211526.0,36.24,9.88,0.2728,2.57,0.0709,1.49,0.0411,5.83,0.1609,0.0,0.0
177136.0,20.18,4.28,0.2123,1.38,0.0685,0.72,0.0355,2.19,0.1083,0.0,0.0
71262.0,69.19,7.24,0.1047,1.52,0.022,1.7,0.0246,4.02,0.0581,0.0,0.0
2767.0,69.21,7.35,0.1061,1.98,0.0286,1.67,0.0242,3.69,0.0533,0.0,0.0
37773.0,46.14,5.44,0.1178,1.75,0.0379,0.81,0.0176,2.87,0.0622,0.0,0.0
437122.0,1.45,0.32,0.0317,0.0,0.0,0.0,0.0,0.32,0.0317,0.0,0.0
143234.0,4.5,1.1,0.1099,0.37,0.0371,0.0,0.0,0.73,0.0728,0.0,0.0
308751.0,26.17,0.52,0.0199,0.03,0.001,0.0,0.0,0.5,0.0189,0.0,0.0
470705.0,0.22,3.47,0.3467,1.34,0.1342,0.49,0.0487,1.64,0.1638,0.0,0.0
470707.0,1.14,3.52,0.352,1.36,0.1364,0.49,0.0494,1.66,0.1661,0.0,0.0
470709.0,6.37,3.68,0.3681,1.5,0.1497,0.51,0.0507,1.68,0.1677,0.0,0.0
470711.0,11.22,3.06,0.2724,0.79,0.0707,0.99,0.0881,1.27,0.1136,0.0,0.0
470710.0,21.92,4.82,0.2201,1.6,0.0731,1.15,0.0526,2.07,0.0944,0.0,0.0
470712.0,32.82,5.64,0.1718,0.78,0.0237,2.95,0.09,1.91,0.0582,0.0,0.0
72240.0,26.63,7.98,0.2998,1.39,0.0522,2.74,0.1027,3.86,0.1449,0.0,0.0
72237.0,21.55,7.01,0.3252,2.1,0.0976,1.48,0.0685,3.43,0.1591,0.0,0.0
456171.0,18.38,5.14,0.2795,1.88,0.1021,1.27,0.0691,1.99,0.1083,0.0,0.0
448649.0,54.35,9.9,0.1822,2.24,0.0412,2.59,0.0477,5.07,0.0933,0.0,0.0
413298.0,153.96,13.65,0.0887,3.46,0.0225,3.57,0.0232,6.61,0.043,0.0,0.0
177437.0,87.84,3.27,0.0372,0.9,0.0103,1.14,0.013,1.23,0.0139,0.0,0.0
308757.0,146.75,4.57,0.0311,0.93,0.0063,0.64,0.0044,3.0,0.0204,0.0,0.0
106662.0,126.67,8.25,0.0652,3.0,0.0237,0.61,0.0048,4.65,0.0367,0.0,0.0
310508.0,127.89,4.56,0.0356,0.83,0.0065,0.69,0.0054,3.04,0.0238,0.0,0.0
324624.0,8.96,0.39,0.0385,0.0,0.0,0.0,0.0,0.39,0.0385,0.0,0.0
72533.0,21.56,1.25,0.0582,0.4,0.0186,0.0,0.0,0.85,0.0396,0.0,0.0
310513.0,1.4,1.3,0.1299,0.3,0.0301,0.0,0.0,1.0,0.0998,0.0,0.0
2652.0,67.8,0.38,0.0056,0.0,0.0,0.0,0.0,0.38,0.0056,0.0,0.0
211524.0,154.69,14.21,0.0918,3.11,0.0201,4.44,0.0287,6.66,0.0431,0.0,0.0
3989.0,12.19,1.34,0.1098,0.14,0.0115,0.86,0.0708,0.33,0.0275,0.0,0.0
72239.0,56.28,6.14,0.109,1.29,0.0229,1.78,0.0316,3.07,0.0546,0.0,0.0
329431.0,9.41,2.91,0.2911,0.98,0.0981,0.34,0.0339,1.59,0.1591,0.0,0.0
324783.0,16.06,1.89,0.1174,0.74,0.046,0.0,0.0,1.15,0.0714,0.0,0.0
38094.0,141.49,8.86,0.0626,2.03,0.0144,2.68,0.0189,4.16,0.0294,0.0,0.0
143236.0,69.53,9.5,0.1367,2.59,0.0372,2.49,0.0358,4.43,0.0637,0.0,0.0
470714.0,0.35,1.09,0.1089,0.36,0.0359,0.16,0.0159,0.57,0.0571,0.0,0.0
470706.0,1.27,1.11,0.111,0.35,0.0348,0.17,0.0174,0.59,0.0588,0.0,0.0
470713.0,27.99,3.54,0.1264,0.36,0.0128,2.06,0.0737,1.12,0.0399,0.0,0.0
470708.0,4.28,2.93,0.2934,0.0,0.0,2.26,0.2262,0.67,0.0673,0.0,0.0
470715.0,20.08,2.59,0.1292,0.91,0.0455,0.15,0.0077,1.53,0.076,0.0,0.0
324785.0,74.72,4.66,0.0623,2.07,0.0277,0.07,0.0009,2.51,0.0337,0.0,0.0
104990.0,112.73,8.42,0.0747,3.17,0.0281,0.64,0.0057,4.61,0.0409,0.0,0.0
324802.0,11.78,1.95,0.1659,0.64,0.0544,0.21,0.018,1.1,0.0935,0.0,0.0
308754.0,2.24,2.32,0.2322,1.09,0.1087,0.0,0.0,1.23,0.1235,0.0,0.0
141955.0,36.27,6.41,0.1767,2.05,0.0564,1.6,0.0442,2.76,0.076,0.0,0.0
324787.0,6.75,1.93,0.193,0.82,0.0821,0.0,0.0,1.11,0.111,0.0,0.0
141956.0,54.82,4.61,0.0841,0.96,0.0176,1.37,0.0251,2.27,0.0414,0.0,0.0
36302.0,36.93,3.78,0.1022,1.5,0.0406,0.57,0.0154,1.71,0.0462,0.0,0.0
324795.0,47.54,7.32,0.1539,2.02,0.0425,2.07,0.0436,3.23,0.0679,0.0,0.0
324798.0,120.58,9.58,0.0795,3.74,0.0311,0.98,0.0082,4.86,0.0403,0.0,0.0
71261.0,107.44,9.2,0.0856,3.23,0.0301,1.11,0.0103,4.85,0.0452,0.0,0.0
243992.0,16.46,1.67,0.1013,1.29,0.0786,0.0,0.0,0.37,0.0227,0.0,0.0
324796.0,3.48,2.77,0.2768,1.25,0.1247,0.03,0.0027,1.49,0.1494,0.0,0.0
210516.0,41.02,6.32,0.1541,3.95,0.0962,0.0,0.0,2.37,0.0579,0.0,0.0
2880.0,49.6,6.97,0.1405,0.54,0.0109,2.66,0.0536,3.77,0.076,0.0,0.0
142069.0,56.96,2.02,0.0354,1.11,0.0195,0.0,0.0,0.91,0.016,0.0,0.0
324786.0,14.73,2.58,0.1751,1.2,0.0814,0.0,0.0,1.38,0.0937,0.0,0.0
141950.0,69.9,3.93,0.0562,2.03,0.0291,0.43,0.0062,1.47,0.021,0.0,0.0
3702.0,16.9,4.21,0.2491,0.82,0.0485,1.48,0.0873,1.91,0.1132,0.0,0.0
329428.0,7.97,2.42,0.2422,1.02,0.1021,0.0,0.0,1.4,0.1401,0.0,0.0
142052.0,36.26,4.33,0.1193,1.75,0.0483,0.77,0.0211,1.81,0.0499,0.0,0.0
329430.0,7.98,1.35,0.1352,0.57,0.0569,0.0,0.0,0.78,0.0783,0.0,0.0
308756.0,79.33,1.99,0.0251,0.89,0.0112,0.0,0.0,1.11,0.014,0.0,0.0
415362.0,6.22,0.0,0.0,0.0,0.0,0.0,0.0,0.0,0.0,0.0,0.0
415363.0,5.17,0.0,0.0,0.0,0.0,0.0,0.0,0.0,0.0,0.0,0.0
324782.0,2.8,0.0,0.0,0.0,0.0,0.0,0.0,0.0,0.0,0.0,0.0
143189.0,21.84,0.0,0.0,0.0,0.0,0.0,0.0,0.0,0.0,0.0,0.0
324625.0,59.52,0.13,0.0022,0.0,0.0,0.0,0.0,0.13,0.0022,0.0,0.0
308755.0,38.6,2.64,0.0684,1.32,0.0341,0.0,0.0,1.32,0.0342,0.0,0.0
267360.0,6.12,0.0,0.0,0.0,0.0,0.0,0.0,0.0,0.0,0.0,0.0
7162.0,33.32,1.23,0.0371,0.46,0.0137,0.46,0.0137,0.32,0.0097,0.0,0.0
141947.0,14.03,0.06,0.0046,0.03,0.0023,0.03,0.0023,0.0,0.0,0.0,0.0
329429.0,4.25,0.26,0.0264,0.08,0.0081,0.0,0.0,0.18,0.0183,0.0,0.0
175753.0,170.45,0.74,0.0044,0.74,0.0044,0.0,0.0,0.0,0.0,0.0,0.0
175747.0,18.25,0.0,0.0,0.0,0.0,0.0,0.0,0.0,0.0,0.0,0.0
71432.0,45.8,0.98,0.0215,0.49,0.0107,0.0,0.0,0.49,0.0107,0.0,0.0
175889.0,22.83,0.0,0.0,0.0,0.0,0.0,0.0,0.0,0.0,0.0,0.0
308699.0,14.8,1.59,0.1071,0.63,0.0423,0.33,0.0225,0.63,0.0423,0.0,0.0
210463.0,29.14,0.39,0.0134,0.0,0.0,0.39,0.0134,0.0,0.0,0.0,0.0
2778.0,20.96,2.61,0.1248,0.31,0.0146,1.45,0.0691,0.86,0.0411,0.0,0.0
36459.0,15.41,0.0,0.0,0.0,0.0,0.0,0.0,0.0,0.0,0.0,0.0
2779.0,30.38,0.71,0.0234,0.0,0.0,0.65,0.0215,0.06,0.0019,0.0,0.0
2835.0,19.99,3.34,0.1671,1.11,0.0556,0.34,0.0171,1.89,0.0944,0.0,0.0
210462.0,10.41,0.07,0.0064,0.0,0.0,0.07,0.0064,0.0,0.0,0.0,0.0
105151.0,113.07,0.3,0.0026,0.0,0.0,0.3,0.0026,0.0,0.0,0.0,0.0
142051.0,121.83,0.33,0.0027,0.33,0.0027,0.0,0.0,0.0,0.0,0.0,0.0
36458.0,14.31,0.0,0.0,0.0,0.0,0.0,0.0,0.0,0.0,0.0,0.0
2838.0,56.11,0.0,0.0,0.0,0.0,0.0,0.0,0.0,0.0,0.0,0.0
299700.0,266.5,1.73,0.0065,0.68,0.0026,0.17,0.0006,0.88,0.0033,0.0,0.0
175927.0,11.22,1.72,0.1529,0.61,0.0547,0.49,0.0435,0.61,0.0547,0.0,0.0
193326.0,137.83,10.37,0.0752,3.24,0.0235,1.86,0.0135,5.27,0.0382,0.0,0.0
36405.0,18.86,4.92,0.261,1.56,0.0826,0.83,0.0441,2.53,0.1343,0.0,0.0
142067.0,13.1,4.09,0.3121,0.88,0.0675,1.23,0.0936,1.98,0.151,0.0,0.0
244040.0,39.93,6.94,0.1739,2.0,0.0502,0.99,0.0248,3.95,0.0989,0.0,0.0
299726.0,18.1,1.31,0.0726,0.97,0.0536,0.0,0.0,0.34,0.019,0.0,0.0
243988.0,22.58,4.62,0.2047,0.81,0.0359,1.9,0.084,1.92,0.0848,0.0,0.0
71430.0,29.91,7.09,0.2371,1.49,0.0498,2.06,0.0689,3.54,0.1183,0.0,0.0
2777.0,15.33,7.07,0.461,3.01,0.1961,0.52,0.0342,3.54,0.2307,0.0,0.0
2774.0,16.55,9.48,0.5726,3.65,0.2203,1.62,0.0979,4.21,0.2544,0.0,0.0
324893.0,272.86,27.83,0.102,6.51,0.0238,9.67,0.0355,11.65,0.0427,0.0,0.0
105152.0,63.91,6.03,0.0944,2.2,0.0343,0.85,0.0134,2.98,0.0467,0.0,0.0
299727.0,134.15,3.65,0.0272,1.44,0.0107,0.12,0.0009,2.1,0.0156,0.0,0.0
71373.0,16.57,6.88,0.415,2.01,0.1213,1.66,0.1004,3.2,0.1933,0.0,0.0
244041.0,22.54,8.52,0.3779,1.86,0.0824,2.83,0.1257,3.83,0.1698,0.0,0.0
243989.0,12.15,3.49,0.2874,1.26,0.1034,0.22,0.0182,2.02,0.1659,0.0,0.0
105150.0,30.35,6.96,0.2295,2.26,0.0745,1.15,0.0379,3.55,0.117,0.0,0.0
142123.0,52.77,10.23,0.1939,1.95,0.0369,2.88,0.0545,5.41,0.1025,0.0,0.0
324892.0,12.0,2.65,0.2205,1.57,0.1309,0.0,0.0,1.08,0.0896,0.0,0.0
299728.0,4.74,1.35,0.1355,0.94,0.0939,0.0,0.0,0.42,0.0416,0.0,0.0
299697.0,2.89,0.29,0.0289,0.29,0.0289,0.0,0.0,0.0,0.0,0.0,0.0
214951.0,34.61,1.93,0.0558,0.0,0.0,1.01,0.0292,0.92,0.0266,0.0,0.0
324891.0,2.17,1.95,0.1952,1.22,0.122,0.0,0.0,0.73,0.0732,0.0,0.0
299699.0,3.99,0.24,0.0236,0.24,0.0236,0.0,0.0,0.0,0.0,0.0,0.0
463697.0,42.56,4.66,0.1096,0.61,0.0144,1.75,0.0411,2.31,0.0542,0.0,0.0
463668.0,45.76,8.96,0.1958,2.87,0.0628,1.14,0.0248,4.95,0.1082,0.0,0.0
71476.0,72.88,11.09,0.1522,3.7,0.0507,3.19,0.0437,4.21,0.0577,0.0,0.0
308892.0,177.48,0.32,0.0018,0.0,0.0,0.32,0.0018,0.0,0.0,0.0,0.0
308891.0,29.86,1.35,0.0453,0.21,0.007,0.47,0.0156,0.68,0.0226,0.0,0.0
308960.0,42.36,4.85,0.1145,1.66,0.0391,0.79,0.0186,2.41,0.0568,0.0,0.0
452817.0,28.88,0.0,0.0,0.0,0.0,0.0,0.0,0.0,0.0,0.0,0.0
308923.0,113.28,12.08,0.1066,4.48,0.0396,3.71,0.0328,3.88,0.0342,0.0,0.0
176381.0,44.67,9.67,0.2165,2.8,0.0627,3.38,0.0758,3.49,0.078,0.0,0.0
308936.0,7.15,5.01,0.5008,1.12,0.1115,1.41,0.1412,2.48,0.2481,0.0,0.0
308937.0,71.62,5.16,0.072,0.67,0.0093,1.69,0.0236,2.8,0.0391,0.0,0.0
308959.0,3.04,3.24,0.3235,1.31,0.1313,0.4,0.0399,1.52,0.1522,0.0,0.0
2879.0,27.54,2.11,0.0766,1.05,0.0383,0.0,0.0,1.05,0.0383,0.0,0.0
176383.0,19.67,3.27,0.1662,1.07,0.0543,1.26,0.0641,0.94,0.0478,0.0,0.0
308927.0,35.15,7.75,0.2205,2.07,0.0589,2.21,0.063,3.47,0.0986,0.0,0.0
308955.0,27.33,6.2,0.2269,1.96,0.0719,1.13,0.0413,3.11,0.1138,0.0,0.0
308926.0,71.91,5.97,0.083,0.88,0.0122,1.97,0.0275,3.12,0.0434,0.0,0.0
308962.0,69.65,13.19,0.1893,4.51,0.0647,2.96,0.0425,5.72,0.0821,0.0,0.0
142068.0,9.61,4.93,0.4935,1.84,0.1842,1.07,0.1071,2.02,0.2022,0.0,0.0
308961.0,3.03,3.54,0.3541,1.51,0.1514,0.4,0.0405,1.62,0.1622,0.0,0.0
308956.0,3.75,3.8,0.3804,0.76,0.0763,1.03,0.1032,2.01,0.2009,0.0,0.0
308957.0,4.42,4.9,0.49,1.29,0.1288,1.21,0.121,2.4,0.2402,0.0,0.0
210518.0,42.9,4.46,0.1039,1.96,0.0457,0.76,0.0178,1.73,0.0403,0.0,0.0
308935.0,29.61,7.72,0.2606,2.12,0.0716,2.15,0.0727,3.44,0.1163,0.0,0.0
210515.0,133.42,11.11,0.0833,4.23,0.0317,1.42,0.0106,5.46,0.0409,0.0,0.0
308925.0,186.23,14.29,0.0767,4.7,0.0252,2.67,0.0143,6.93,0.0372,0.0,0.0
308958.0,350.05,23.78,0.0679,8.81,0.0252,4.69,0.0134,10.28,0.0294,0.0,0.0
71477.0,13.47,2.86,0.2122,0.79,0.0584,0.0,0.0,2.07,0.1537,0.0,0.0
36408.0,5.3,2.37,0.237,1.19,0.1185,0.0,0.0,1.19,0.1185,0.0,0.0
244090.0,27.4,0.94,0.0343,0.84,0.0306,0.0,0.0,0.1,0.0037,0.0,0.0
142174.0,141.67,2.58,0.0182,0.42,0.003,0.73,0.0052,1.43,0.0101,0.0,0.0
244092.0,85.24,2.19,0.0257,0.05,0.0006,0.0,0.0,2.14,0.0251,0.0,0.0
36409.0,22.74,6.59,0.2898,3.29,0.1449,0.0,0.0,3.29,0.1449,0.0,0.0
2881.0,128.69,10.15,0.0789,1.47,0.0114,3.55,0.0276,5.12,0.0398,0.0,0.0
36934.0,63.59,3.31,0.0521,1.19,0.0187,0.86,0.0135,1.27,0.02,0.0,0.0
142178.0,4.17,0.59,0.0595,0.09,0.0085,0.0,0.0,0.51,0.051,0.0,0.0
105103.0,37.74,1.07,0.0284,0.09,0.0023,0.24,0.0063,0.75,0.0198,0.0,0.0
324619.0,242.31,11.14,0.046,3.89,0.016,2.01,0.0083,5.24,0.0216,0.0,0.0
210523.0,3.76,0.05,0.0046,0.0,0.0,0.0,0.0,0.05,0.0046,0.0,0.0
142070.0,38.32,1.83,0.0477,0.84,0.0221,0.0,0.0,0.98,0.0257,0.0,0.0
210427.0,28.35,1.79,0.0631,0.33,0.0116,0.43,0.0153,1.03,0.0363,0.0,0.0
244091.0,42.81,5.6,0.1308,2.05,0.048,0.17,0.004,3.37,0.0788,0.0,0.0
175866.0,12.5,4.9,0.3921,1.73,0.1387,1.15,0.0923,2.01,0.1611,0.0,0.0
71479.0,26.13,1.89,0.0725,0.35,0.0134,0.0,0.0,1.54,0.0591,0.0,0.0
210519.0,23.14,4.17,0.1803,1.21,0.0522,0.0,0.0,2.96,0.1281,0.0,0.0
324797.0,258.8,17.19,0.0664,7.51,0.029,1.74,0.0067,7.94,0.0307,0.0,0.0
36933.0,189.56,8.23,0.0434,2.62,0.0138,1.01,0.0053,4.6,0.0243,0.0,0.0
210521.0,12.1,0.79,0.0652,0.79,0.0652,0.0,0.0,0.0,0.0,0.0,0.0
71377.0,19.93,0.4,0.0198,0.29,0.0144,0.0,0.0,0.11,0.0054,0.0,0.0
36935.0,58.6,3.44,0.0587,1.16,0.0199,0.96,0.0164,1.32,0.0225,0.0,0.0
416928.0,14.56,0.84,0.0576,0.2,0.0135,0.45,0.0306,0.2,0.0135,0.0,0.0
416929.0,9.27,1.01,0.1011,0.47,0.0468,0.08,0.0075,0.47,0.0468,0.0,0.0
2886.0,2.9,0.75,0.0748,0.11,0.0107,0.0,0.0,0.64,0.0641,0.0,0.0
324800.0,15.02,3.85,0.2565,1.26,0.0841,0.52,0.0345,2.07,0.1379,0.0,0.0
324799.0,11.15,4.16,0.3733,1.32,0.1182,0.9,0.0806,1.95,0.1745,0.0,0.0
244089.0,82.08,7.48,0.0912,2.99,0.0364,2.23,0.0271,2.27,0.0277,0.0,0.0
36931.0,73.24,7.17,0.0978,2.77,0.0378,2.37,0.0323,2.03,0.0277,0.0,0.0
243994.0,44.53,8.22,0.1846,2.54,0.057,2.03,0.0455,3.65,0.082,0.0,0.0
105191.0,78.81,9.04,0.1146,3.53,0.0448,2.75,0.0349,2.76,0.035,0.0,0.0
105268.0,165.49,17.06,0.1031,4.9,0.0296,3.49,0.0211,8.68,0.0524,0.0,0.0
175861.0,11.48,3.17,0.2764,0.9,0.0787,0.0,0.0,2.27,0.1976,0.0,0.0
243997.0,12.11,2.62,0.2161,0.78,0.0646,0.85,0.0705,0.98,0.081,0.0,0.0
142071.0,23.71,7.01,0.2959,1.37,0.0577,3.07,0.1297,2.57,0.1085,0.0,0.0
105105.0,47.59,10.59,0.2225,1.52,0.0319,4.28,0.0899,4.79,0.1007,0.0,0.0
175860.0,17.0,3.75,0.2203,0.92,0.0544,0.0,0.0,2.82,0.1659,0.0,0.0
299653.0,219.56,15.43,0.0703,8.23,0.0375,0.88,0.004,6.32,0.0288,0.0,0.0
243996.0,28.08,4.63,0.1648,1.49,0.0532,1.25,0.0444,1.89,0.0671,0.0,0.0
2782.0,15.01,0.88,0.0589,0.23,0.015,0.34,0.0228,0.32,0.0211,0.0,0.0
210428.0,46.32,2.29,0.0495,0.66,0.0144,0.0,0.0,1.63,0.0351,0.0,0.0
299654.0,9.97,1.94,0.1937,0.93,0.0934,0.0,0.0,1.0,0.1004,0.0,0.0
71383.0,10.03,5.49,0.5475,1.06,0.1056,1.78,0.1778,2.65,0.2642,0.0,0.0
71374.0,50.69,3.27,0.0645,0.9,0.0177,0.62,0.0122,1.75,0.0346,0.0,0.0
2789.0,43.04,3.15,0.0732,0.03,0.0007,1.04,0.0242,2.08,0.0483,0.0,0.0
299650.0,26.61,3.26,0.1226,1.43,0.0537,0.0,0.0,1.83,0.0688,0.0,0.0
175859.0,26.73,5.48,0.2049,1.82,0.0681,0.01,0.0005,3.64,0.1363,0.0,0.0
71554.0,34.32,6.96,0.2028,1.97,0.0574,1.61,0.047,3.38,0.0984,0.0,0.0
142177.0,4.9,1.27,0.1272,0.26,0.0257,0.0,0.0,1.01,0.1015,0.0,0.0
244094.0,1.34,4.37,0.4374,2.16,0.2159,0.62,0.0624,1.59,0.159,0.0,0.0
459333.0,3.43,2.54,0.2539,0.81,0.0813,0.0,0.0,1.73,0.1727,0.0,0.0
459327.0,28.24,4.67,0.1653,1.47,0.0521,0.26,0.0091,2.94,0.1042,0.0,0.0
459335.0,1.29,2.21,0.2212,0.61,0.0612,0.0,0.0,1.6,0.16,0.0,0.0
459336.0,1.83,2.24,0.224,0.64,0.0645,0.0,0.0,1.59,0.1595,0.0,0.0
459332.0,20.57,3.25,0.1578,0.96,0.0469,0.0,0.0,2.28,0.1109,0.0,0.0
414353.0,56.72,10.12,0.1784,0.61,0.0107,3.91,0.069,5.6,0.0987,0.0,0.0
414354.0,35.25,4.21,0.1194,0.09,0.0024,1.7,0.0483,2.42,0.0686,0.0,0.0
414361.0,11.67,4.46,0.3819,0.76,0.0649,1.32,0.1132,2.38,0.2038,0.0,0.0
418147.0,81.2,4.87,0.06,0.62,0.0077,1.4,0.0172,2.85,0.0351,0.0,0.0
418929.0,4.49,2.51,0.2509,0.72,0.0724,0.0,0.0,1.79,0.1785,0.0,0.0
418928.0,43.73,6.9,0.1577,2.9,0.0663,0.58,0.0134,3.41,0.0781,0.0,0.0
175848.0,176.67,10.96,0.062,5.32,0.0301,0.63,0.0036,5.01,0.0283,0.0,0.0
210412.0,84.68,9.49,0.1121,3.37,0.0399,0.58,0.0068,5.54,0.0654,0.0,0.0
2836.0,97.47,18.47,0.1895,3.93,0.0403,3.75,0.0385,10.8,0.1108,0.0,0.0
36455.0,48.44,3.5,0.0722,2.01,0.0416,0.44,0.009,1.04,0.0216,0.0,0.0
142119.0,45.11,7.01,0.1555,2.82,0.0625,0.09,0.0021,4.1,0.0909,0.0,0.0
298004.0,89.42,1.79,0.02,0.69,0.0077,0.1,0.0011,1.0,0.0111,0.0,0.0
175926.0,38.86,9.32,0.2398,2.28,0.0588,1.6,0.0412,5.43,0.1398,0.0,0.0
2970.0,64.35,12.57,0.1953,5.11,0.0794,1.31,0.0203,6.15,0.0956,0.0,0.0
210459.0,54.02,13.54,0.2507,3.5,0.0647,2.55,0.0472,7.5,0.1388,0.0,0.0
175863.0,17.72,3.53,0.1994,0.99,0.056,1.37,0.0773,1.17,0.0661,0.0,0.0
71529.0,18.02,4.79,0.266,1.71,0.0949,0.45,0.0251,2.63,0.146,0.0,0.0
210461.0,11.92,6.05,0.5074,0.87,0.0729,0.82,0.0692,4.35,0.3653,0.0,0.0
298006.0,41.07,6.59,0.1604,2.46,0.0599,0.96,0.0233,3.17,0.0772,0.0,0.0
299677.0,24.33,3.75,0.1543,1.42,0.0586,0.35,0.0142,1.98,0.0816,0.0,0.0
175862.0,20.54,7.58,0.3691,1.54,0.0751,2.82,0.1375,3.22,0.1565,0.0,0.0
105242.0,11.63,4.77,0.4103,2.07,0.1783,0.05,0.0047,2.64,0.2272,0.0,0.0
210422.0,17.84,5.04,0.2825,1.12,0.0628,1.1,0.0618,2.82,0.1579,0.0,0.0
299675.0,34.95,5.58,0.1596,2.39,0.0684,0.29,0.0083,2.9,0.0829,0.0,0.0
298009.0,17.71,1.64,0.0925,0.91,0.0513,0.34,0.0189,0.39,0.0223,0.0,0.0
142121.0,13.54,1.2,0.0883,0.32,0.0237,0.35,0.0256,0.53,0.039,0.0,0.0
298007.0,8.31,2.3,0.2303,0.95,0.0953,0.05,0.0055,1.3,0.1295,0.0,0.0
299651.0,5.64,2.61,0.2608,1.19,0.119,0.0,0.0,1.42,0.1418,0.0,0.0
71429.0,52.68,13.02,0.2471,3.16,0.06,1.26,0.024,8.59,0.1631,0.0,0.0
299649.0,3.68,2.42,0.2422,1.15,0.115,0.0,0.0,1.27,0.1271,0.0,0.0
298008.0,6.52,0.53,0.0526,0.26,0.0263,0.0,0.0,0.26,0.0263,0.0,0.0
36404.0,22.61,9.59,0.4243,2.91,0.1286,1.47,0.0649,5.22,0.2308,0.0,0.0
298005.0,101.93,3.41,0.0334,1.43,0.0141,0.31,0.003,1.67,0.0164,0.0,0.0
471694.0,54.65,12.21,0.2235,4.32,0.079,1.08,0.0197,6.82,0.1247,0.0,0.0
277675.0,71.53,15.13,0.2115,5.71,0.0798,2.08,0.0291,7.34,0.1026,0.0,0.0
210596.0,2.06,2.94,0.2936,1.28,0.1282,0.0,0.0,1.65,0.1653,0.0,0.0
244038.0,26.09,7.79,0.2988,3.17,0.1215,0.3,0.0117,4.32,0.1657,0.0,0.0
142120.0,25.54,8.6,0.3368,0.55,0.0214,2.17,0.085,5.88,0.2304,0.0,0.0
418930.0,33.59,10.2,0.3038,2.4,0.0715,1.97,0.0586,5.83,0.1737,0.0,0.0
210425.0,18.46,7.9,0.428,2.61,0.1415,1.44,0.0778,3.85,0.2087,0.0,0.0
308930.0,4.29,1.42,0.1418,0.96,0.0956,0.15,0.0154,0.31,0.0308,0.0,0.0
71379.0,20.7,0.39,0.0188,0.2,0.0097,0.09,0.0045,0.09,0.0045,0.0,0.0
243990.0,21.04,2.86,0.1361,1.37,0.0651,0.93,0.0443,0.56,0.0267,0.0,0.0
144226.0,7.13,0.73,0.0732,0.39,0.0385,0.15,0.0147,0.2,0.02,0.0,0.0
461744.0,37.47,0.59,0.0157,0.0,0.0,0.59,0.0157,0.0,0.0,0.0,0.0
459328.0,4.31,4.17,0.4169,1.41,0.1411,0.54,0.0543,2.22,0.2215,0.0,0.0
308929.0,21.27,4.25,0.1999,1.58,0.0745,1.18,0.0556,1.48,0.0698,0.0,0.0
142175.0,31.04,2.26,0.0728,0.93,0.03,0.59,0.0191,0.73,0.0237,0.0,0.0
175868.0,28.43,1.76,0.062,1.11,0.0391,0.24,0.0083,0.41,0.0146,0.0,0.0
220500.0,63.99,9.14,0.1429,1.68,0.0263,3.05,0.0477,4.41,0.0689,0.0,0.0
308893.0,12.29,1.66,0.1352,0.0,0.0,1.33,0.1081,0.33,0.0271,0.0,0.0
176380.0,61.81,10.19,0.1649,1.26,0.0203,5.07,0.082,3.87,0.0626,0.0,0.0
199209.0,5.46,2.93,0.2925,0.25,0.0247,1.09,0.1088,1.59,0.159,0.0,0.0
210423.0,11.22,6.59,0.5869,2.46,0.2194,1.98,0.1764,2.15,0.1911,0.0,0.0
319483.0,29.54,5.13,0.1738,1.16,0.0392,2.03,0.0687,1.95,0.0659,0.0,0.0
308932.0,27.92,5.24,0.1876,1.96,0.0701,1.39,0.0497,1.9,0.0679,0.0,0.0
142176.0,23.94,2.57,0.1073,0.48,0.0201,0.91,0.0381,1.17,0.0491,0.0,0.0
71585.0,413.94,0.0,0.0,0.0,0.0,0.0,0.0,0.0,0.0,0.0,0.0
465916.0,20.21,2.98,0.1474,0.16,0.0081,1.2,0.0595,1.61,0.0797,0.0,0.0
243991.0,65.24,14.21,0.2178,4.67,0.0716,3.35,0.0513,6.19,0.0948,0.0,0.0
308430.0,101.94,12.47,0.1223,3.81,0.0374,3.28,0.0322,5.37,0.0527,0.0,0.0
215002.0,14.19,1.61,0.1135,0.0,0.0,0.9,0.0633,0.71,0.0503,0.0,0.0
302085.0,4.46,3.13,0.3131,0.73,0.0731,1.34,0.1336,1.06,0.1064,0.0,0.0
71431.0,336.63,33.19,0.0986,9.58,0.0285,9.23,0.0274,14.38,0.0427,0.0,0.0
299696.0,420.63,27.81,0.0661,10.31,0.0245,6.64,0.0158,10.86,0.0258,0.0,0.0
105107.0,14.54,6.2,0.4264,1.79,0.1231,1.4,0.0965,3.01,0.2068,0.0,0.0
244002.0,23.65,7.68,0.3246,2.5,0.1057,1.81,0.0766,3.36,0.1423,0.0,0.0
244001.0,18.9,7.24,0.3828,2.59,0.1373,1.45,0.0768,3.19,0.1688,0.0,0.0
